BLS Code,Lebensmittelbezeichnung,Food name,ENERCC Energie (Kilokalorien) [kcal/100g],WATER Wasser [g/100g],"PROT625 Protein (Nx6,25) [g/100g]",FAT Fett [g/100g],"CHO Kohlenhydrate, verfügbar [g/100g]","FIBT Ballaststoffe, gesamt [g/100g]",CHOCAL Vitamin D3 (Cholecalciferol) [µg/100g],NA Natrium [mg/100g],CA Calcium [mg/100g],"SUGAR Zucker (Mono- und Disaccharide), gesamt [g/100g]","FASAT Fettsäuren, gesättigt, gesamt [g/100g]",CHORL Cholesterin [mg/100g]
C131000,"Hafer ganzes Korn, roh","Oat whole grain, raw",343,11.45,11.375,7.09,53.7,9.3,0,8,56.2,1.08,1.43,0
C133000,Hafer Flocken,Oat flakes,348,10.07,13.22,6.65,53.3,10.983,0,1.98,44,0.74,1.34,0
C141000,"Gerste ganzes Korn, roh","Barley whole grain, raw",332,12.7,11.244,2.1,62.6,8.7,0,18,34.6,1.71,0.53,0
C243000,Gerste Mehl,Barley flour,340,6.06,11.3,2,62.6,13,0,8,32,1.71,0.35,0
C341000,Mais roh,Maize raw,336,11.192,8.656,3.8,62.84,7.7,0,6,8.34,1.39,0.633,0
C443000,Mais Mehl,Maize flour,330,12,8.663,2.82,62.84,9.42,0,1,18,1.39,0.36,0
C352000,"Reis poliert, roh",White rice raw,351,11.88,7.931,0.62,77.1,2.5,0,15.77,5,0.28,0.13,0
C359000,"Reis parboiled, poliert, roh","Rice parboiled, raw",333,10.6,8.125,1.03,72.1,1.4,0,2,6,0.34,0.294,0
E401000,"Teigwaren eifrei, roh","Pasta egg-free, raw",346,10.37,12.4,1.6,68.833,3.406,0,3.1,27.9,2.015,0.233,0
E510000,"Vollkornteigwaren eifrei, roh","Wholemeal pasta egg-free, raw",356,9,14.3,2.93,62.9,10.2,0,4,36,2.8,0.429,0
F301100,Erdbeere roh,Strawberry raw,38,90.1,0.82,0.4,5.917,2,0,1,16,5.857,0.0313,0
F302100,Himbeere roh,Raspberry raw,43,86.1,1,0.3,5.2,4.7,0,<LOQ,13,5.2,0.0101,0
F331100,Maulbeere roh,Mulberry raw,51,86.4,1.37,0.39,8.1,1.7,0,6,38,8.1,0.03,0
G130100,Rucola roh,Rocket raw,21,92.5,3.6,0.4,0.0,1.7,0,30,216,0.0,0.066,0
G420100,"Stielmus/Rübstiel, roh","Turnip tops/greens, raw",18,92.5,1.5,0.3,0.81,3.2,0,40,190,0.81,0.07,0
G541100,"Gemüsepaprika grün, roh","Sweet pepper green, raw",38,94.467,1.08,0.24,6.88,2,0,5,7,6.51,0.061,0
G543100,"Gemüsepaprika rot, roh","Sweet pepper red, raw",36,92.1,1.025,0.2,6.19,2.2,0,1.25,8,6.19,0.0323,0
G611100,"Kohlrübe/Steckrübe, roh",Swede raw,22,89.4,1.25,0.16,2.3,2.9,0,10,36,1.39,0.022,0
G660100,Knollensellerie roh,Celeriac raw,30,90.433,1.55,0.33,2.77,4.2,0,77,41,2.11,0.066,0
G614100,"Weiße Rübe/Wasserrübe/Herbstrübe, roh",Turnip raw,40,89.91,0.99,0.22,6.58,3.49,0,58,44.6,5.67,0.03,0
H640100,"Alfalfasprossen/Alfalfakeimlinge, roh","Lucerne/alfalfa sprouts, raw",29,93.1,4,0.69,0.3,2.8,0,6,32,0.3,0.069,0
H662100,"Linsensprossen/Linsenkeimlinge, roh",Lentils sprouted raw,29,90.7,4.65,0.39,0.3,2.8,0,6,5.5,0.3,0,0
H861000,Tofu,Tofu,115,73.4,15.51,5.63,0.0,1.3,0,13,185,0.0,0.924,<LOD
H861100,Seidentofu,Silken tofu,46,89.4,4.57,2.9,0.0,0.6,0,7,21,0.0,0.45,0
M012100,Roquefort mind. 50 % Fett i. Tr.,Roquefort min. 50 % fat in dry matter,363,39.4,21.5,30.6,0.0,0,0,1496,662,0.0,19.49,72
M5B1600,Gorgonzola mind. 48 % Fett i. Tr.,Gorgonzola cheese min. 48 % fat in dry matter,329,49.4,18.65,28.06,0.0,<LOD,0,747,419,0.0,18.183,90.1
M881000,"Milchpulver mit hohem Fettgehalt (Sahnepulver, Rahmpulver)",Milk powder with high fat content (cream powder),586,3,21.6,42,28.3,0,0.84,270,790,28.3,21.9,142
M882000,Vollmilchpulver,Whole milk powder,483,3.5,24.687,26.2,35.1,0,1.243,371,1000,35.1,15.78,69.6
M884000,Magermilchpulver,Skimmed milk powder,347,3.52,34.287,0.48,50.5,0,0.025,557,1290,50.5,0.28,21.5
M886000,Buttermilchpulver,Buttermilk powder,363,3.1,32.719,6.75,42.12,0,0.12,354,894,42.12,3.54,71.1
N500900,Kaffeeersatzpulver,Coffee substitute powder,279,3.12,3.97,0.08,51.25,28.7,0,92.5,42.8,7.62,0,0
N540900,Zichorienkaffeepulver,Chicory coffee powder,304,3.12,6.8,1.6,51.25,28.7,0,156,109,7.62,0.176,0
P353100,Apfelwein,Cider,44,91.4,0,0,4.0,0,0,4,8,4.0,0,0
P752100,Obstbrand/Obstwasser,Fruit spirit,274,62.1,0,0,0.0,0,0,1,0,0.0,0,0
P712000,Wodka,Vodka,225,66.6,0,0,0.0,0,0,1,0,0.0,0,0
P741000,"Rum 37,5/40 % vol",Rum 37.5/40 % vol,214,66.6,0,0,0.0,0,0,1,0,0.0,0,0
S120000,Honig,Honey,305,17.5,0.4,0,74.091,<LOD or <LOQ,0,3,5,70.764,0,0
S121000,Blütenhonig (Nektarhonig),Blossom honey,318,18.6,0.38,0,78.557,0,0,2,6,77.647,0,0
T102100,Hering roh,Herring raw,150,78.4,17.2,9.005,0.0,0,16,96,52,0.0,2.343,60
T102600,Bückling (Hering) heiß geräuchert,Herring smoked,224,67.3,21.2,15.5,0.0,0,30,652,39,0.0,2.807,90
T106600,Sprotte geräuchert,Sprat smoked,243,62.2,19.4,18.4,0.0,0,32,785,170,0.0,4.443,90
T302100,Steinbutt roh,Turbot raw,82,80.4,16.7,1.73,0.0,0,5,114,17,0.0,0.303,24.6
T306100,"Heilbutt/Weißer Heilbutt, roh","Halibut/white halibut, raw",133,76.1,20.1,5.83,0.0,0,5,67,14,0.0,1.24,24.4
T501100,Karpfen roh,Carp raw,119,74.19,18,5.18,0.0,0,-,30,66,0.0,1.354,75
T502100,"Blei/Brachsen/Brasse, roh",Common bream raw,96,76.7,16.6,3.31,0.0,0,-,33,52.6,0.0,0.857,75
T601100,"Barsch/Flussbarsch, roh",European perch raw,79,79.5,18.4,0.6,0.0,0,2.9,47,110,0.0,0.098,72
T615100,"Rotbarsch/Goldbarsch, roh","Ocean perch/redfish, raw",92,77.9,15.3,3.47,0.0,0,2.9,80,22,0.0,0.712,29.6
T730100,Hummer roh,Lobster raw,81,79.8,15.9,1.9,0.0,0,-,270,61,0.0,0.2397,88.8
T753100,"Garnele/Granat/Krabbe, roh",Common shrimp raw,87,78.4,18.6,1.44,0.0,0,-,146,92,0.0,0.31794,134.575
T780100,Europäische Auster roh,European oyster raw,67,83,9,2.94,1.09,0,8,160,82,0.0,0.79,123
T792100,Miesmuschel roh,Common mussel raw,60,83.2,10.51,1.955,0.0,0,8,296,23.5,0.0,0.589,126
U505100,"Schwein Fettwamme, ohne Schwarten, geringer Magerfleischanteil (S XI) roh","Pork fat belly flank, without rind, low lean meat content (S XI) raw",645,24.41,6.3,68.82,0.0,0,0.92,49.6,2.5,0.0,28.54,43.68
U805800,"Schaf Fettgewebe, intermuskulär roh","Sheep fatty tissue, intermuscular, raw",637,25.8,5.06,68.5,0.0,0,0.3,34,5,0.0,31,75
U852100,"Schaf Brust, mittelfett, roh","Sheep breast, medium fat, raw",179,66,19.6,11.2,0.0,0,0.4,86,8,0.0,5.2,76
U853100,"Schaf Brust, fett, roh","Sheep breast, fat, raw",381,48,12,37,0.0,0,0.4,80,11,0.0,16.874,76
U861100,"Schaf Bug/Schulter, mager, roh","Sheep shoulder, lean, raw",140,73.8,19.7,6.76,0.0,0,0.2,70,15,0.0,2.3,64
U891100,"Schaf Hinterhaxe, mager, roh","Sheep hindshank, lean, raw",112,74.5,20.4,3.35,0.0,0,0,82,5,0.0,1.05,62
V132100,"Kaninchen Fleisch, roh","Domestic rabbit meat, raw",133,70.8,20.8,5.5,0.0,0,0,53,14,0.0,2.1,68
V232100,"Hase Fleisch, roh","Hare meat, raw",113,73.3,21.6,3.01,0.0,0,0,44,13.858,0.0,1.15,65
V523100,"Schwein Hirn, roh","Pork brain, raw",123,78,10.6,9,0.0,0,-,153,10,0.0,2.276,2550
V524100,"Schaf Hirn, roh","Sheep brain, raw",119,79.2,10.4,8.58,0.0,0,-,112,9,0.0,2.17,1350
C232000,Hafer Schrot,Oat coarse meal,343,11.45,11.375,7.09,53.7,9.3,0,8,56.2,1.08,1.43,0
C137000,Hafer Grütze,Oat groats,351,11.42,15.9,5.84,53.3,10.689,0,6.3,67,0.74,1.179,0
C233000,Hafer Mehl,Oat flour,360,9.35,14.238,7.15,53.2,12.8,0,6,54.7,0.61,1.37,0
C138000,Hafer Kleie,Oat bran flakes,371,10.07,15.6,7.7,53.3,12.9,0,1.98,44,0.74,1.5,0
C148000,Gerste Graupen,Pearl barley,313,11.6,10.399,1.36,62.6,4.6,0,5,17.6,1.71,0.343,0
C242000,Gerste Schrot,Barley coarse meal,332,12.7,11.244,2.1,62.6,8.7,0,18,34.6,1.71,0.53,0
C147000,Gerste Grütze,Barley groats,316,13,8.502,1.5,62.01,10.3,0,3,16,1.71,0.377,0
C143000,Gerste Flocken,Barley flakes,332,12.7,11.244,2.1,62.6,8.7,0,18,34.6,1.71,0.53,0
C146000,Gerste Grieß,Barley semolina,340,6.06,11.3,2,62.6,13,0,8,32,1.71,0.4,0
C446000,Mais Stärke,Maize starch,348,12.6,0.431,0.08,85.9,1,0,3,10,0.0,0.01,0
C453000,Reis Mehl,Rice flour,347,12.5,7.198,0.65,77.1,2,0,4,7,0.28,0.137,0
C351000,"Reis unpoliert, roh",Brown rice raw,360,13.1,8.384,2.7,73.43,4,0,3.906,13.8,0.73,0.4751,0
C346000,Mais Grieß,Maize semolina,330,12,8.663,2.82,62.84,9.42,0,1,18,1.39,0.36,0
C347000,Mais Grütze,Maize grits,330,12,8.663,2.82,62.84,9.42,0,1,18,1.39,0.36,0
E432000,Eierteigwaren roh,Egg pasta raw,342,9.45,13.2,2,66.093,3.38,0.15,500,73,1.638,0.804,2
F409100,Wald-Erdbeere roh,Wild strawberry raw,38,90.1,0.82,0.4,5.917,2,0,1,16,5.857,0.032,0
F306100,Loganbeere roh,Loganberry raw,36,85,1.1,0.3,3.4,4.7,0,3,35,3.4,0.01,0
F303100,Brombeere roh,Blackberry raw,49,87.5,1.3,0.2,10.2,3.2,0,1,16,5.4,0,0
F408000,Moltebeere roh,Cloudberry raw,43,86.1,1,0.3,5.2,4.7,0,0.5,13,5.2,0.01,0
F321100,"Johannisbeere rot, roh",Red currant raw,39,85.6,1.438,0.2,4.3,3.5,0,2,41,4.3,0.039,0
F307100,Boysenbeere roh,Boysenberry raw,48,87,0.5,0.3,7.01,4.7,0,0.5,25,7.01,0.01,0
F304100,Heidelbeere roh,Blueberry raw,61,86.5,0.5,0.6,9.7,4.9,0,2,11,9.7,0.0558,0
F411100,Wald-Himbeere roh,Wild raspberry raw,43,86.1,1,0.3,5.2,4.7,0,0.5,13,5.2,0.01,0
G553100,"Pfefferschote grün, roh","Chilli pepper green, raw",41,87.7,2,0.2,6.88,1.5,0,7,18,6.51,0.019,0
G542100,"Gemüsepaprika gelb, roh","Sweet pepper yellow, raw",28,92.9,0.8,0.2,4.422,2.2,0,1,6,4.422,0.0512,0
G554100,"Pfefferschote rot, roh","Chilli pepper red, raw",40,88,1.87,0.44,6.19,1.5,0,9,14,6.19,0.042,0
H650100,"Mungbohnensprossen/Mungbohnenkeimlinge, roh",Mung bean sprouts raw,19,93.1,3.2,0.3,0.3,1.24,0,5,3.7,0.3,0,0
H620100,"Sojabohnensprossen/Sojabohnenkeimlinge, roh",Soya bean sprouts raw,40,95.95,6.306,1.025,0.3,2.38,0,30,32,0.3,0.119,0
M012200,Feta mind. 45 % Fett i. Tr.,Feta min. 45 % fat in dry matter,284,55.4,15.68,24.09,0.0,<LOD,0,957,248,0.0,16.06,69.3
M502700,Edelpilzkäse mind. 50 % Fett i. Tr.,Blue cheese min. 50 % fat in dry matter,346,46,21.4,28.7,0.0,0,0.46,880,500,0.0,18.6,67
M502600,Edelpilzkäse mind. 45 % Fett i. Tr.,Blue cheese min. 45 % fat in dry matter,329,49.4,18.65,28.06,0.0,0,0,747,419,0.0,18.221,90.1
M502800,Edelpilzkäse mind. 60 % Fett i. Tr.,Blue cheese min. 60 % fat in dry matter,409,39,17.6,37.4,0.1,0,0.56,782,651,0.1,24.287,90
M887000,Süßmolkenpulver,Sweet whey powder,349,4.4,10.9,1.1,72.8,0,0.02,800,800,72.8,0.39,21.5
P350000,Fruchtwein (Obstwein),Fruit wine,43,91.4,0,0,4.0,0,0,4,8,4.0,0,0
P355000,Most,Apple must,37,91.4,0,0,1.6,-,0,4,8,1.6,0,0
P733000,Whisky/Whiskey,Whisky/whiskey,231,64.3,0,0,0.0,0,0,0.14,1.5,0.0,0,0
P742000,Arrak,Arrack,214,66.6,0,0,0.0,0,0,1,0,0.0,0,0
P743000,Rum 80 % vol,Rum 80 % vol,455,35,0,0,0.0,0,0,1,0,0.0,0,0
P7A4000,Agavenbrand (Mezcal/Tequila),Agave spirit (Mezcal/Tequila),234,66.6,0,0,0.0,0,0,1,0,0.0,0,0
P740000,Brand aus Zuckerrohr (Cachaca),Sugarcane spirit,214,66.6,0,0,0.0,0,0,1,0,0.0,0,0
P640000,Calvados,Calvados,227,62.1,0,0,0.0,0,0,1,0,0.0,0,0
P7A3000,Spirituosen mit Kümmel/Aquavit,Caraway-flavoured spirit drink or Kümmel/Aquavit,274,62.1,0,0,0.0,0,0,1,0,0.0,0,0
P754100,Obstgeist,Fruit geist,274,62.1,0,0,0.0,0,0,1,0,0.0,0,0
C549000,Gerstenmalzextrakt,Barley malt extract,359,24.2,4.4,0,73.8,-,0,10,22,50.6,0,0
S122000,Honigtauhonig (Waldhonig),Honeydew honey,362,18.6,0.38,0,85.927,0,0,2,6,77.647,0,0
T105100,Sardine roh,Sardine raw,151,74.4,19.4,8.15,0.0,0,3.95,136,50,0.0,1.8287,51
T033000,"Schillerlocken (Dornhai, Bauchlappen, heiß geräuchert)",Piked dogfish belly hot smoked,286,52.5,21.3,22.3,0.0,0,32,623,18,0.0,5.374,90
T106100,Sprotte roh,Sprat raw,186,64.9,16.7,13.3,0.0,0,32,90,170,0.0,4.738,109
T305100,"Goldbutt/Scholle, roh",Plaice raw,76,81.7,17.2,0.8,0.0,0,5,61.2,26,0.0,0.14,63
T307100,Schwarzer Heilbutt roh,Greenland halibut raw,161,75.708,13.217,12,0.0,0,15,86,18.5,0.0,2.147,24.4
T604100,"Katfisch/Steinbeißer, roh","Catfish/wolffish, raw",82,80.3,15.8,2.13,0.0,0,0.5,105,20,0.0,0.508,32.9
T512100,Schleie roh,Tench raw,77,76.5,17.7,0.74,0.0,0,-,33,63,0.0,0.21,75
T506100,Wels roh,European catfish raw,128,76.48,15.3,7.4,0.0,0,-,19,26,0.0,1.816,152
T507100,"Pangasius/Schlankwels, roh",Striped catfish raw,76,84.6,14.91,1.82,0.0,<LOD,0,234,10,0.0,0.7893,42.8
T603100,Zander roh,Pike-perch raw,86,78.4,20,0.66,0.0,0,2.9,24,54,0.0,0.146,72
T633100,Meeräsche roh,Grey mullet raw,108,74.1,20.4,2.89,0.0,0,2.9,69,53,0.0,0.93,81
T617100,Schafskopf (Meerbrasse) roh,Sheepshead raw,102,78,20.2,2.41,0.0,0,2.9,71,21,0.0,0.596,50
T710100,"Edelkrebs/Flusskrebs, roh",Crayfish raw,64,83.1,15,0.47,0.0,0,-,253,43,0.0,0.0674,158
T720100,Languste roh,"Spiny lobster/rock lobster/crawfish, raw",79,79.1,17.2,1.1,0.0,0,-,182,68,0.0,0.13,140
T791100,Große Sandklaffmuschel roh,Softshell clam raw,54,83.1,10.5,1.31,0.0,0,8,121,11.6,0.0,0.256,66
T797100,Venusmuschel roh,Venus clam raw,73,79,14.7,0.96,1.4,0,0,329,39,0.0,0.19,30
T793100,"Pilgermuschel/Jakobsmuschel, roh",Scallop raw,63,80,15.6,0.1,0.0,0,8,296,26,0.0,0.03,104
U605000,"Schwein Rückenspeck, kernig, ohne Schwartenzug (S VIII) roh","Pork back fat, firm, without rind (S VIII) raw",746,14.47,4.41,80.92,0.0,0,1,39.7,3.1,0.0,30.9,68.6
U605700,"Schwein Speck, ohne Schwartenzug (S VII) roh","Pork neck and back fat, without rind (S VII) raw",660,22.77,6.94,70.23,0.0,0,1.3,45.7,2.5,0.0,24.74,62.78
U605800,"Schwein Fettabschnitte, geringer Schwartenzug, sehr geringer Magerfleischanteil (S IX) roh","Pork fat trimmings, low rind content, very low lean meat content (S IX) raw",661,21.98,7.68,70.04,0.0,0,0.98,47.8,2.8,0.0,22.9,51.2
U807100,"Lamm Fettgewebe, intermuskulär roh","Lamb fatty tissue, intermuscular, raw",637,25.8,5.49,68.3,0.0,0,0.3,34,5,0.0,30.681,75
U783100,"Schaf Kochfleisch (Brust, fett) roh","Sheep meat for boiling (breast, fat) raw",381,48,12,37,0.0,0,0.4,80,11,0.0,16.8,76
U856100,"Hammel Brust, roh","Mutton breast, raw",381,48,12,37,0.0,0,0.4,93,9,0.0,16.874,76
U857100,"Lamm Brust, roh","Lamb breast, raw",290,58,16.3,25,0.0,0,0.4,80,11,0.0,11.4,75
U863100,"Schaf Bug/Schulter, fett, roh","Sheep shoulder, fat, raw",294,60.4,17.2,25,0.0,0,0.2,97,8,0.0,11.401,64
U867100,"Lamm Bug/Schulter, roh","Lamb shoulder, raw",121,74.5,19.8,4.6,0.0,0,0.2,70,15,0.0,1.578,61
U751100,"Schaf Gulasch (Bug, mager) roh","Sheep goulash (shoulder, lean) raw",140,73.8,19.7,6.76,0.0,0,0.2,70,15,0.0,2.32,64
U771100,"Schaf Bratenfleisch (Bug, mager) roh","Sheep meat for roasting (shoulder, lean) raw",140,73.8,19.7,6.76,0.0,0,0.2,70,15,0.0,2.32,64
U881100,"Schaf Keule, mager, roh","Sheep leg, lean, raw",128,72.2,22.6,4.2,0.0,0,0,64,13,0.0,2,64
U871100,"Schaf Vorderhaxe, mager, roh","Sheep foreshank, lean, raw",112,74.5,20.4,3.35,0.0,0,0,82,5,0.0,1.05,62
V242100,"Wildkaninchen Fleisch, roh","Wild rabbit meat, raw",104,73.8,20.9,2.32,0.0,0,0,50,11,0.0,0.73,80
V526100,"Hammel Hirn, roh","Mutton brain, raw",126,78,10.9,9.1,0.0,0,-,112,5.4,0.0,2.302,2200
C136000,Hafer Grieß,Oat semolina,360,9.35,14.238,7.15,53.2,12.8,0,6,54.7,0.61,1.37,0
C353100,Wildreis roh,Wild rice raw,363,9.18,13.14,0.953,73.43,4,0,5.81,19.28,0.73,0.162,0
H030400,"Glasnudeln aus Mungbohnenstärke, roh","Glass noodles made from mung bean starch, raw",350,13.76,0.237,0.056,85.9,2.67,0,15.6,18,0.0,0,0
C216000,Weizen Stärke,Wheat starch,335,12.3,0.431,0.14,82.5,1.2,0,2,<LOD or <LOQ,0.0,0.017,0
K230000,Kartoffelstärke (Kartoffelmehl),Potato starch (potato flour),338,15.5,0.614,0.1,83.1,1,0,8,35,0.0,0.034,0
C456000,Reis Stärke,Rice starch,344,13.8,0.819,0.08,85.0,0.2,0,11,20,0.0,0.017,0
C356000,Reis Grieß,Rice semolina,347,12.5,7.198,0.65,77.1,2,0,4,7,0.28,0.137,0
C559000,Reisnudeln roh,Rice noodles raw,365,11.9,7.198,0.56,81.9,1.6,0,97,18,0.28,0.12,0
E609200,Eierteigwaren Tortellini (Fleischfüllung) getrocknet,Egg pasta Tortellini (meat filling) dried,369,11.2,13.51,7.01,61.85,2.3,0,865,61.4,1.25,2.82,69
E609100,Eierteigwaren Tortelloni (Ricotta-Spinat-Füllung) getrocknet,Egg pasta Tortelloni (ricotta and spinach filling) dried,278,30.5,10.52,4.51,47.76,2,0,540,58.6,2.86,2.165,39
F413100,Wald-Brombeere roh,Wild blackberry raw,49,87.5,1.3,0.2,10.2,3.2,0,1,16,5.4,0,0
F407100,Moosbeere roh,Small cranberry raw,69,87.4,0.4,0.7,9.93,4.9,0,2,14.4,9.93,0.065,0
F401100,Preiselbeere roh,Lingonberry raw,43,86,0.6875,0.53,6.231,2.89,0,2,16,6.109,0.104,0
F322100,"Johannisbeere weiß, roh",White currant raw,45,83.8,1.1,0.2,6.1,3.5,0,2,26,6.1,0.039,0
F323100,Johannisbeere schwarz roh,Black currant raw,57,82.2,1.375,0.22,8.71,3.5,0,1.13,52,8.71,0.026,0
M052000,"Salzlakenkäse aus Kuhmilch, Hirtenkäse, mind. 45 % Fett i. Tr.","Brine cheese made from cow's milk, min. 45 % fat in dry matter",259,57.805,16.361,21,0.0,0,0,999,259,0.0,14,60.4
M3A4300,"Salzlakenkäse aus Schafmilch, mind. 20 % Fett i. Tr.","Brine cheese made from sheep's milk, min. 20 % fat in dry matter",161,66.585,18.846,9,0.0,0,0,1150,298,0.0,6.5,25.9
M053000,"Salzlakenkäse aus Ziegenmilch, mind. 45 % Fett i. Tr.","Brine cheese made from goat's milk, min. 45 % fat in dry matter",271,58,14.9,23,0.0,0,0,915,189,0.0,13.575,69.3
M6A6800,"Salzlakenkäse aus Schafmilch, mind. 45 % Fett i. Tr.","Brine cheese made from sheep's milk, min. 45 % fat in dry matter",283,54.697,15.445,24.09,0.0,0,0,957,248,0.0,15.173,69.3
M516700,Danablu mind. 50 % Fett i. Tr.,Danish Blue cheese min. 50 % fat in dry matter,354,44,21.5,29.5,0.0,0,0.44,1160,660,0.0,18.684,69
P721000,Spirituosen mit Wacholder,Juniper-flavoured spirit drink,231,64.3,0,0,0.0,0,0,0.14,1.5,0.0,0,0
P7A1000,Spirituosen mit Anis,Aniseed-flavoured spirit drink,231,64.3,0,0,0.0,0,0,0.14,1.5,0.0,0,0
P730000,Getreidebrand (Korn),Grain spirit,231,64.3,0,0,0.0,0,0,0.14,1.5,0.0,0,0
P620000,Weinbrand/Brandy,Brandy/Weinbrand,221,64.9,0,0,0.0,0,0,2,1.5,0.0,0,0
P722000,Gin,Gin,246,64.3,0,0,0.0,0,0,0.14,1.5,0.0,0,0
T402100,Stint roh,European smelt raw,85,79.99,17.4,1.7,0.0,0,3.95,156,50,0.0,0.364,71
T104100,Sardelle roh,Anchovy raw,204,75.3,20.1,13.7,0.0,0,32,104,82,0.0,4.322,109
T070100,Seeteufel roh,Anglerfish raw,66,83.5,14.9,0.76,0.0,0,5,109,6,0.0,0.154,24.9
T305200,"Goldbutt/Scholle, tiefgefroren",Plaice deep-frozen,76,80.4,16.4,1.2,0.0,0,5,147,17,0.0,0.2,66
T311100,Flunder roh,Flounder raw,88,81.4,16.5,2.39,0.0,0,5,160,59,0.0,0.553,48
T600100,Meerbarbe roh,Goatfish raw,98,76.3,20.1,2,0.0,0,2.9,71,21,0.0,0.228,50
T020100,Tintenfisch roh,Common cuttlefish raw,73,81,16.1,0.98,0.0,0,0,387,27,0.0,0.3,275
W412000,Schwein Speck/Rückenspeck (grüner Speck) roh,Pork bacon (loin) raw,746,13.1,4.41,80.92,0.0,0,1,39.7,3.1,0.0,30.88,68.6
U205800,"Rind Fettgewebe, intermuskulär roh","Beef fatty tissue, intermuscular, raw",671,20.2,8.2,70.9,0.0,0,1.3,29,2.5,0.0,32.21,70
U753100,"Schaf Gulasch (Bug, fett) roh","Sheep goulash (shoulder, fat) raw",294,60.4,17.2,25,0.0,0,0.2,97,8,0.0,11.4,64
U773100,"Schaf Bratenfleisch (Bug, fett) roh","Sheep meat for roasting (shoulder, fat) raw",294,60.4,17.2,25,0.0,0,0.2,97,8,0.0,11.4,64
U866100,"Hammel Bug/Schulter, roh","Mutton shoulder, raw",287,58,15.6,25,0.0,0,0.2,97,9,0.0,11.401,64
V122100,"Ziege Fleisch, roh","Goat meat, raw",127,72.75,20.55,5.005,0.0,0,0,64,9.5,0.0,1.597,67
U882100,"Schaf Keule, mittelfett, roh","Sheep leg, medium fat, raw",180,68,18.8,11.6,0.0,0,0,60,8,0.0,4.92,67
U741100,"Schaf Schnitzel (Keule, mager) roh","Sheep schnitzel (leg, lean) raw",128,72.2,22.6,4.2,0.0,0,0,64,13,0.0,2,64
U883100,"Schaf Keule, fett, roh","Sheep leg, fat, raw",234,64.2,18,18,0.0,0,0,67,10,0.0,8.21,70
F403100,Schlehe roh,Sloe raw,52,81.7,0.75,0.22,7.82,3.5,0,1.13,52,7.82,0,0
F406100,Holunderbeere roh,Elderberry raw,72,80.9,2.53,1.7,7.83,3.5,0,1,35,7.83,0.13,0
K512000,Tapioka/Tapiokastärke,Tapioca (granulated cassava starch),346,12.6,0.625,0.24,84.9,1,0,4,12,0.0,0,0
K213000,Kartoffelpüree Instantpulver,Potatoes mashed instant powder,329,6.95,7.4,0.467,70.7,6.05,0,138,34,0.0,0.166,0
K550000,Pfeilwurzelmehl/Marantastärke,Arrowroot flour,341,11.4,0.3,0.1,83.1,3.4,0,2,40,0.0,0.019,0
P610000,Cognac,Cognac,221,64.9,0,0,0.0,0,0,2,1.5,0.0,0,0
P7A2000,Spirituosen mit bitterem Geschmack (Bitter),Bitter-tasting spirit drink or bitter,325,53.6,0,0,0.0,0,0,0.14,1.5,0.0,0,0
V050100,Schnecken roh,"Snails edible/escargots, raw",68,80.6,14.4,1.2,0.0,0,0,70,10,0.0,0.215,50
T309100,Seezunge roh,Sole raw,87,80,17.5,1.86,0.0,0,5,100,29,0.0,0.542,50
T313100,Rotzunge roh,Witch raw,71,82.1,15.5,1,0.0,0,5,121,29,0.0,0.143,15
U405800,"Kalb Fettgewebe, intermuskulär roh","Veal fatty tissue, intermuscular, raw",671,20.2,8.2,70.9,0.0,0,1.3,29,2.5,0.0,32.21,70
U892100,"Schaf Hinterhaxe, mittelfett, roh","Sheep hindshank, medium fat, raw",180,68,18.8,11.6,0.0,0,0,60,8,0.0,3.6,67
U742100,"Schaf Schnitzel (Keule, mittelfett) roh","Sheep schnitzel (leg, medium fat) raw",180,68,18.8,11.6,0.0,0,0,60,8,0.0,4.9,67
U886100,"Hammel Keule, roh","Mutton leg, raw",234,64,18,18,0.0,0,0,78,10,0.0,8.21,70
K240400,Kartoffelkloß (aus rohen Kartoffeln) Trockenprodukt,Potato dumpling (from raw potatoes) dehydrated product,320,9.26,6.03,0.227,70.7,5.67,0,1390,35,0.0,0.08,0
K240500,Kartoffelkloß (aus gekochten Kartoffeln) Trockenprodukt,Potato dumpling (from boiled potatoes) dehydrated product,324,9.74,5.76,1.09,70.7,4.38,0,1200,63,0.0,0.387,0
T309200,Seezunge tiefgefroren,Sole deep-frozen,73,82.7,16.7,0.7,0.0,0,5,115,17,0.0,0.115,50
U872100,"Schaf Vorderhaxe, mittelfett, roh","Sheep foreshank, medium fat, raw",180,68,18.8,11.6,0.0,0,0,60,8,0.0,3.6,67
B121000,Roggenvollkornbrot,Wholemeal rye bread,193,46.4,6.04,1.81,32.49,9.62,<LOD,440.5,25.5,4.58,0.187,TR
B271000,Roggenmischbrot,Rye-wheat bread (> 50 % and < 90 % rye),218,37.6,7.38,0.97,41.96,6.1,0,588,29,1.26,0.256,<LOD
B311000,Weizenbrot/Weißbrot,White bread/wheat bread,272,31.4,8.69,2.97,50.54,4,<LOD,568.2,24,3.97,0.685,TR
B511000,Weizenbrötchen,Wheat roll,280,26.5,10.09,1.81,53.97,3.6,0,731,48.5,3.07,0.3866,<LOD
C114000,Weizen Keim,Wheat germ,324,11.7,28.48,8.34,24.54,18.46,0,0.7,46.9,2.49511,1.4,0
C118000,"Quinoa weiß, roh","Quinoa white, raw",361,11.7,12.56,6.29,59.65,7.6,0,3.5,35.9,1.75005,0.643,0
C211000,Weizen Vollkornmehl,Wheat wholemeal flour,339,12.85,12.76,1.78,61.78,12.27,0,0.7,32.9,0.74378,0.221,0
C212000,"Weizen Backschrot, Type 1700","Wheat coarse meal, Type 1700",341,13.07,12.52,1.8,62.39,12.56,0,0.7,34.1,1.13144,0.22,0
C213100,"Weizen Mehl, Type 812","Wheat flour, Type 812",352,13.09,12.44,1.38,69.29,6.54,0,2.2,22.5,0.48536,0.17,0
C213200,"Weizen Mehl, Type 1050","Wheat flour, Type 1050",352,12.88,13.08,1.7,67.91,6.4,0,0.7,26.2,0.52632,0.21,0
C213500,"Weizen Mehl, Type 1600","Wheat flour, Type 1600",339,12.54,14.52,2.44,59.27,11.07,0,0.7,36.2,0.68615,0.3,0
C214100,"Weizen Mehl, Type 405","Wheat flour, Type 405",348,13.59,10.46,0.93,71.77,5.3,0,0.9,10.8,0.30701,0.12,0
C214200,"Weizen Mehl, Type 550","Wheat flour, Type 550",349,13.66,11.94,1.09,70.55,4.86,0,0.7,18.4,0.46708,0.14,0
C217000,Weizen Kleie,Wheat bran,266,12.05,17.2,3.95,18.92,43.16,0,1.1,89.8,1.36327,0.533,0
C223100,"Roggen Mehl, Type 815","Rye flour, Type 815",323,11.5,7.54,0.92,65.17,11.88,0,0.7,24.7,1.107,0.1,0
C235000,Dinkel Vollkornmehl,Spelt wholemeal flour,335,11.86,13.42,2.3,60.13,10.15,0,1.2,54.4,1.046,0.237,0
C322000,Buchweizen roh,Buckwheat raw,339,13.3,13.05,3.13,61.86,5.53,0,0.3,14.3,1.05096,0.534,0
C332000,Hirse roh,Millet raw,352,12,11.79,3.13,67.6,3.3,0,0.4,8.2,0.55507,0.608,0
C515000,Cornflakes gesüßt,Cornflakes sweetened,366,6,6.24,1.75,79.35,4.19,0,345.5,2.4,1.29,0.236,<LOQ
C515400,Cornflakes ungesüßt,Cornflakes unsweetened,376,4.4,7.18,0.84,82.96,4.13,0,58.9,2.9,0.71,0.113,<LOQ
C532700,Reiswaffeln ungesalzen,Puffed rice waffles unsalted,371,3.8,8,2.42,77.47,3.63,0,5,9.4,0.42,0.42,0
C533100,Maiswaffeln gesalzen,Puffed maize waffles salted,389,5.2,7.98,3.93,79.4,2.22,0,104.5,1.9,0.0,0.516,TR
C534300,"Cerealien extrudiert, gesüßt, ungefüllt, mit Frucht-/Honig-/Karamell-/Schokogeschmack","Extruded cereals sweetened, unfilled, fruit/honey/caramel/chocolate flavoured",371,3.7,7.92,2.76,75.33,5.44,<LOD,218.8,71.3,26.62,0.784,<LOQ
C534500,"Cerealien extrudiert, gesüßt, divers gefüllt","Extruded cereals sweetened, variously filled",481,4.6,6.98,21.08,63.7,4.03,<LOD,118.5,24.3,39.0,5.959,<LOQ
C537000,"Weizenpops/Weizen gepufft, gesüßt","Wheat pops/wheat puffed, sweetened",372,3.2,9.34,1.8,76.52,5.64,<LOD,1.9,21.9,22.74,0.232,<LOQ
C539100,"Cerealien aus Vollkornweizenschrot, gesüßt, ungefüllt, Natur/Frucht/Schokolade","Wholemeal wheat cereals sweetened, unfilled, basic/fruit/chocolate",363,5.4,10.36,1.8,71.29,9.64,<LOD,1.8,32.8,15.2,0.219,<LOQ
C650000,Reisdrink ungesüßt,Rice drink unsweetened,59,88.8,0,1.04,12.31,0,<LOD,39,3.4,6.58,0.246,<LOQ
C660000,Haferdrink ungesüßt,Oat drink unsweetened,29,91.12,0.74,1.01,4.0,0.45,0,47.2356,4.37334,3.815,0.1245,0.027
D038000,Zwieback eifrei,Rusk egg-free,414,3.9,11.05,7.86,72.21,4.62,<LOD,269,30.7,13.29,1.86,46.33
H110600,Erdnuss geröstet,Peanut roasted,620,1.07,29,49.7,9.9,8.4,0,3,59.2,4.9,7.7,0
D064000,Salzbrezeln/Salzstangen (Laugendauergebäck),Salted pretzels/pretzel sticks (snack),389,1.5,11.54,4.3,73.72,4.17,<LOD,1610,27.8,2.41,0.423,TR
D630400,Butterkekse/Butterplätzchen (Mürbeteig),Shortbread biscuits,456,4,7.54,16.12,68.89,2.41,<LOD,328.5,28.3,27.06,9.923,27.1
E111100,Hühnerei roh,Chicken egg raw,135,76.36,13.175,9,0.34,0,1.8,154,52,0.34,2.437,350
E111500,Hühnerei Pulver,Chicken egg powder,562,6.13,46,41.8,0.56,0,5,521,190,0.56,11.62,1440
E112100,"Hühnerei Eigelb, roh","Chicken egg yolk, raw",345,51.1,15.6,31.3,0.21,0,7,52,149,0.21,8.51,1255
E112400,"Hühnerei Eigelb, getrocknet","Chicken egg yolk, dried",671,3.4,34.2,59.3,0.23,0,-,91,282,0.23,17.17,2430
E113100,"Hühnerei Eiklar, roh","Chicken egg white, raw",42,88,9.9,0.03,0.41,0,<LOD or <LOQ,185,6,0.41,0,<LOD or <LOQ
E113400,"Hühnerei Eiklar, getrocknet","Chicken egg white, dried",338,9.02,81.1,0.12,3.1,0,<LOD or <LOQ,1420,84,3.1,0,-
F081100,Rhabarber roh,Rhubarb raw,20,92.68,0.6,0.14,1.359,3.2,0,2,75,1.129,0.028,0
F110100,Apfel roh,Apple raw,58,83.554,0.424,0.5,11.7,2.275,0,1,5,10.487,0.201,0
F110400,Apfel getrocknet,Apple dried,242,32.2,1.29,<LOD,53.43,9.28,0,80.8,18,51.58,0,0
F201100,Aprikose roh,Apricot raw,42,84.61,0.8,0.13,8.22,1.54,0,2,21.9,7.42,0.0103,0
F201400,Aprikose getrocknet,Apricot dried,216,32.5,2.66,0.23,44.0,6.04,0,2.1,63.4,38.46,0,0
F203902,"Pfirsich gezuckert, Konserve, abgetropft","Peach sugared, canned, drained",65,84.9,0.54,<LOD,14.8,1.34,0,1.8,9.5,14.58,0,0
F212902,"Sauerkirsche gezuckert, Konserve, abgetropft","Sour cherry sugared, canned, drained",52,86.2,0.84,0.21,11.06,1.08,0,0.8,17.2,10.1,0,0
F220400,Pflaume getrocknet,Plum dried (prunes),205,37.2,2.29,<LOD,44.2,6.12,0,1.8,42.2,37.2,0,0
F402100,Hagebutte roh,Rose hip raw,111,78.8,3.6,0.6,16.2,6.1,0,24,160,16.2,0,0
F405100,Sanddornbeere roh,Sea buckthorn berry raw,51,83.7,1.42,3.2,2.4,3.6,0,4,8,2.3,0.3,0
F414400,"Cranberries getrocknet, gezuckert","Cranberries dried, sugared",287,18.5,0.53,0.34,68.61,3.9,0,15.3,15.3,67.46,0.032,<LOD
F501902,"Ananas gezuckert, Konserve, abgetropft","Pineapple sugared, canned, drained",61,85.6,0.4,<LOD,14.01,1.27,0,1.3,11.5,14.01,0,0
F502100,Avocado roh,Avocado raw,132,77.2,1.37,12.5,1.37,4.1,0,5,14,1.37,2.589,<LOD
F503100,Banane roh,Banana raw,79,74.4,1.319,0.4,15.89,2,0,0.52,6,13.89,0.0729,0
F504400,Dattel getrocknet,Date dried,356,9.4,2.64,0.36,79.3,11.16,0,4.7,50.6,78.92,0,0
F505100,Feige roh,Fig raw,52,80.2,1.3,0.5,9.6,2.02,0,1,54,9.6,0.089,0
F505400,Feige getrocknet,Fig dried,276,24,3.54,1.28,55.17,13,0,134,229,55.13,0.35,0
F506100,Granatapfel roh,Pomegranate raw,79,79.06,0.7,0.6,16.1,2.24,0,2,8,16.1,0,0
F507100,Kaki roh,Persimmon raw,67,81.875,0.7,0.3,14.125,2.46,0,1.6,11,14.125,0.049,0
F508100,"Maracuja/Passionsfrucht, roh",Passion fruit raw,57,82,0.71331,0.2,9.54,1.4,0,8.96,4.3,9.54,0.02353,0
F511100,Acerola roh,Acerola raw,16,89.2,0.21,0.23,2.66,-,0,3,11.7,2.66,0.05,0
F514100,Kiwi roh,Kiwi fruit raw,61,84.9,0.9,0.5,10.1,3.9,0,3,26,10.1,0,0
F515100,Litschi roh,Lychee raw,83,79.69,0.86,0.3,18.4,1.6,0,2,9.3,17.9,0,0
F516100,Mango roh,Mango raw,60,85.9,0.7,0.45,12.0,1.7,0,9,25,11.0,0.101,0
F517100,Papaya roh,Papaya raw,46,87.6,0.7,0.09,9.6,1.9,0,14,21,9.6,0.027,0
F523100,Brotfrucht roh,Breadfruit raw,100,73,1.3,0.3,22.529,0.9,0,8,28.75,2.9,0,0
F532100,"Netzmelone/Cantaloupmelone, roh","Musk melon/cantaloup, raw",25,91.4,0.84,0.19,4.5,0.8,0,10,9,4.5,0.05,0
F549100,Jackfrucht roh,Jackfruit raw,78,74.55,1.1,0.45,15.31,4.15,0,2,27,14.6,0,0
F553100,"Karambole/Sternfrucht, roh","Carambola/star fruit, raw",27,91.2,1.2,0.5,3.5,1.9,0,2,6,3.5,0,0
F556100,Kaktusfeige roh,Prickly pear raw,52,86.11,1,0.4,8.63,5,0,-,28,8.63,0,0
F563100,"Feijoa/Ananas-Guave, roh","Feijoa/pineapple guava, raw",53,84.2,0.8,0.42,8.4,6.4,0,3,11,8.2,0.103,0
F603600,Orangensaft,Orange juice,41,88.875,0.75,<LOD or <LOQ,8.5,0.31,0,2,20,8.5,0,0
F606902,"Mandarine gezuckert, Konserve, abgetropft","Mandarin sugared, canned, drained",72,84.5,0.51,0.31,16.15,0.51,0,5.1,14.9,16.15,0.054,0
F850100,"Bananenchips frittiert, gesüßt","Banana crips/banana chips, deep-fried, sweetened",490,4.4,1.88,30.32,49.35,5.16,0,0.8,16,10.7,26.25,0
G061000,Basilikum roh,Basil raw,23,92.1,3.15,0.64,0.31,1.6,0,4,177,0.31,0.041,0
G081100,Schnittlauch roh,Chives raw,29,83.3,2.6,0.74,1.54,2.6,0,9.6,116.3,1.54,0.094,0
G081400,Schnittlauch getrocknet,Chives dried,169,2,21.2,3.5,0.0,26.2,-,70,813,0.0,0.591,0
G104100,"Feldsalat/Rapunzel, roh",Lamb's lettuce raw,18,92.667,1.9,0.36,0.808,1.8,0,10.06,59.2,0.8,0.017,0
G105100,Kopfsalat roh,Butterhead lettuce raw,18,95.435,1.5,0.22,1.7,1.4,0,31,60,1.7,0.038,0
G106100,Radicchio roh,"Radicchio/red Italian chicory, raw",20,93.1,1.4,0.25,2.6,0.9,0,22,19,1.6,0.058,0
G107100,"Römischer Salat/Romanasalat, roh","Cos lettuce/Romaine lettuce, raw",14,94.3,1.2,0.13,1.3,1.6,0,9,25,1.3,0.04,0
G211100,Spinat roh,Spinach raw,18,91.678,2.067,0.3,0.93,1.8,0,50,81,0.75,0.03,0
G250400,Petersilienblatt getrocknet,Parsley leaf dried,238,5.9,26.6,5.5,7.3,26.7,-,452,1140,7.3,1.38,0
G261100,Brennnessel roh,Stinging nettle raw,46,83.315,7.37,0.61,1.309,3.11,0,-,713,0.847,0.091,0
G262100,Löwenzahn roh,Dandelion raw,34,89.1,3.13,0.62,2.44,3.02,0,76,168,2.349,0.079,0
G263100,Sauerampfer roh,Sorrel raw,25,89.166,3.19,0.36,1.16,1.95,0,-,58,0.723,0.036,0
G280100,Gartenkresse roh,Garden cress raw,31,87.255,4.2,0.7,0.23,3.52,0,12.63,166,0.23,0.093,0
G311100,Blumenkohl roh,Cauliflower raw,35,91.7,2.424,0.28,5.33,2.9,0,12,24,2.16,0.042,0
G312100,Broccoli roh,Broccoli raw,35,87.6,3.622,0.5967,2.3,3,0,26,43,1.38,0.1189,0
G341100,Rotkohl roh,Red cabbage raw,28,90.188,1.563,0.18,3.732,2.5,0,11,36,3.66,0.0334,0
G341900,Rotkohlgemüse (küchenfertig) Konserve,Red cabbage canned undrained,56,84.2,1.3,0.15,10.29,3.21,0,427.5,46,9.74,0.033,0
G342100,Weißkohl roh,White cabbage raw,32,92,1.382,0.19,4.54,3,0,5,44,4.4,0.0334,0
G345902,"Sauerkraut Konserve, abgetropft","Sauerkraut canned, drained",34,90.9,1.15,0.41,2.37,3.95,0,392.5,55,2.15,0.095,0
G431100,"Fenchelblatt/Bologneser Fenchel, roh","Roman fennel/sweet fennel, raw",33,86,2.43,0.3,3.24,4.19,0,86,109,2.75,0,0
G450100,Spargel roh,Asparagus raw,28,93.615,1.96,0.156,3.98,1.4,0,2.14,19.945,3.8,0.0279,0
G470100,"Porree/Lauch, roh",Leek raw,36,90.4,2.14,0.25,5.0,2.2,0,<LOQ,42,3.8,0.044,0
G530100,Okra roh,Okra raw,32,86,2.1,0.2,3.05,4.9,0,4,64,3.05,0,0
G561100,Tomate roh,Tomato raw,22,94.4,0.95,0.11,3.25,1.3,0,4,10,3.25,0.0216,0
G570100,Zuckermais roh,Sweetcorn raw,67,76,3.28,1.23,9.4,2.8,0,2,2.224,3.4,0.165,0
G570902,"Zuckermais Konserve, abgetropft","Sweetcorn canned, drained",79,80.2,2.71,1.94,10.84,3.59,0,149,2.9,6.22,0.384,0
G581100,Kürbis Pumpkin (C. pepo) roh,Pumpkin (C. pepo) raw,36,96.77,1.1,0.13,5.81,3.43,0,0.891,9.625,5.1,0.034,0
G582100,Zucchini roh,Courgette raw,22,95.7,1.3,0.287,3.0,1.1,0,1.08,20.4,2.0,0.068,0
G613100,"Rote Rübe/Rote Bete, roh",Beetroot raw,43,86.767,2.063,0.1,7.22,2.5,0,57,17,7.22,0.02,0
G620100,"Karotte/Möhre, roh",Carrot raw,40,88,0.84,0.4,6.471,2.9,0,22.7,21.1,6.37,0.093,0
G890702,"Salzgurke/Salzdillgurke, milchsauer fermentiert, abgetropft","Gherkin lactic acid fermented, drained",12,94.1,0.52,<LOD,1.38,0.7,0,899.5,24.2,1.36,0,0
G995000,Nori-Blatt geröstet,Sushi nori (toasted),261,4.6,38.26,4.36,1.76,30.6,<LOD,732,274,0.48,0.888,0
H012000,Sojalecithin,Soya bean lecithin,760,1,0,83,3.2,0,0,-,125,3.2,11.67,0
H880200,Erdnussbutter/Erdnusscreme,Peanut butter,606,1.6,24.08,47.78,16.09,7.44,<LOD,316.5,49,11.72,15.65,<LOQ
H130100,Haselnuss,Hazelnut,667,4.3,16.25,63.3,4.2,7.6,0,<LOD,149,3.85,5.267,<LOD
H150100,"Kokos Fruchtfleisch, roh","Coconut meat, raw",378,46.6,4.623,36.5,3.5,8.32984,0,35,10.9,3.5,31.84,-
H150400,"Kokos Fruchtfleisch, geraspelt, getrocknet","Coconut meat, grated, dried",676,2.19,7.38,65.2,7.8,14.8,0,20.1,12.7,7.1,61.637,<LOD
H151000,Kokoswasser (Fruchtwasser),Coconut water (liquid from coconuts),10,94.4,0.25,0.4,1.28,-,0,47,27,1.28,0.35,-
H170100,Cashewkern,Cashew nut,618,4.08,21.01,47.1,26.0,3,0,10,38,6.15,9.262,<LOD
H180100,Paranuss,Brazil nut,704,2.24,16.96,68.1,2.8,5.8,0,23.6,161,2.39,16.67,<LOD
H230100,Edelkastanie/Marone,Sweet chestnut,210,44.87,2.925,1.9,41.2,8.37,0,2,43.6,13.9,0.285,-
H250600,Pistazie geröstet ohne Fett,Pistachio nut roasted without fat,603,1.2,24.18,49.3,7.6,16.28,<LOD,2.6,92.7,6.62,11.76,<LOQ
H310100,Kürbiskern,Pumpkin seed,588,5.37,35.49,46.34,2.81,8.66,0,27.7,9.943,1.34,7.692,-
H739400,Gartenbohne reif,Haricot bean mature,344,11.3,22.6185,1.6,45.751,23.24,0,4,113,2.03,0.251,0
H765000,"Sojaschnetzel/Sojagranulat, texturiert, trocken","Plant-based mince, made from texturised soya protein, plain, dry",351,5.3,50.2,6.74,13.46,18.05,<LOD,1.6,302.5,13.46,1.048,<LOQ
H770100,Mungbohne reif,Mung bean mature,292,9.8,23.9,1.15,38.7,15.6,0,14,103,1.5,0.32,0
H800000,Mandeldrink ungesüßt,Almond drink unsweetened,24,96.33,0.87,2.159,0.2,0.13,0,51.004396,12.537363,0.173,0.186,0
H843200,"Dessert/Puddingalternative, pflanzlich",Plant-based dessert/pudding alternative,89,79.4,2.32,3.78,10.85,0.99,<LOD,26,17,10.82,2.38,TR
H844000,Soja-Joghurtalternative ungesüßt,"Plant-based yogurt alternative, made from soya, unsweetened",44,91.4,4.17,2.67,0.33,0,0,34.1,17.2,0.16,0.458,-
H845000,Sojakochcreme,"Plant-based cream alternative, made from soya (for boiling and refining)",157,79,2.2,15.7,1.4,0.5,0,53,13,0.0,1.6,0
H862200,Miso/Sojabohnenpaste,Miso/soya bean paste,174,44.9,10.6,10.5,6.2,6,0,4300,150,6.2,1.6,0
H880100,"Sonnenblumenkernaufstrich, Brotaufstrich pflanzlich",Sunflower seed spread,308,59.7,4.15,27.75,7.84,4.65,<LOD,449.5,41.6,6.66,2.448,<LOQ
H910300,Vegetarische Bratwurst (aus Tofu und Weizenprotein),Vegetarian bratwurst (made from tofu and wheat protein),195,59.7,18.38,9.79,5.31,5.47,<LOD,685.2,58.5,2.66,1.363,<LOQ
H910400,Veganes Schnitzel,Vegan schnitzel,297,42,15.6,18.55,13.57,5.8,<LOD,713,71.4,1.22,2.556,<LOQ
H930000,Veganer Aufschnitt (Wurstalternative),Vegan cold cuts alternative,195,60.5,16.8,11.25,4.67,2.8,<LOD,988,55.4,1.82,1.1884,<LOQ
H930200,"Vegetarischer Aufschnitt (Wurstalternative, mit Ei)","Vegetarian cold cuts alternative, with egg",179,65.8,7.88,13.41,2.5,7.58,<LOD,910,23.8,0.5,1.375,<LOQ
K110100,"Kartoffel geschält, roh","Potatoe peeled, raw",83,79.57,1.94,0.1,17.9,1.42,0,3.4,9,0.9,0.0354,0
K280100,"Kartoffelchips/Stapelchips, diverse Sorten",Potato crisps/potato chips (various types),526,1.9,5.5,34.3,45.88,4.8,<LOD,636,31.2,1.53,2.865,-
K410100,"Maniok/Cassava, roh","Manioc/cassava, raw",146,63.1,1,0.23,33.5,2.89,0,1,32.02,1.4,0,0
K420100,"Batate/Süßkartoffel, roh","Batata/sweet potato, raw",119,69.2,1.63,0.6,25.2,3.14,0,4,22.429,5.5,0,0
K430100,"Topinambur/Erdartischocke, roh","Jerusalem artichoke/topinambur, raw",55,83.4,2.44,0.41,4.0,12.07,0,-,15,4.0,0.095,0
K440100,Yamswurzel roh,Yam raw,123,68.91,2,0.13,25.7,5.56,0,10,25,0.7,0.046,0
K701100,Champignon roh,Button mushroom raw,28,90.88,3.66,0.274,2.9,1.9,0,41.33,6,0.2,0.0482,0
K703100,Morchel roh,Morel raw,29,89.62,2.488,0.32,0.6,7.01,0,2,11,0.6,0.055,0
K713100,Pfifferling roh,Chanterelle raw,26,87.008,3.91,0.271,0.551,3.27,0,3,3.6,0.161,0.049,0
K724100,Shiitakepilz roh,Shiitake mushroom raw,30,89.74,2.5,0.2,2.38,4.17,0,1,1,2.38,0,0
K740100,Austernpilz roh,Oyster mushroom raw,32,89.63,3.31,0.22,1.27,5.85,0,6,12,1.11,0.0306,0
K820000,"Vegetarische Pastete, Brotaufstrich hefebasiert","Vegetarian pate, spread yeast-based",229,62.6,4.95,18.15,7.9,6.75,0.66,459,26.9,2.62,4.747,<LOQ
M111200,"Milch fettarm, frisch, 1,5 % Fett, pasteurisiert","Milk low-fat, fresh, 1.5 % fat, pasteurised",44,89.6,3.49,1.54,3.86,0,0,35.2,121,3.86,1.012,6
M111300,"Vollmilch frisch, 3,5 % Fett, pasteurisiert","Whole milk, fresh, 3.5 % fat, pasteurised",62,87.5,3.55,3.49,4.03,0,0,34.9,117,4.03,2.209,13.9
M112300,"Rohmilch/Vorzugsmilch, mind. 3,5 % Fett","Certified raw milk, min. 3.5 % fat",67,87.24,3.262,3.78,4.716,0,0.074,48,120,4.716,2.3445,13.4
M113200,"H-Milch fettarm, 1,5 % Fett, ultrahocherhitzt","Milk low-fat, 1.5 % fat, ultra-heated",44,86.3,3.16,1.45,4.21,0,0,37.1,116.3,4.21,1.006,5.21
M113300,"H-Vollmilch 3,5 % Fett, ultrahocherhitzt","Whole milk, 3.5 % fat, ultra-heated",62,84.5,3.18,3.49,4.19,0,0,35.8,111.7,4.19,2.39,9.44
M141300,"Joghurt mild, mind. 3,5 % Fett","Yogurt mild, min. 3.5 % fat",67,86.6,3.98,3.46,4.13,0,<LOD,40,110.5,4.13,2.27,8.98
M173900,Schlagsahne mind. 36 % Fett,Whipping cream min. 36 % fat,363,56.9,2.2,38,3.0,0,0.41,30,70,3.0,24.267,110.6
M181100,"Kondensmagermilch max. 1 % Fett, gezuckert","Condensed milk max. 1 % fat, sweetened",269,29,10,0.2,56.7,0,-,180,340,56.7,0.1158,0.53
M181400,"Kondensmilch mind. 8 % Fett, gezuckert","Condensed milk min. 8 % fat, sweetened",322,27,7.91,8.7,52.9,0,0.2,112,288,52.9,5.2,32
M182500,Kondensmilch 10 % Fett,Evaporated milk 10 % fat,195,61.3,7.63,10.19,17.9,0.02,<LOD,126.5,249.2,17.75,6.649,33.3
M241100,"Joghurt mild, aus entrahmter Milch, max. 1 % Fett, mit Fruchtzubereitung, gesüßt","Yogurt mild, max. 1 % fat, with fruit preparation, sweetened",75,80.6,3.45,0.42,13.26,0.32,<LOD,50.2,116,12.25,0.146,<LOD
M241300,"Joghurt mild, max. 3,8 % Fett, mit Fruchtzubereitung, gesüßt","Yogurt mild, max. 3.8 % fat, with fruit preparation, sweetened",96,78.6,3.01,2.96,13.0,1.15,<LOD,41.6,108.5,12.1,1.917,8.04
M304600,Emmentaler mind. 45 % Fett i. Tr.,Emmentaler cheese min. 45 % fat in dry matter,374,38,27.5,29.15,0.0,0,<LOD,213,1159.1,0.0,20.244,70.45
M400600,Schnittkäse mind. 45 % Fett i. Tr.,Semi-hard cheese min. 45 % fat in dry matter,337,45.2,25.22,26.04,0.0,0,<LOD,539.5,776,0.0,18.092,84.6
M402600,Gouda 48 % Fett i. Tr.,Gouda cheese 48 % fat in dry matter,379,40.2,22.47,31.58,0.0,0,<LOD,868,862.7,0.0,22.53,50.35
M500600,Schnittkäse halbfest mind. 45 % Fett i. Tr.,Semi-soft cheese min. 45 % fat in dry matter,316,47.2,21.46,25.06,0.1,0.27,<LOD,626.5,659.5,0.0,16.015,74.8
M601800,Brie mind. 60 % Fett i. Tr.,Brie cheese min. 60 % fat in dry matter,329,47.7,15.22,29.7,0.01,0,<LOD,396.5,458,0.0,19.38,96.8
M602600,Camembert mind. 45 % Fett i. Tr.,Camembert cheese min. 45 % fat in dry matter,257,57,19.58,19.82,0.05,0,<LOD,558.2,557.5,0.0,13.725,67.3
M603500,Limburger mind. 40 % Fett i. Tr.,Limburger cheese min. 40 % fat in dry matter,249,54.2,21.18,18.22,0.019,0,<LOD,794,657,0.0,11.616,57
M6A3700,"Schnittkäse aus Ziegenmilch, mind. 50 % Fett i. Tr.","Semi-hard cheese made from goat's milk, min. 50 % fat in dry matter",384,43,19.16,33.63,0.022,0.42,<LOD,516.5,719.5,0.0,22.376,105
M6A9600,"Weichkäse aus Ziegenmilch, mind. 45 % Fett i. Tr.","Soft cheese made from goat's milk, min. 45 % fat in dry matter",285,54.6,17.86,22.66,1.92,0.62,<LOQ,591,285,1.77,16.231,57.6
M710800,"Frischkäsezubereitung Natur, mind. 60 % Fett i. Tr.",Cream cheese preparation min. 60 % fat in dry matter,252,65.6,6.6,23.25,3.69,0,<LOQ,284.5,91.4,3.69,14.808,68.7
M713100,"Speisequark Magerstufe, Magerquark < 10 % Fett i. Tr.",Quark < 10 % fat in dry matter,66,81.6,11.85,0.18,3.68,0,<LOD,33.6,132,3.68,0.114,4.1
M7A1600,"Frischkäse aus Ziegenmilch, Natur, mind. 45 % Fett i. Tr.","Cream cheese made from goat's milk, min. 45 % fat in dry matter",230,61.8,17.94,16.42,2.02,0,<LOQ,419.5,148,1.74,10.609,57.3
M810600,Schmelzkäsezubereitung 45 - 52 % Fett i. Tr.,Processed cheese preparation 45 - 52 % fat in dry matter,284,55,11.8,23.7,5.3,0,1.84,923.5,342,5.3,15.996,65.05
M827800,"Frischkäsezubereitung mind. 60 % Fett i. Tr., mit Gemüse/Kräutern","Cream cheese preparation min. 60 % fat in dry matter, with vegetables/herbs",234,63.6,5.57,21.46,3.89,0.58,<LOD,350,90,3.69,14.164,85
N019000,"Eistee mit Zitronen-/Pfirsichgeschmack, gesüßt","Iced tea lemon-peach-flavoured, sweetened",25,93.4,0,<LOD,6.2,0,<LOD,17.4,2.1,6.2,0,0
N110000,Trinkwasser,Drinking water,0,100,0,0,0.0,0,0,2.3,5.3,0.0,0,0
N410100,Kaffee (Getränk),Coffee (infusion),1,98.2,0.12,0,0.0,0.31425,0,4,7,0.0,0,0
N420100,Kaffee (Getränk) aus Instantpulver,Coffee (infusion) made from instant powder,2,98.4,0.33,<LOD,0.0,0.1,<LOD,8.5,13.4,0.0,0,0
N420900,Instantkaffeepulver,Coffee instant powder,150,4.2,19.5,1.2,4.1,22.3,0,48,156,0.0,-,0
N503900,"Cappuccino Instantpulver, gesüßt","Cappuccino instant powder, sweetened",403,2.44,10.34,10.9,60.5,1.8,0,681,326,51.4,10.614,6.28
N610100,Grüntee (Getränk),Green tea (infusion),0,99.7,0.1,0,0.0,0,0,2,5,0.0,0,0
N630000,Schwarztee (Getränk),Black tea (infusion),0,99.5,TR,0,0.0,0,0,2,5,0.0,0,0
P122000,"Malzgetränk, alkoholfrei","Malt drink, alcohol-free",43,85.1,0.38,0,10.32,0,0,2.4,4.3,8.35,0,0
P150000,Weizenbier kristallklar,Wheat beer filtered,40,91.91,0.496,TR,2.433,TR,0,1.3,6.6,0.058,0,0
P151100,"Hefeweizen/Weizenbier, naturtrüb","Wheat beer, naturally cloudy",42,91.59,0.614,TR,2.452,TR,0,1.3,5.6,0.077,0,0
P162000,Export hell,Pale export beer,42,91.68,0.485,TR,2.238,0,0,1.4,7,0.172,0,0
P163000,Pilsner Bier,Pilsner beer,38,92.47,0.422,<LOD or <LOQ,2.218,0,0,1.5,5.2,0.108,0,0
P167000,Schwarzbier,Black beer,39,91.64,0.502,TR,2.284,0,0,1.6,4.6,0.156,0,0
P210000,Weißwein trocken,White wine dry,64,89.1,0.1,<LOD or <LOQ,0.33,0,0,2,7.8,0.32,0,0
P220000,Weißwein halbtrocken,White wine medium dry,74,88,0.15,TR,1.288,0,0,2,8,1.288,0,0
P253000,Rotwein halbtrocken,Red wine medium dry,84,86.4,TR,TR,1.77,0,0,2,7.2,1.74,0,0
P2A3000,Rotwein trocken,Red wine dry,70,87.8,0.22,TR,0.7,0,0,1.6,6.2,0.67,0,0
P2A6000,"Qualitätsschaumwein, Sekt, trocken",Quality sparkling wine dry,75,93.1,0,<LOD,2.09,0,<LOD,2,7.1,2.08,0,0
P2B1100,Rosewein lieblich,Rose wine medium sweet,72,87.3,0.1,0,2.5,0,0,4,12,2.5,0,0
Q140000,Haselnussöl,Hazelnut oil,899,0,0,99.9,0.0,0,0,0,0,0.0,7.8,0
Q190000,Mandelöl,Almond oil,900,0,0,100,0.0,0,0,0,0,0.0,7.04,0
Q250000,Kürbiskernöl,Pumpkin seed oil,900,TR,0,100,0.0,0,0,0.4432,0.8301,0.0,16.6,2.6
Q611000,Butter mild gesäuert,Best quality butter,747,17,1.188,82.2,0.571,0,0.196,11,19,0.571,52.656,213
Q730000,Fischleberöl/Lebertran,Cod-liver oil,900,0,0,100,0.0,0,111,0.01,0.58,0.0,19.064,570
Q890000,Rinderfett/Rindertalg,Beef tallow/fat,897,TR,0.425,99.5,0.0,0,-,10,<LOD or <LOQ,0.0,47.58,89
Q901000,Tahin (Sesammus),Tahini made from sesame seeds,595,3,18,56,0.7,8.2,0,56,282,0.3,8.4,0
R111000,Speisesalz/Siedesalz/Tafelsalz,Common salt/table salt,0,0.1,0,0,0.0,0,0,38145,51.9,0.0,0,0
R118000,Nitritpökelsalz,Nitrite curing salt,0,TR,0,0,0.0,0,0,39600,2.05,0.0,0,0
R118100,Nitritpökelsalz jodiert,"Nitrite curing salt, iodised",0,TR,0,0,0.0,0,0,39600,2.05,0.0,0,0
R123100,Apfelessig,Apple cider vinegar,18,93.2,0.2,0,0.147,0,0,18,5.8,0.147,0,0
R132000,Senf mittelscharf,Mustard medium hot,111,76,5.51,6.96,2.94,4.5,<LOD,1310,98.3,2.76,0.496,TR
R141100,Tomatenketchup,Tomato ketchup,98,72.7,1.4,0.1,21.16,1.81,<LOD,760,18.6,20.82,0.032,<LOQ
R143000,Sojasauce/Sojasoße,Soya sauce,66,70,6.3,0.88,5.47,1.14,<LOD,4613,17.2,4.89,0.34,<LOD
R148600,"Feinkostsauce/Grillsauce, Mayonnaise-Basis","Barbecue sauce, mayonnaise-based",274,59,1.1,24.58,11.15,0.64,<LOD,557,16.6,8.89,7.954,14.6
R172000,Glutamat/Mononatriumglutamat/Natriumglutamat,Monosodium glutamate,0,-,0,-,0.0,-,0,13600,-,0.0,-,0
R231000,Basilikum getrocknet,Basil dried,211,10.4,23,4.07,1.71,37.7,0,76,2240,1.71,2.17,0
R258100,"Pfeffer schwarz, getrocknet","Pepper black, dried",304,9.9,10.92,2.77,46.07,25.5,<LOD,12.8,405.9,0.67,0.781,<LOD
R411000,Kutterhilfsmittel (E 450),Cutter additives phosphate-based (E 450),0,-,0,-,0.0,-,-,-,-,0.0,-,-
R421100,Backpulver,Baking powder,88,4,0.09,0.124,21.6,0,0,11800,17.68,0.0,-,0
R421200,"Hirschhornsalz (Ammoniumhydrogencarbonat, E 503)","Hartshorn (ammonium bicarbonate, E 503)",0,-,0,0,0.0,0,0,0,5,0.0,0,0
R421300,"Pottasche (99 % Kaliumcarbonat, E 501)","Potash (99 % potassium carbonate, E 501)",0,-,0,-,0.0,-,0,<LOQ,-,0.0,-,0
R434000,Sahnestandmittel,Whipped cream stabilizer,369,9,0.067,0.045,92.057,0.201,-,83,55,54.62,-,-
R458000,Backhefe getrocknet (Trockenbackhefe),Baker's yeast dried,334,5.08,40.4,7.61,14.3,23.3,-,51,30,0.0,1.001,0
R459000,Backhefe frisch (Frischbackhefe),"Baker's yeast fresh, pressed",128,82.2,16.7,1.2,10.0,5.18,-,34,22.667,0.0,0.158,0
R466000,Apfelpektin getrocknet,Apple pectin dried,186,2.1,1.5,<LOQ,32.0,24,0,-,-,32.0,-,0
R468000,Gelatine/Speisegelatine,Gelatine,341,12.8,85.1,0.1,0.0,0,0,165,146,0.0,0.042,0
R551000,Milchsäure 80 % (E 270),Lactic acid 80 % (E 270),240,20,0,0,0.0,0,0,-,-,0.0,0,0
R552000,Citronensäure/Zitronensäure (E 330),Citric acid (E 330),300,-,0,0,0.0,0,0,-,-,0.0,0,0
R553000,Ascorbinsäure (E 300),Ascorbic acid (E 300),0,-,0,0,0.0,0,0,-,-,0.0,0,0
R554000,Essigsäure 60 % (E 260),Acetic acid 60 % (E 260),180,40,0,0,0.0,0,0,-,-,0.0,0,0
R811000,"Fleisch Bouillon/Brühe/Suppe (Brühwürfel, Pulver)","Beef bouillon/stock/soup (stock cubes, powder)",207,2.2,7.24,6.48,27.76,2.82,<LOD,19595.5,38.2,0.83,3.54,4.3
R821000,"Gemüse Bouillon/Brühe/Suppe (Brühwürfel, Pulver)","Vegetable bouillon/stock/soup (stock cubes, powder)",195,2.3,5.82,5.8,27.91,2.9,<LOD,20692.5,63.9,0.4,2.68,<LOD
R822000,"Hühner Bouillon/Brühe/Suppe (Brühwürfel, Pulver)","Chicken bouillon/stock/soup (stock cubes, powder)",201,2,6.96,4.3,32.75,0.78,<LOD,22115,39.6,0.72,1.39,15.9
S111000,Zucker weiß (Raffinadezucker/Weißzucker),Sugar white (refined sugar),400,TR,0,0,100.0,0,0,5,0.6,100.0,0,0
S112000,Zucker braun (Kandisfarin/Rohzucker),Sugar brown (candyfarin/raw sugar),387,0.58,0,0,96.7,TR,0,2,55,96.7,0,0
S115100,Traubenzucker (Dextrose/Glukose),Dextrose/glucose),400,TR,0,0,100.0,0,0,-,0,100.0,0,0
S116000,Milchzucker (Laktose),Lactose,400,TR,0,0,100.0,0,0,-,46.5,100.0,0,0
S117000,Malzzucker (Maltose),Maltose,400,TR,0,0,100.0,0,0,-,-,100.0,0,0
S118000,Fruchtzucker (Fruktose),Fructose,400,TR,0,0,100.0,0,0,-,0.1,100.0,0,0
S145000,Nuss-Nougat-Creme,Nut nougat cream (spread),530,0.7,6.9,30.55,54.75,3.52,<LOD,28.6,121.5,53.07,9.171,41.05
S151000,Glukosesirup maltosehaltig,Glucose syrup containing maltose,413,20.5,0,0,79.5,-,0,-,-,31.8,0,0
S162000,Sorbit Pulver (E 420),Sorbitol powder (E 420),235,0.42,0,0,98.0,0,0,-,-,0.0,0,0
S163000,Xylit Pulver (E 967),Xylitol powder (E 967),238,0.4,TR,0,99.0,0,0,-,270,0.0,0,0
S164000,Mannit Pulver (E 421),Mannitol powder (E 421),240,0.6,TR,0,100.0,0,0,-,-,0.0,0,0
S170000,"Tafelsüße Tabletten (Süßstoffe: Cyclamat, Saccharin)","Table sweetener tablets (cyclamate, saccharin)",52,1.5,TR,0,0.0,0,0,13400,-,0.0,0,0
S171000,"Tafelsüße Flüssigsüße (Süßstoffe: Cyclamat, Saccharin)","Table sweetener liquid (cyclamate, saccharin)",0,81,TR,0,0.0,0,0,800,0,0.0,0,0
S242000,Schokoladeneis,Chocolate ice cream,232,54.6,3.62,10.48,29.25,2.41,<LOD,36.8,85,25.11,4.429,22.3
S242300,Walnusseis,Walnut ice cream,240,54.6,3.4,12.8,26.74,1.77,<LOD,34.2,80.2,22.21,8.392,18.1
S410000,Lakritze,Liquorice,311,21.8,5.21,0.5,70.64,1.27,TR,204,35.5,49.7,0.122,TR
S581100,"Milchschokoladen-Riegel gefüllt mit Karamell, gerösteten Erdnüssen und Candycreme","Milk chocolate bar filled with caramel, roasted peanuts and soft nougat",494,5.6,9.08,25.48,54.96,4.22,<LOD,261,97.6,45.54,14.835,38.14
S582200,Schokoladen-Schaumkuss,Chocolate kiss (chocolate coated egg meringue on waffle base),380,12.3,2.96,8.66,68.47,8.83,<LOD,40.4,18.4,47.5,4.35,1.5
S582500,Milchschokoladen-Riegel gefüllt mit Candycreme/mit Candycreme und Karamell,Milk chocolate bar filled with soft nougat/with soft nougat and caramel,446,7.4,3.72,17.05,68.7,0.82,<LOD,188.5,103.5,60.82,9.351,7.9
S582600,Vollmilchschokoladen-Riegel gefüllt mit Milchcreme,Whole milk chocolate bar filled with milk cream,565,3.8,7.51,40.26,39.39,6.67,<LOD,79,231.5,39.39,22.63,24.4
S711000,Kakaopulver schwach entölt,Cocoa powder lightly deoiled,365,4.62,22.61,19.8,10.9,26.32,0,292,154,0.9,12.371,<LOD
T041100,Aal roh,Eel raw,288,59.3,15.1,25.3,0.0,0,20,65,23.6,0.0,6.538,164
T045100,Dorschleber roh,Cod liver raw,549,37.4,4.4,59,0.0,0,100,48,7.5,0.0,10.91,800
T061100,"Hornfisch/Hornhecht, roh",Garfish raw,107,76.1,19.5,3.2,0.0,0,5.16,62,79,0.0,0.64,85
T093100,Kabeljaurogen roh,Cod roe raw,113,72.7,22.4,2.6,0.0,0,5.2,106,10,0.0,0.362,326
T107100,Makrele roh,Mackerel raw,149,68,18.6,8.31,0.0,0,8,153,20,0.0,1.696,82
T204100,"Dorsch/Kabeljau, roh",Cod raw,79,80.45,17.8,0.84,0.0,0,-,72,28,0.0,0.19,34.4
T207100,"Köhler/Seelachs, roh","Saithe/pollack, raw",99,78.8,19.32,2.39,0.0,<LOD,0,51.9,21,0.0,0.641,60
T410100,Lachs roh,Salmon raw,180,69.2,19.9,11.2,0.0,<LOD,3.8,31.9,11,0.0,2.398,58.3
T410600,Lachs geräuchert (Räucherlachs),Salmon smoked,170,66.9,21.25,9.2,0.16,0,0.94,1170,6.6,0.16,1.73,40.3
T422600,Forelle geräuchert,Trout smoked,137,69.8,21.2,5.52,0.0,0.03,9.52,839,14.6,0.0,0.9,73.3
T811100,Matjesfilet (Heringsfilet) nordische Art,Matjes fillet (herring fillet) Nordic style,177,67,14.64,12.6,0.0,0,22.25,3460,71.4,0.0,2.29,58.2
T822900,"Heringsfilet in Tomatencreme/Tomatensauce, Konserve","Herring fillet in tomato sauce, canned",205,65.5,13.5,14.6,4.46,0.27,4.48,372.5,53.2,4.14,3.86,93.65
T890100,Surimi (Krebsfleischimitat aus Fischmuskeleiweiß geformt),Surimi (crab meat imitation),89,73.9,7.77,3.63,6.25,<LOD,0,871,26.2,6.25,0.4171,13.6
T900262,"Tintenfischringe paniert, tiefgefroren, gebacken (Ofen)","Common cuttlefish rings, breaded, deep-frozen, baked (oven)",284,44.6,10.62,15.44,21.54,1.52,<LOD,992,32.1,0.0,1.2791,77
U020100,"Schwein Hackfleisch, roh","Pork mince, raw",271,59.25,17.88,22.14,0.0,0,<LOQ,52.7,3.8,0.0,7.391,57.72
U209100,"Rind Blut, roh","Beef blood liquid, raw",72,80.5,17.8,0.13,0.0,0,-,330,6,0.0,0,190
U281100,"Rind Keule, roh","Beef round, raw",148,71.4,21,7.1,0.0,0,0.4,60,6,0.0,2.223,52.4
U507100,"Schwein Fettbacke, ohne Schwartenzug (S VI) roh","Pork fat jowl, without rind (S VI) raw",425,45.02,13.16,41.37,0.0,0,0.74,57.8,4,0.0,16.83,102.85
U508100,"Schwein Maske, ohne Mager- und Fettbacke (S XII) roh","Pork mask, without lean and fat jowl (S XII) raw",315,53.88,19.1,26.46,0.0,0,0.67,114.3,10.7,0.0,9.87,58.65
U605900,"Schwein Wamme, mittelfett, ohne Schwartenzug (S X) roh","Pork belly flank, medium fat, without rind (S X) raw",489,39,11.43,49.28,0.0,0,1.1,49.2,3.3,0.0,21.69,75.91
U608300,"Schwein Schwarte, gekocht","Pork rind, boiled",237,59.49,28.71,13.58,0.0,0,0.4,58.7,14.1,0.0,4.556,53.59
U609100,"Schwein Blut, roh","Pork blood, raw",75,79.2,18.5,0.11,0.0,0,-,207,6.329,0.0,0,40
U611100,"Schwein Filet/Lende, roh","Pork tenderloin, raw",118,73.09,22.79,2.97,0.0,0,<LOD,49,4.9,0.0,0.91,58.63
U622100,Schwein Kotelett (Rücken/cranial) roh,Pork loin (cranial part) raw,175,67.75,21.02,10.08,0.0,0,<LOQ,48.7,6.2,0.0,3.398,55.83
U624100,Schwein Kotelett (Rücken/caudal) roh,Pork loin (caudal part) raw,115,73.18,23.56,2.35,0.0,0,<LOD,43.8,3.5,0.0,0.763,49.57
U642100,Schwein Bauch (wie gewachsen) roh,Pork belly (untrimmed) raw,324,53.05,17.74,28.06,0.0,0,<LOQ,60.9,4.8,0.0,10.048,61.17
U651100,"Schwein Brustspitze, roh","Pork breast tip, raw",196,66.13,19.66,13.07,0.0,0,<LOQ,69.6,8,0.0,4.912,66.48
U664100,Schwein Dicker Bug (mit Fett und Schwarte) roh,Pork shoulder (with fat and rind) raw,198,65.79,20.4,12.92,0.0,0,<LOQ,56.9,3.6,0.0,4.206,60.31
U665100,Schwein Dünner Bug (ohne Fett und Schwarte) roh,Pork shoulder (without fat and rind) raw,135,73.02,20.51,5.83,0.0,0,<LOD,64.2,4.2,0.0,1.81,62.82
U666100,Schwein Restbug (Teile) roh,"Pork shoulder strips, raw",121,74,21.51,3.83,0.0,0,<LOD,61.7,4,0.0,1.225,60.31
U672100,"Schwein Vordereisbein/Vorderhaxe, roh",Pork foreshank (hock) raw,200,65.42,22.99,12.06,0.0,0,<LOQ,100.5,5.8,0.0,3.822,78.73
U681700,"Schwein Rohschinken, mager, Rohpökelware, geräuchert","Pork ham raw, lean, raw cured, smoked",138,62.4,28.45,2.02,0.12,0.03,<LOD,2220,5,0.11,0.7,65.05
U682700,"Schwein Rohschinken, mit Fettrand, Rohpökelware, geräuchert","Pork ham raw, with fat, raw cured, smoked",270,53.2,24.05,18.85,0.14,0.03,<LOD,1855,4.7,0.13,6.738,72.1
U684100,"Schwein Nuss, roh","Pork thick flank, raw",109,75.31,21.77,2.43,0.0,0,<LOD,54.3,3.6,0.0,0.736,57.1
U685100,"Schwein Hüfte/Schinkenspeck, roh","Pork rump, raw",127,72.8,22.28,4.23,0.0,0,<LOD,47.5,3.5,0.0,1.396,57.11
U686100,Schwein Unterschale (mit Rolle) roh,"Pork silverside, raw",222,63.28,19.9,15.79,0.0,0,<LOQ,57.4,3.5,0.0,5.238,59.95
U687000,Schwein Oberschale (ohne Deckel) roh,Pork topside,115,74.13,23.01,2.51,0.0,0,<LOD,47.7,3.6,0.0,0.781,54.25
U693100,"Schwein Hintereisbein/Hinterhaxe, roh",Pork hindshank (hock) raw,222,63.61,20.12,15.7,0.0,0,<LOQ,84.9,5.1,0.0,5.281,70.04
U821100,"Schaf Rücken, roh",Sheep loin (chop) raw,120,74.8,21.6,3.77,0.0,0,0,60,4,0.0,1.19,64
U831100,"Schaf Hals/Kamm/Nacken, roh","Sheep scrag, raw",180,68.6,18.1,11.9,0.0,0,-,66,18,0.0,5.7,69
U985200,Rindfleischbrühe Konserve,Beef stock canned,8,97.6,1.48,0.22,0.0,0,-,255,4,0.0,0.11,0
V414100,"Hähnchen ganz, entbeint, mit Haut, roh","Chicken whole, boneless, with skin, raw",186,68.52,18.37,12.53,0.0,0,<LOQ,64.5,11.1,0.0,3.05,85.36
V513100,"Schwein Herz, roh","Pork heart, raw",117,76.5,16.9,5.53,0.0,0,0.32,110,4.8,0.0,2.07,71.03
V522100,"Kalb Hirn, roh","Veal brain, raw",109,80.4,10.1,7.6,0.0,0,-,158,12,0.0,1.923,2000
V531100,"Rind Leber, roh","Beef liver, raw",131,69,19.21,3.66,5.3,0,1.7,116,5.8,0.0,1.149,257
V532100,"Kalb Leber, roh","Veal liver, raw",86,71.6,14.9,1.15,4.1,0,0.33,87,8.7,0.0,0.361,229
V533100,"Schwein Leber, roh","Pork liver, raw",131,71.46,20.96,4.77,1.0,0,0.36,99.7,5.4,0.0,1.497,174.3
V541100,"Rind Lunge, roh","Beef lungs, raw",98,77.5,18.1,2.9,0.0,0,-,198,11.286,0.0,0.893,234
V544100,"Schaf Lunge, roh","Sheep lungs, raw",90,79.7,16.7,2.6,0.0,0,-,157,10,0.0,0.8,-
V564100,"Schaf Milz, roh","Sheep spleen, raw",97,78.2,17.2,3.1,0.0,0,-,84,9,0.0,1.6,250
V565100,"Lamm Milz, roh","Lamb spleen, raw",97,78.2,17.2,3.1,0.0,0,-,84,9,0.0,1.6,250
V575100,"Lamm Niere, roh","Lamb kidney, raw",87,79.8,16.1,2.54,0.0,0,0.1,159,8,0.0,0.77,342
V584100,"Schaf Bries, roh","Sheep sweetbread, raw",81,80.6,13.2,3.16,0.0,0,0.6,59,4,0.0,1.6,210
V593100,"Schwein Zunge, roh","Pork tongue, raw",190,68.32,17.27,13.44,0.0,0,0.47,93,7.1,0.0,4.394,102.95
V614100,"Hähnchen Herz, roh","Chicken heart, raw",165,75.5,13.09,12.5,0.0,0,0.86,105,5.2,0.0,3.115,164.7
V634100,"Hähnchen Leber, roh","Chicken liver, raw",112,76.7,17.44,4.15,1.2,0,0.68,112,5.9,0.0,1.182,324
V654100,"Hähnchen Magen, roh","Chicken stomach, raw",82,81.21,15.9,2,0.0,0,0.1,81.8,8.6,0.0,0.576,180.1
W112200,Streichmettwurst/Streichmettwurst mit Zwiebeln,"Mettwurst sausage/Mettwurst sausage with onions, spreadable",231,62.4,12.1,19.8,0.22,0,<LOD,1030,8.8,0.22,7.262,68.5
W121100,Teewurst fein/grob/Rügenwalder Art,"Teewurst sausage finely/coarsely minced/Rügenwalder style, spreadable",373,42.8,12.72,35.6,0.0,0,<LOD,1155,7.4,0.0,12.33,58.15
W147000,Geflügelsalami mit Pflanzenfett,Poultry salami with vegetable fat,307,50.3,20.35,24.35,0.009,0.48,<LOD,1515,23.8,0.0,9.334,78.8
W211200,Wiener Würstchen,Vienna sausage,289,58.7,12.9,26.15,0.0,0,<LOD,816.2,11.7,0.0,9.218,66.75
W231100,Lyoner/Lyoner Wurst,Lyon sausage,281,59.8,12.25,25.5,0.25,0,<LOD,805,6.8,0.24,9.012,60.6
W233000,"Fleischkäse einfach, fein/Original Bayerischer Leberkäse fein",Fleischkaese sausage,282,59.8,13.5,24.9,0.57,0,<LOD,904,6.2,0.57,9.026,62.25
W255400,Bierwurst/Blasenwurst,Bierwurst sausage,275,59,13.73,24,0.46,0.18,<LOD,736,8.6,0.46,8.652,47.25
W310000,Delikatess Leberwurst/Feine Leberwurst/Gutsleberwurst,Liver sausage finely minced,357,48.4,12.3,33.15,2.05,0,<LOD,750,5.6,1.915,12.123,134
W331000,Mettwurst gekocht,Mettwurst sausage cooked,315,53.6,16.32,27.42,0.26,0,<LOD,704,15.2,0.14,10.123,43.2
W443000,"Lachsschinken, Rohpökelware, geräuchert","Pork loin lean rolled, raw cured, smoked",123,67.2,24.43,2.08,0.76,0,<LOD,1535,4.1,0.74,0.71,64.8
D650600,Lebkuchen schokoliert,Chocolate gingerbread,399,12.4,6.74,11.5,64.64,3.92,<LOD,93,49.3,40.79,6.566,2.2
X411243,Hühnerbrühe,Chicken stock,5,98,0.5,0.3,0.0,0,-,340,4,0.0,0.1,0
X416243,Gemüsebrühe,Vegetable stock,4,98,0.32,0.1,0.54,0,-,268,4,0.54,0.1,0
H410100,Leinsamen,Linseed/flax seed,470,7.5,22.27,36.5,1.7,22.7,0,56.8,206,1.21,3.597,<LOD
X4A1000,Fischbrühe,Fish stock,8,97,1,0.4,0.0,0,-,295,17,0.0,0.1,0
Y183013,Fleischbrühe (Rind),Beef stock,3,97,0.4,0.2,0.0,0,-,225,4,0.0,0.1,0
H120100,Walnuss,Walnut,721,4.2,16.07,70.6,3.0,4.6,0,<LOD,87.3,2.68,6.516,<LOD
S241000,Vanilleeis,Vanilla ice cream,194,62.3,2.38,10.16,22.64,0.34,<LOD,41.4,79.6,18.14,7.356,25.2
H420100,Sesam,Sesame seed,565,5.2,20.896,50.4,1.42,11.18,0,45,783,1.2,7.55,-
H430100,Sonnenblumenkern,Sunflower seed,564,3.77,26.11,47.6,4.8,5.8,0,<LOD,85.7,3.45,4.75,<LOD
H450100,Mohn,Poppy seed,528,5,23.821,42.2,2.99,20.5,0,21,1413,2.99,4.8,-
H510802,"Oliven grün, gesäuert, abgetropft","Olives green, pickled, drained",132,67.85,1.21,13.55,0.0,2.36,0,1693,46,0.0,2.35,-
H610100,Bambussprossen roh,Bamboo shoots raw,17,91,2.5,0.3,0.96,-,0,6,15,0.96,0.055,0
M150000,Buttermilch,Buttermilk,39,91,3.23,0.56,4.73,0,0,37.6,103,4.73,0.39,7.4
G250100,Petersilienblatt roh,Parsley leaf raw,33,84.85,4.088,0.36,1.31,4.25,0,125.5,138,0.85,0.043,0
G332100,Rosenkohl roh,Brussels sprouts raw,40,82.7,4.45,0.34,2.26,4.4,0,9,35,1.58,0.0511,0
G480100,Speisezwiebel roh,Onion raw,34,89.7,1.156,0.15,6.01,1.4,0,9,25,6.01,0.025,0
G510100,Aubergine roh,Aubergine raw,19,93.108,0.57,0.18,3.02,1.4,0,4,8,2.69,0.039,0
G520100,Gurke roh,Cucumber raw,16,97,1.062,0.2,1.97,0.9,0,3,19,1.97,0.067,0
G640100,Pastinake roh,Parsnip raw,59,80.2,2.6875,0.43,9.7,2.13,0,8,46,3.061,0.065,0
G710100,"Bohne grün, roh","Bean green, raw",28,90.39,2.238,0.24,3.4,1.89,0,1.98,65,2.26,0.071,0
G730100,"Dicke Bohne unreif, roh","Broad bean immature, raw",63,82.1,5.4,0.6,6.2,5.8,0,19,22,1.3,0.138,0
G760100,"Erbse grün, roh","Pea green, raw",88,82.435,5.9,0.48,12.303,5,0,2,27,1.303,0.099,0
G761100,Zuckererbse roh,Sugar pea raw,38,89.4,3.6,0.2,4.4,2,0,16,81,3.16,0,0
H910500,Vegetarische Wiener Würstchen,Vegetarian Vienna sausages,248,53.6,21.6,15.07,5.45,1.8,<LOD,707.5,91,3.21,1.876,<LOQ
U632100,"Schwein Kamm, roh","Pork neck, raw",175,68.96,19.21,10.9,0.0,0,<LOQ,54.3,3.7,0.0,4.061,63.1
B122000,Roggenvollkornschrotbrot,Coarse wholemeal rye bread,193,46.4,6.04,1.81,32.49,9.62,0,440.5,25.5,4.58,0.17,0
B783012,Weizentortilla,Wheat flour tortilla,296,26.9,8.85,7.85,46.639,1.2,0,617,66.1,1.33,2.838,<LOD
B314000,Weizentoastbrot/Buttertoastbrot,Wheat toast/butter toast,261,35.25,8.29,3.59,46.8,3.947,0,598,15.8,3.7,2.186,3.99
C530100,"Amaranth gepufft, ungesüßt","Amaranth puffed, unsweetened",393,7.4,13.24,5.9,66.92,9.51,0,1.1,162,0.61743,1.37,0
C335000,Amaranth roh,Amaranth raw,377,10.2,14.04,5.93,62.38,8.76,0,0.7,170.9,1.29791,1.42,0
C118100,"Quinoa tricolore, roh","Quinoa tricolore, raw",369,10.8,13.33,6.2,60.17,9.72,0,1.2,39.4,1.72972,0.607,0
C530200,"Quinoa gepufft, ungesüßt","Quinoa puffed, unsweetened",380,8.4,9.04,3.3,75.65,5.79,0,3.4,31.9,1.12453,0.356,0
C219000,Hartweizen Vollkornmehl,Durum wheat wholemeal flour,346,11.92,14.4,2.32,60.94,11.76,0,0.7,36,1.07092,0.352,0
C241000,Einkorn Vollkornmehl,Einkorn wheat wholemeal flour,337,11.94,13.93,2.86,58.9,10.07,0,0.7,41,1.17664,0.282,0
C531000,"Weizen gepufft, ungesüßt","Wheat puffed, unsweetened",368,3,15.4,2,67.5,9,0,2,25,0.9,0.3,0
C240000,Emmer Vollkornmehl,Emmer wheat wholemeal flour,342,12.52,13.09,2.34,63.27,7.94,0,0.7,32.4,1.11436,0.254,0
C111000,"Weizen ganzes Korn, roh","Wheat whole grain, raw",331,12.65,12.8125,1.833,59.213,13.26,0,8,29.4,1.053,0.308,0
C219300,Hartweizen Grieß,Durum wheat semolina,352,13.33,13.36,1.48,68.92,4.84,0,0.7,24.4,1.0625,0.22,0
C215000,Weizen Dunst,Wheat middlings (dunst),355,13.81,10.64,0.82,73.72,4.91,0,0.7,14.4,0.84562,0.1,0
C218000,Weichweizen Grieß,Soft wheat semolina,355,13.84,10.72,0.88,73.97,4.06,0,0.7,15.2,0.76504,0.1,0
C223200,"Roggen Mehl, Type 997","Rye flour, Type 997",321,11.86,7.74,1.05,63.73,12.7,0,0.7,26.7,1.2982,0.11,0
C126000,Roggen Grieß,Rye semolina,323,11.5,7.54,0.92,65.17,11.88,0,0.7,24.7,1.107,0.1,0
C221000,Roggen Vollkornmehl,Rye wholemeal flour,312,11.5,9,1.33,56.56,18.98,0,0.7,35.6,1.816,0.146,0
C223300,"Roggen Mehl, Type 1150","Rye flour, Type 1150",319,11.88,8.03,1.14,61.74,14.82,0,0.7,28.2,1.4757,0.12,0
C223600,"Roggen Mehl, Type 1740","Rye flour, Type 1740",315,11.36,8.98,1.27,57.46,18.66,0,0.7,35.8,2.039,0.13,0
C223400,"Roggen Mehl, Type 1370","Rye flour, Type 1370",318,11.41,8.85,1.22,59.18,17.66,0,0.7,33.2,1.78,0.13,0
C222000,"Roggen Backschrot, Type 1800","Rye coarse meal, Type 1800",312,12.4,9,1.37,55.91,19.86,0,0.7,35.8,1.846,0.14,0
C238000,Dinkel Grieß,Spelt semolina,342,13.02,12.52,1.81,65.75,6.13,0,0.7,18.2,0.66693,0.203,0
C236000,"Dinkel ganzes Korn, roh","Spelt whole grain, raw",337,12.82,14.25,2.45,58.82,11.53,0,0.7,25.7,1.04027,0.24,0
C235100,Dinkel Vollkornschrot,Spelt coarse meal,338,13.49,14.85,2.42,58.73,11.09,0,0.7,27.4,1.04101,0.24,0
C234000,"Dinkel Mehl, Type 630","Spelt flour, Type 630",352,12.75,13.17,1.38,68.35,6.52,0,0.7,17.9,0.44354,0.15,0
C311000,"Grünkern ganzes Korn, roh","Green spelt whole grain, raw",329,10.54,11.07,2.68,59.18,12.16,0,0.7,27.6,2.48354,0.396,0
C234200,"Dinkel Mehl, Type 1050","Spelt flour, Type 1050",348,12.51,13.87,2.16,65.06,6.66,0,0.7,23.2,0.83842,0.22,0
C234100,"Dinkel Mehl, Type 812","Spelt flour, Type 812",352,12.68,13.7,1.57,67.58,6.25,0,0.7,19.5,0.56084,0.17,0
C237000,Dinkel Kleie,Spelt bran,270,12.22,17.06,5.88,18.24,38.14,0,0.7,67.2,2.58956,0.683,0
C421000,Buchweizen Vollkornmehl,Buckwheat wholemeal flour,355,14.1,11.703,2.71,68.201,5.53,0,1,33,1.05096,0.405,0
C424000,Buchweizen Mehl,Buckwheat flour,350,12,12.52,3.12,65.08,5.91,0,0.3,15.4,1.0183,0.501,0
C422000,Buchweizen Schrot,Buckwheat coarse meal,339,13.3,13.05,3.13,61.86,5.53,0,0.3,14.3,1.05096,0.46,0
C327000,Buchweizen Grütze,Buckwheat groats,322,11.8,13.05,1.55,61.16,5.53,0,1,12,0.349,0.233,0
C432000,Hirse Schrot,Millet coarse meal,352,12,11.79,3.13,67.6,3.3,0,0.4,8.2,0.55507,0.59,0
C333100,Hirse Flocken,Millet wholegrain flakes,352,12,11.79,3.13,67.6,3.3,0,0.4,8.2,0.55507,0.59,0
C433000,Hirse Mehl,Millet flour,378,13.3,11.6,4.25,71.6,3.5,0,12,21,1.7,0.536,0
C515100,"Cornflakes gesüßt, angereichert mit Vitaminen","Cornflakes sweetened, fortified with vitamins",366,6,6.24,1.75,79.35,4.19,0,345.5,2.4,1.29,0.23,0.5
C532000,"Reis gepufft, ungesüßt","Rice puffed, unsweetened",365,3.8,7.5,2.3,77.47,2,0,5,9.4,0.42,0.399,0
C533000,Popcorn ungesüßt,Popcorn unsweetened,338,3.7,12,4.4,55.3,14.8,0,6,8,0.86,0.6,0
C546000,Tortillachips (Nachos),Tortilla chips (Nachos),471,2.54,5.96,21.2,61.9,4.4,0,330,18.3,0.6,9.729,<LOD
C534100,"Cerealien extrudiert, gesüßt, ungefüllt, mit Zimtgeschmack","Extruded cereals sweetened, unfilled, cinnamon flavoured",424,3,8.36,9.38,73.36,5.14,<LOD,127,28.4,23.41,3.46,<LOQ
C534400,"Cerealien extrudiert, gesüßt, ungefüllt, mit Frucht-/Honig-/Karamell-/Schokogeschmack, angereichert mit Vitaminen und Mineralstoffen","Extruded cereals sweetened, unfilled, fruit/honey/caramel/chocolate flavoured, fortified with vitamins and minerals",371,3.7,7.92,2.76,75.33,5.44,0,218.8,531,26.62,0.79,0.5
C534600,"Cerealien extrudiert, gesüßt, divers gefüllt, angereichert mit Vitaminen und Mineralstoffen","Extruded cereals sweetened, variously filled, fortified with vitamins and minerals",481,4.6,6.98,21.08,63.7,4.03,0,118.5,1022,39.0,5.96,0.5
C539200,"Cerealien aus Vollkornweizenschrot, gesüßt, ungefüllt, Natur/Frucht/Schokolade, angereichert mit Vitaminen und Mineralstoffen","Wholemeal wheat cereals sweetened, unfilled, basic/fruit/chocolate, fortified with vitamins and minerals",363,5.4,10.36,1.8,71.29,9.64,0,1.8,32.8,15.2,0.22,0.5
C650200,"Reisdrink ungesüßt, angereichert mit Vitaminen und Calcium","Rice drink unsweetened, fortified with vitamins and calcium",59,88.8,0,1.04,12.31,0,0,39,120,6.58,0.24,0.5
C660200,"Haferdrink ungesüßt, angereichert mit Vitaminen, Calcium und Jod","Oat drink unsweetened, fortified with vitamins, calcium and iodine",29,91.12,0.74,1.01,4.0,0.45,0,47.2356,120,3.815,0.11,0.027
D630600,Doppelkekse mit Kakaocremefüllung,Shortcake biscuits sandwiched with cocoa-cream filling,471,2.6,5.37,17.59,71.18,2.86,<LOD,152.5,23.8,27.71,8.959,<LOQ
E141100,Gänseei roh,Goose egg raw,177,70.4,13.9,13.3,0.34,0,1.7,138,60,0.34,3.6,852
E106100,Wachtelei roh,Quail egg raw,135,76.36,13.175,9,0.34,0,1.8,154,52,0.34,2.437,350
E151100,Putenei roh,Turkey egg raw,163,72.5,13.7,11.9,0.34,0,1.8,151,99,0.34,3.63,806
E112500,"Hühnerei Eigelb, Pulver","Chicken egg yolk, powder",671,3.4,34.2,59.3,0.23,0,-,91,282,0.23,17.168,2430
E113500,"Hühnerei Eiklar, Pulver","Chicken egg white, powder",338,9.02,81.1,0.12,3.1,0,0,1420,84,3.1,0,-
F140100,Quitte roh,Quince raw,53,83.1,0.42,0.5,8.2,5.92,0,2,10.3,6.977,0.037,0
F130100,Birne roh,Pear raw,58,83.608,0.3,0.29,13.16,2.8,0,0.778,8,10.08,0.0388,0
F923900,"Apfelkompott/Apfelmark, ungesüßt, Konserve","Apple sauce/apple compote, unsweetened, canned",63,87.3,0.4,0.27,14.07,1.14,0,0.4,4,11.1,0.044,0
F120100,"Apfel geschält, roh","Apple peeled, raw",43,82.47,0.3,0.13,8.9,2.19,0,1,5,7.5,0.019,0
F404100,"Eberesche süß, roh",Sweet rowanberry raw,73,71.7,1.3,1.2,12.7,6,0,0.6,48,4.1,0.1,0
F529100,"Japanische Wollmispel/Loquat, roh","Japanese medlar/loquat, raw",48,87,0.55,0.2,9.8,2.07,0,4,19,8.58,0.043,0
F150100,Mispel roh,Medlar raw,45,80.8,0.5,0.2,9.2,2.07,0,4,22,8.58,0.038,0
F120400,"Apfel geschält, getrocknet","Apple peeled, dried",242,32.2,1.29,0,53.43,9.28,0,80.8,18,51.58,0,0
F220100,Pflaume roh,Plum raw,48,87.071,0.3,0.17,10.71,1.7,0,0.8,8,8.1,0.022,0
F202100,Nektarine roh,Nectarine raw,48,86.7,1.06,0.2,9.2,1.7,0,0.5,8,8.2,0,0
F203100,Pfirsich roh,Peach raw,39,87.439,0.7,0.11,8.02,1.7,0,0.687,6,6.99,0.01,0
F203400,Pfirsich getrocknet,Peach dried,282,24,4.9,0.6,54.11,12.79,0,2.1,44,47.845,0.054,0
F545100,Kochbanane roh,Plantain raw,130,64.3,1.18,0.07,29.5,2.2,0,3,6,7.7,0.116,0
F524100,Cherimoya roh,Cherimoya raw,79,74.1,1.54,0.3,15.89,2,0,8,13,13.89,0,0
F840100,Rosine/Sultanine (Weinbeere getrocknet),Raisin/sultana (grape dried),288,19,2.7,1,61.8,5.4,0,11,52,60.9,0.2,0
F572100,Tamarillo roh,"Tamarillo/tree tomato, raw",75,86,1.7,0.8,14.125,2.46,0,1.6,12,14.125,0.239,0
F552100,"Kapstachelbeere/Physalis, roh",Cape gooseberry raw,81,82.5,2.3,1.1,14.125,2.46,0,1.6,12,14.125,0.1,0
F564100,Mangostane roh,Mangosteen raw,67,81.3,0.6,0.6,14.125,1.4,0,1,15,14.125,0.179,0
F559100,Rambutan roh,Rambutan raw,63,82,1,0.1,13.7,1.5,0,1,20,13.7,0,0
F533100,Honigmelone roh,Honeydew melon raw,46,91,0.505,0.1,10.09,1.13,0,14,6,10.07,0.00932,0
F535100,Wassermelone roh,Watermelon raw,35,92.55,0.6,0.4,6.96,0.2,0,3,8,6.72,0.04911,0
F513100,Guave roh,Guava raw,45,83.5,0.9,0.5,6.0,5.2,0,4,17,5.82,0.143,0
F508600,Maracujasaft/Passionsfruchtsaft,Passion fruit juice,51,82,0.8,0.4,10.04,0.31,0,14.6067,24.6933,10.04,0.046,0
F603100,Orange roh,Orange raw,49,87,1,0.2,8.85,2.2,0,2,39,8.85,0.0278,0
F604600,Grapefruitsaft,Grapefruit juice,37,90.975,0.53,0.1,7.305,0.31,0,1,12,7.305,0.022,0
F606600,Mandarinensaft,Mandarin juice,49,88.4,0.9,0.3,9.59,0.31,0,2,19,9.59,0.042,0
F110600,Apfelsaft,Apple juice,44,88.05,0.097,<LOD or <LOQ,10.585,0.31,0,6,5,9.585,0,0
G102100,"Endivie/Escariol, roh","Endive/escarole, raw",13,94.185,1.25,0.2,0.83,1.22,0,43,54,0.83,0.035,0
G101100,Chicoree roh,Witloof chicory raw,20,90.58,2.39,0.18,1.3,1.3,0,46,80,0.92,0.03,0
G108100,"Schnittsalat/Pflücksalat, roh",Looseleaf lettuce raw,15,96.1,1.2,0.1,1.26,1.83,0,28,47,1.232,0.017,0
G460100,Portulak roh,Purslane raw,14,92.162,1.482,0.34,0.587,1.6,0,2,95,0.192,0,0
G220100,Bleichsellerie roh,Stalk celery raw,17,95.1,1.2,0.1,1.5,2.553,0,78,40,1.4,0,0
G103100,Eisbergsalat roh,Iceberg lettuce raw,15,96.03,0.8,0.2,1.62,1.8,0,9,19,1.62,0.05,0
G230100,Mangold roh,"Chard/leaf beet, raw",17,92.3,1.85,0.28,0.872,1.8,0,216.9,76.7,0.69,0.028,0
G212100,Gemüseamaranth roh,Chinese spinach raw,20,87,2.46,0.33,0.93,1.8,0,20,215,0.75,0.086,0
G213100,Neuseeländer Spinat roh,New Zealand spinach raw,15,94,1.5,0.2,0.93,1.8,0,130,58,0.75,0.03,0
G410100,Artischocke roh,Artichokes raw,44,82.5,2.4,0.12,2.69,10.79,0,47,53,2.51,0,0
G350100,Romanesco roh,Romanesco broccoli raw,35,91.7,2.424,0.28,5.33,2.9,0,12,24,2.16,0.042,0
G322100,Grünkohl roh,Curly kale raw,53,83.932,4.16,0.67,3.32,8.39,0,25,286,2.6404,0.103,0
G343100,Wirsing roh,Savoy cabbage raw,37,88.232,2.779,0.32,4.1,2.8,0,9,64.222,3.5,0.057,0
G344100,Spitzkohl roh,Pointed cabbage raw,31,92.5,1.21,0.18,4.54,3,0,18,47,4.4,0.022,0
G321100,Chinakohl roh,Chinese white cabbage raw,18,94.3,1.8,0.2,1.38,1.7,0,13,75,1.242,0.012,0
G331100,Kohlrabi roh,Kohlrabi raw,28,91.6,1.94,0.16,3.88,1.5,0,20,59,3.704,0.028,0
G345100,"Sauerkraut abgetropft, roh","Sauerkraut drained, raw",23,90.7,1.125,0.31,0.99,2.14,0,476,44,0.77,0.072,0
G440100,Palmenherz roh,"Palm heart, raw",32,69.5,2.7,0.2,3.98,1.4,0,14,18,3.8,0.04,0
G482100,"Frühlingszwiebel/Lauchzwiebel, roh",Spring onion raw,27,88,1.9,0.19,3.0,2.6,0,12,56,2.8,0.032,0
G490100,Knoblauch roh,Garlic raw,97,65.413,6.05,0.42,3.0,28.297,0,7.8678,14.42,2.0,0.063,0
G488100,Silberzwiebel roh,Silverskin onion raw,34,89.7,1.156,0.15,6.01,1.4,0,9,25,6.01,0.024,0
G486100,Frühlingszwiebel/Lauchzwiebel (ohne Laub) roh,"Spring onion, bulb only, raw",32,86.8,0.9,0.15,5.99,1.4,0,13,140,5.99,0.025,0
G484100,Perlzwiebel roh,Pearl onion raw,34,89.7,1.156,0.15,6.01,1.4,0,9,25,6.01,0.024,0
G485100,Schalotte roh,Shallot raw,33,90.025,2,0.1,3.2,5.4243,0,11,30,3.2,0.016,0
G568900,"Tomate geschält, Konserve","Tomato peeled, canned",24,94,1.2,0.3,3.25,0.9,0,4,10,3.25,0,0
G581000,Kürbis Hokkaido (C. maxima) roh,Hokkaido pumpkin raw,30,84.446,1.4,0.2,5.298,0.78,0,7,31.6,4.59,0.047,0
G583100,Chayote roh,Chayote raw,34,93.2,0.78,0.1,5.81,3.43,0,2,13.5,5.1,0.025,0
G650100,Schwarzwurzel roh,Black salsify raw,61,76,1.39,0.43,8.8,5,0,5,53,4.0,0.047,0
G670100,Wurzelpetersilie roh,Parsley root raw,76,83.85,2.88,0.47,13.8,2.13,0,12,39,6.05,0.076,0
G630100,Meerrettich roh,Horseradish raw,84,71.1,5.875,0.3,11.67,4.287,0,9,78,8.25,0.048,0
G720100,Wachsbohne roh,Wax bean raw,27,90,2.1,0.2,3.4,1.89,0,1.98,45,2.26,0,0
G750100,Sojabohne unreif (Edamame) roh,Soya bean immature (edamame) raw,146,67.5,13,6.8,6.2,4.2,0,15,197,1.3,0.79,0
G760200,"Erbse grün, tiefgefroren","Pea green, deep-frozen",77,78.1,4.9,0.7,10.0,5.3,0,4,32,5.4,0.145,0
G520802,Gurke gesäuert (Gewürzgurke) abgetropft,"Cucumber/gherkin pickled, drained",33,90.6,0.9,<LOD,5.52,0.88,0,454,22,5.49,0,0
H110800,Erdnussmus,Peanut butter (100 % pure),620,1.07,29,49.7,9.9,8.4,0,3,59.2,4.9,7.7,0
H160100,Pekannuss,Pecan,723,3.2,10.967,72,3.0,9.46,0,3,50.7,2.68,5.575,0
F960800,Cashewnussmus,Cashew butter (100 % pure),623,2.96,17.6,49.4,26.0,2,0,15,43,6.15,9.8,0
H320100,Pinienkern,Pine nut,660,2.4,16.4,61.9,6.2,6.4,0,178,10.9,4.0,4.34,0
H210100,Mandel süß,Sweet almond,544,5.3,22.333,46.6,3.87,10,0,2.07,84.864,3.634,4.01,0
H190600,Macadamianuss geröstet ohne Fett,Macadamia nut roasted without fat,758,1.61,9.19,76.1,5.2,8,0,4,70,4.1,11.2,0
H250100,Pistazie,Pistachio nut,599,5.9,20.802,51.6,7.6,10.61,0,291.4,129,6.62,6.139,0.5
H250700,"Pistazie geröstet ohne Fett, gesalzen","Pistachio nut roasted without fat, salted",588,1.9,23,49.3,8.6,8.8,0,479,108,6.8,11.76,0.5
H480100,Chia-Samen,Chia seeds,479,7.9,22.11,32.79,3.66,40.23,0,0.3,583.4,0.4732,3.54,TR
H520800,"Oliven geschwärzt, in Salzlake, abgetropft","Olives blackened, in brine, drained",140,80,0.84,14.84,0.0,1.6,0,735,88,0.0,2.62,0
H702100,Augenbohne reif,"Cowpea/black-eyed pea, mature",319,12,23.5,1.26,45.751,10.6,0,16,110,2.03,0.31,0
H750100,Dicke Bohne reif,Broad bean mature,349,11.4,27,1.53,46.7,15,0,13,103,4.94,0.241,0
H742100,Kidneybohne reif,Kidney bean mature,316,11.5,22.8,0.83,40.3,24.9,0,24,106.5,2.4,0.12,0
C551000,Weizenkleber/Weizengluten,Gluten (from wheat),394,8.2,80.6,1.85,13.46,0.6,0,29,142,13.46,0.23,0.5
H764400,Sojamehl vollfett,Soya flour full fat,514,4.9,38.362,22.8,24.0,22.6,0,4,221,5.8,2.53,0
K762400,Hefe Flocken/Nährhefe,Yeast flakes/nutritional yeast,305,5,48.7,4.5,6.2,22.5,0,141,130,2.5,0,0
H725100,Linse reif,Lentil mature,323,10.7,23.357,1.7,44.8,17.6,0,7,64.667,1.3,0.24,0
G760400,Erbse reif,Pea green mature,311,10.375,23.023,1.44,40.5,22.03,0,24,59,3.3,0.26,0
G750400,Sojabohne reif,Soya bean mature,388,8.4,38.2,18.267,6.6,21.96,0,5,277,6.0,2.35,0
G770400,Kichererbse reif,Chick pea mature,317,8.767,18.583,5.915,39.6,15.51,0,23,124,2.411,0.918,0
G780400,Limabohne (Butterbohne Mondbohne) reif,"Lima bean/butter bean, mature",325,11.5,20.6,1.4,48.635,14.2,0,13,89,1.99,0.41,0
H800100,"Mandeldrink ungesüßt, angereichert mit Vitaminen und Calcium","Almond drink unsweetened, fortified with vitamins and calcium",24,96.33,0.87,2.159,0.2,0.13,0,51.004396,120,0.173,0.185,0
H841100,Sojadrink ungesüßt,Soya drink unsweetened,30,93.49,3.22,1.297,0.4,1.75,0,25.476349,14.557839,0.389,0.186,0
H843300,"Dessert/Puddingalternative, pflanzlich, angereichert mit Vitaminen und Calcium","Plant-based dessert/pudding alternative, fortified with vitamins and calcium",89,79.4,2.32,3.78,10.85,0.99,0,26,120,10.82,2.39,0
H844100,"Soja-Joghurtalternative ungesüßt, angereichert mit Vitaminen und Calcium","Plant-based yogurt alternative, made from soya, unsweetened, fortified with vitamins and calcium",44,91.4,4.17,2.67,0.33,0,0,34.1,120,0.16,0.46,-
K130492,"Pommes frites tiefgefroren, frittiert","Potato chips/french fries, deep-frozen, deep-fried",203,53.7,2.9,9.04,25.94,3.24,0,26.4,22.1,0.24,0.702,TR
K120100,"Kartoffel ungeschält, roh","Potatoe unpeeled, raw",86,82.75,2.05,0.1,18.46,1.42,0,10,4,1.46,0.034,0
K130262,"Pommes frites tiefgefroren, gebacken","Potato chips/french fries, deep-frozen, baked",167,57.1,3.03,4.33,27.4,3.35,0,28.6,18.3,0.21,0.4,TR
K130200,Pommes frites tiefgefroren,"Potato chips/french fries, deep-frozen",123,68.5,2.23,3.22,20.17,2.29,0,21.6,13.7,0.17,0.283,TR
K290100,Kartoffelchips energiereduziert,"Potato crisps/potato chips, calorie-reduced",464,1,6.2,21.5,57.9,5.9,0,730,28,1.5,9.34,0
K280200,Kartoffelsticks,Potato sticks,502,2.33,6.5,31.5,46.52,2,0,720,60,2.17,2.634,-
K707100,Edel-Reizker roh,Saffron milk cap (red pine mushroom) raw,36,89.8,2.833,0.67,2.9,5.53,0,6,6,0.2,0.117,0
K718100,Steinpilz roh,Porcini mushroom raw,46,88.6,5.4,0.4,3.27,6.02,0,6,4.182,0.53,0.071,0
K709100,Hallimasch roh,Dark honey mushroom raw,37,89,3.171,0.68,2.9,5.51,0,41.33,4.171,0.2,0.119,0
K702100,Trüffel roh,Black truffle (Perigord black truffle) raw,73,75.5,8.288,0.51,0.6,16.54,0,77,24,0.6,0.09,0
M111100,"Milch entrahmt, frisch, höchstens 0,1 % Fett, pasteurisiert","Milk skimmed, fresh, max. 0.1 % fat, pasteurised",34,90.66,3.418,0.07,4.8,0,0,53,123,4.8,0.044,2.1
M114200,"Milch fettarm, 1,5 % Fett, laktosefrei, pasteurisiert","Milk low-fat, fresh, 1.5 % fat, lactose-free, pasteurised",44,89.3,3.49,1.54,4.11,0,0,47,121,4.11,1.04,6
M117700,Sahneersatz (Mischung aus pflanzlichen Fetten und Milch),Cream substitute (mixture of vegetable fats and milk),182,75.5,1.57,18,3.43,<LOD,0,28.1,52.1,3.43,16.564,3.95
M114300,"Vollmilch 3,5 % Fett, laktosefrei, pasteurisiert","Whole milk, fresh, 3.5 % fat, lactose-free, pasteurised",62,87.5,3.55,3.49,4.15,0,0,34.9,117,4.15,2.39,13.9
M021000,Ziegenmilch mind. 3 % Fett,Goat's milk min. 3 % fat,67,86.6,3.615,3.92,4.2,0,0.25,42,127,4.2,2.552,11
M011000,"Schafmilch mind. 4,5 % Fett",Sheep's milk min. 4.5 % fat,92,82.7,5.163,5.967,4.432,0,0.16,51,197.769,4.432,3.573,11
M141200,"Joghurt fettarm, mind. 1,5 % bis max. 1,8 % Fett","Yogurt low-fat, min. 1.5 % to max. 1.8 % fat",62,88.9,5.035,1.6,6.046,0,0.028,57,114,5.773,0.92,4.25
M1A5200,"H-Milch fettarm, 1,5 % Fett, laktosefrei, ultrahocherhitzt","Milk low-fat, 1.5 % fat, lactose-free, ultra-heated",46,86.3,3.16,1.45,4.61,0,0,37.1,116.3,4.61,1,5.21
M182100,Kondensmagermilch max. 1 % Fett,Evaporated milk max. 1 % fat,85,77.3,8.2,0.24,12.1,0,0,120,290,12.1,0.142,10.4
M1A7300,"H-Vollmilch 3,5 % Fett, laktosefrei, ultrahocherhitzt","Whole milk, 3.5 % fat, lactose-free, ultra-heated",63,84.5,3.18,3.49,4.59,0,0,35.8,111.7,4.59,2.39,9.44
M182300,"Kondensmilch teilentrahmt, mind. 1 % bis < 7,5 % Fett","Evaporated milk semi-skimmed, min. 1 % to < 7.5 % fat",109,75.8,7.6,4.1,10.3,0,0.08,112,260,10.3,2.49,16
M148300,"Joghurt mind. 3,5 % Fett, mit Magermilchpulverzusatz","Yogurt min. 3.5 % fat, fortified with skimmed milk powder",74,85.6,4.2,3.5,5.8,0,0.07,60,160,5.8,1.8,13
M1E3300,"Joghurt mind. 3,5 % Fett, laktosefrei","Yogurt min. 3.5 % fat, lactose-free",68,86.6,3.98,3.46,4.36,0,0,40,110.5,4.36,2.27,8.98
M121300,"Dickmilch/Sauermilch, mind. 3,5 % Fett",Soured milk (thick) min. 3.5 % fat,67,87.4,3.3,3.5,4.8,0,0.08,50,120,4.8,1.87,13
M141500,Sahnejoghurt mind. 10 % Fett,Yogurt min. 10 % fat,124,81.8,3.3,10,4.5,0,0,46,122,4.5,6.571,31
M130300,"Kefir mind. 3,5 % Fett",Kefir min. 3.5 % fat,63,88.67,3.164,3.5,4.13,0,0,46,120,4.13,2.301,13
M149500,Schafjoghurt,Yogurt made from sheep's milk,90,84.1,3.87,6.2,4.02,0,0,38.9,107.4,4.02,3.5,16.09
M161000,Süßmolke,Sweet whey,25,93.37,0.82,0.24,4.7,0,0,45,67.9,4.7,0.14,0.64
M173800,Schlagsahne mind. 30 % Fett,Whipping cream min. 30 % fat,308,62,2.312,31.7,3.27,0,0.094,34,80,3.27,16.88,84.2
M171500,Kaffeesahne mind. 10 % Fett,Coffee cream min. 10 % fat,124,81.7,3.037,10.5,4.05,0,0.044,40,101,4.05,6.397,27.9
M182400,"Kondensmilch mind. 7,5 % Fett",Evaporated milk min. 7.5 % fat,132,74.7,6.358,7.57,9.32,0,0.1,98,242,9.32,4.127,20.1
M2J7100,"Trinkjoghurt aus entrahmter Milch, max. 0,5 % Fett, mit Fruchtzubereitung, gesüßt","Yogurt drink from skimmed milk, max. 0.5 % fat, with fruit preparation, sweetened",75,80.6,3.45,0.42,13.26,0.32,0,50.2,116,12.25,0.13,0
M2A3300,"Joghurt mild, max. 3,8 % Fett, mit Fruchtzubereitung, gesüßt, laktosefrei","Yogurt mild, max. 3.8 % fat, with fruit preparation, sweetened, lactose-free",97,78.6,3.01,2.96,13.2,1.15,0,41.6,108.5,12.3,1.9,8.04
M2L2300,"Trinkjoghurt mind. 3,5 % Fett, mit Fruchtzubereitung, gesüßt","Yogurt drink min. 3.5 % fat, with fruit preparation, sweetened",96,78.6,3.01,2.96,13.0,1.15,0,41.6,108.5,12.1,1.9,8.04
M303700,Chester (Cheddar) mind. 50 % Fett i. Tr.,Chester (Cheddar) cheese min. 50 % fat in dry matter,387,36.408,22.984,32.2,0.206,0,0.5,580.1,804.9,0.206,19.345,81
M302600,Bergkäse mind. 45 % Fett i. Tr.,Bergkäse (Alpine cheese) min. 45 % fat in dry matter,395,38,28.9,30.805,0.0,0,0.6,300,1100,0.0,18.57,70
M302700,Bergkäse mind. 50 % Fett i. Tr.,Bergkäse (Alpine cheese) min. 50 % fat in dry matter,423,37,26.9,34.8,0.0,0,0.7,395,996,0.0,16.5,98
M303600,Chester (Cheddar) mind. 45 % Fett i. Tr.,Chester (Cheddar) cheese min. 45 % fat in dry matter,370,39,26.6,28.8,0.0,0,0.58,700,760,0.0,15.1,68
M313600,Provolone mind. 45 % Fett i. Tr.,Provolone cheese min. 45 % fat in dry matter,398,34.9,26.08,31.98,0.0,<LOD,0,830,811,0.0,21.109,107
M300600,Hartkäse mind. 45 % Fett i. Tr.,Hard cheese min. 45 % fat in dry matter,374,38,27.5,29.15,0.0,0,0,213,1159.1,0.0,20.25,70.45
M309600,Jarlsberg mind. 45 % Fett i. Tr.,Jarlsberg cheese min. 45 % fat in dry matter,352,42,26.7,26.9,0.0,0,0.54,600,800,0.0,14,69
M403800,Tilsiter mind. 60 % Fett i. Tr.,Tilsit cheese min. 60 % fat in dry matter,419,40,19,37.8,0.0,0,0.76,600,600,0.0,19.7,88
M404600,Wilstermarschkäse mind. 45 % Fett i. Tr.,Wilstermarsch cheese min. 45 % fat in dry matter,321,48,23.4,24.9,0.0,0,0.5,700,750,0.0,13,58
M406700,Fontina mind. 50 % Fett i. Tr.,Fontina cheese min. 50 % fat in dry matter,386,40,25.6,31.1,0.0,0,0.6,780,620,0.0,20.1,94
M307700,Raclettekäse mind. 45 % Fett i. Tr.,Raclette cheese min. 45 % fat in dry matter,342,45,22.8,27.5,0.0,0,0.56,638,690,0.0,17.9,82
M401700,Edamer mind. 50 % Fett i. Tr.,Edam cheese min. 50 % fat in dry matter,369,40.2,25,29.6,0.0,0,0.6,600,731,0.0,18.175,79
M401600,Edamer mind. 45 % Fett i. Tr.,Edam cheese min. 45 % fat in dry matter,355,41.9,24.295,28.3,0.0,0,0.51,512,678,0.0,17.375,75.1
M403700,Tilsiter mind. 50 % Fett i. Tr.,Tilsit cheese min. 50 % fat in dry matter,359,44,22.3,29.6,0.0,0,0.59,600,700,0.0,15.5,69
M403600,Tilsiter mind. 45 % Fett i. Tr.,Tilsit cheese min. 45 % fat in dry matter,355,38.02,25.764,27.7,0.025,0,0.51,696,840,0.025,17.1,73.5
M401400,Edamer mind. 30 % Fett i. Tr.,Edam cheese min. 30 % fat in dry matter,262,49.1,28.046,16.2,0.049,0,0.32,512,800,0.049,10.109,43
M401500,Edamer mind. 40 % Fett i. Tr.,Edam cheese min. 40 % fat in dry matter,317,44.8,25.85,23.4,0.0,0,0.29,770,793,0.0,14.625,62.1
M506600,Danbo mind. 45 % Fett i. Tr.,Danbo cheese min. 45 % fat in dry matter,323,46,23.6,25,0.05,0,0.38,678,730,0.05,15.783,59
M524500,Halloumi Grillkäse,Halloumi cheese,315,47.2,21.46,25.06,0.1,0,0,626.5,659.5,0.0,14.79,74.8
M501700,Butterkäse mind. 50 % Fett i. Tr.,Butterkäse cheese min. 50 % fat in dry matter,347,46.2,21.46,28.8,0.01,0,0.53,792,1013.95,0.0,14.78,76.5
M507600,Esrom mind. 45 % Fett i. Tr.,Esrom cheese min. 45 % fat in dry matter,328,45.9,23.7,25.7,0.01,0,0.26,778,810,0.0,16.642,58
M503700,Steinbuscher mind. 50 % Fett i. Tr.,Steinbuscher cheese min. 50 % fat in dry matter,316,51,20,26,0.01,0,0.52,800,300,0.0,13.6,61
M504500,Weißlacker mind. 40 % Fett i. Tr.,Weisslacker cheese min. 40 % fat in dry matter,268,52,21.8,19.7,0.01,0,0.39,1400,400,0.0,10.4,46
M501600,Butterkäse mind. 45 % Fett i. Tr.,Butterkäse cheese min. 45 % fat in dry matter,310,43.835,23.614,23.5,0.1,0,0.47,792,1013.95,0.089,12.3,54
M503600,Steinbuscher mind. 45 % Fett i. Tr.,Steinbuscher cheese min. 45 % fat in dry matter,296,52,21.6,23,0.01,0,0.46,1000,350,0.0,12,54
M504700,Weißlacker mind. 50 % Fett i. Tr.,Weisslacker cheese min. 50 % fat in dry matter,327,48,20,27,0.01,0,0.54,1400,400,0.0,14.1,63
M504600,Weißlacker mind. 45 % Fett i. Tr.,Weisslacker cheese min. 45 % fat in dry matter,294,50,20.8,23,0.01,0,0.46,1400,400,0.0,12,54
M505700,Trappistenkäse mind. 50 % Fett i. Tr.,Trappista cheese min. 50 % fat in dry matter,374,42,23.5,30.7,0.01,0,0.61,600,700,0.0,16.1,71
M501800,Butterkäse mind. 60 % Fett i. Tr.,Butterkäse cheese min. 60 % fat in dry matter,384,44,17,34.7,0.01,0,0.7,792,1013.95,0.0,18.2,81
M503400,Steinbuscher mind. 30 % Fett i. Tr.,Steinbuscher cheese min. 30 % fat in dry matter,243,52,26.5,15,0.01,0,0.3,600,850,0.0,7.9,35
M505600,Trappistenkäse mind. 45 % Fett i. Tr.,Trappista cheese min. 45 % fat in dry matter,345,44,25.1,26.8,0.01,0,0.54,600,750,0.0,14,62
M602800,Camembert mind. 60 % Fett i. Tr.,Camembert cheese min. 60 % fat in dry matter,378,43.9,17.9,34,0.01,0,0.66,709,490,0.0,18.725,90.3
M609800,"Weinkäse, Weichkäse, mind. 60 % Fett i. Tr.","Wine cheese, soft cheese, min. 60 % fat in dry matter",382,44,17,34.7,0.01,0,0.69,800,300,0.0,18.2,81
M600900,Weichkäse mind. 70 % Fett i. Tr.,Soft cheese min. 70 % fat in dry matter,413,44,13.2,40,0.01,0,0.8,700,250,0.0,20.9,112
M600800,Weichkäse mind. 60 % Fett i. Tr.,Soft cheese min. 60 % fat in dry matter,367,47.7,16.8,33.2,0.01,0,0.66,700,280,0.0,21.663,93
M601700,Brie mind. 50 % Fett i. Tr.,Brie cheese min. 50 % fat in dry matter,341,44.51,22.139,27.9,0.107,0,0,630,400,0.097,12.869,74.1
M602700,Camembert mind. 50 % Fett i. Tr.,Camembert cheese min. 50 % fat in dry matter,313,50,20.082,25.7,0.101,0,0.32,669,510,0.101,15.017,68.2
M602400,Camembert mind. 30 % Fett i. Tr.,Camembert cheese min. 30 % fat in dry matter,214,58.2,23.021,13.5,0.0,0,0.17,669,600,0.0,7.442,35.8
M601600,Brie mind. 45 % Fett i. Tr.,Brie cheese min. 45 % fat in dry matter,264,57,21,19.82,0.0,0,0.44,700,350,0.0,9.14,51
M600700,Weichkäse mind. 50 % Fett i. Tr.,Soft cheese min. 50 % fat in dry matter,310,56,19.8,25.5,0.0,0,0.51,700,245,0.0,17.656,59
M600600,Weichkäse mind. 45 % Fett i. Tr.,Soft cheese min. 45 % fat in dry matter,257,57,19.58,19.82,0.0,0,0,558.2,557.5,0.0,13.72,67.3
M604600,Münster mind. 45 % Fett i. Tr.,Muenster cheese min. 45 % fat in dry matter,292,52.1,21.6,22.6,0.01,0,0.46,1020,310,0.0,13.95,60
M605500,Romadur mind. 40 % Fett i. Tr.,Romadur cheese min. 40 % fat in dry matter,275,51.8,23.1,20.1,0.01,0,0.39,709,403,0.0,12.813,53.4
M605700,Romadur mind. 50 % Fett i. Tr.,Romadur cheese min. 50 % fat in dry matter,313,50,20,25.7,0.01,0,0.52,709,264,0.0,16.38,68.2
M609600,"Weinkäse, Weichkäse, mind. 45 % Fett i. Tr.","Wine cheese, soft cheese, min. 45 % fat in dry matter",294,54.2,21.18,23,0.01,0,0.46,1000,350,0.0,15.924,54
M604700,Münster mind. 50 % Fett i. Tr.,Muenster cheese min. 50 % fat in dry matter,322,49.1,20.9,26.3,0.01,0,0.52,900,230,0.0,16.23,69.8
M603700,Limburger mind. 50 % Fett i. Tr.,Limburger cheese min. 50 % fat in dry matter,327,48.4,20,27.2,0.01,0,0.52,800,398,0.0,17.3,76
M605300,Romadur mind. 20 % Fett i. Tr.,Romadur cheese min. 20 % fat in dry matter,180,60.3,23.9,9.16,0.01,0,0.18,709,448,0.0,5.674,24.3
M603300,Limburger mind. 20 % Fett i. Tr.,Limburger cheese min. 20 % fat in dry matter,185,58.5,26.4,8.57,0.01,0,0.18,709,610,0.0,5.309,22.8
M600500,Weichkäse mind. 40 % Fett i. Tr.,Soft cheese min. 40 % fat in dry matter,249,54.2,21.18,18.22,0.01,0,0,794,657,0.0,12.63,57
M410700,"Schnittkäse aus Schafmilch, mind. 50 % Fett i. Tr.","Semi-hard cheese made from sheep's milk, min. 50 % fat in dry matter",383,43,19.16,33.63,0.012,0,0,516.5,719.5,0.0,22.377,105
M6A5700,"Weichkäse aus Schafmilch, mind. 45 % Fett i. Tr.","Soft cheese made from sheep's milk, min. 45 % fat in dry matter",279,54.6,17.86,22.66,0.6,0,0.25,591,285,0.6,16.23,57.6
M715800,"Brotaufstrich aus pflanzlichen Fetten, Rahm, Joghurt entrahmt","Spread made from vegetable fats, cream, skimmed yogurt",230,68.2,4.8,22.1,2.47,<LOD,0,167,98.3,2.47,15.826,6.64
M713700,"Speisequark Rahmstufe, 50 % Fett i. Tr.",Quark 50 % fat in dry matter,178,72,8.3,14.5,2.9,0,0.29,40,110,2.9,7.5,43
M710700,"Frischkäsezubereitung Natur, mind. 50 % Fett i. Tr.",Cream cheese preparation min. 50 % fat in dry matter,202,68.9,9.74,16.61,2.73,<LOD,0,320,87.2,2.73,11.032,66.7
M032100,Mozzarella mind. 45 % Fett i. Tr.,Mozzarella min. 45 % fat in dry matter,259,58.2,17.12,20.99,0.0,<LOD,0,187,378,0.0,14.259,64.7
M176800,"Sauerrahm/Creme fraiche, 30 % Fett",Creme fraiche 30 % fat,265,62.9,2.4,27.03,2.55,<LOD,0,31.2,75.2,2.55,18.475,86.1
M772800,"Schmelzkäse aus Frischkäse, streichfähig, mind. 60 % Fett i. Tr.","Processed cheese made from cream cheese, spreadable, min. 60 % fat in dry matter",328,52,10.7,29.6,4.1,0,0.63,700,268,4.1,19.5,89
M780100,Kochkäse < 10 % Fett i. Tr.,German cooked cheese < 10 % fat in dry matter,84,77,15.2,0.5,4.2,0,0,400,200,4.2,0.26,2
M711100,Körniger Frischkäse < 10 % Fett i. Tr.,Cottage cheese < 10 % fat in dry matter,73,82.7,11.8,1.2,3.0,0,0,200,100,3.0,0.771,3
M711300,Körniger Frischkäse mind. 20 % Fett i. Tr.,Cottage cheese min. 20 % fat in dry matter,109,78.5,13.3,4.3,3.64,0,0.09,230,95,3.64,2.205,11.4
M712200,Schichtkäse mind. 10 % Fett i. Tr.,Layered cheese min. 10 % fat in dry matter,91,78.6,12.441,2.42,4.14,0,0,40,91.333,4.14,1.535,6.43
M712300,Schichtkäse mind. 20 % Fett i. Tr.,Layered cheese min. 20 % fat in dry matter,111,78,11.9,4.96,3.94,0,0,40,99.5,3.94,2.686,13.2
M713200,"Speisequark Viertelfettstufe, 10 % Fett i. Tr.",Quark 10 % fat in dry matter,84,80.5,11.6,2,4.1,0,0.04,40,120,4.1,1.04,7
M713300,"Speisequark Halbfettstufe, 20 % Fett i. Tr.",Quark 20 % fat in dry matter,110,78,12.245,5.1,3.04,0,0.085,35,85,3.04,2.762,13.5
M730100,Sauermilchkäse < 10 % Fett i. Tr.,Soured milk cheese < 10 % fat in dry matter,128,64,30.031,0.473,0.0,0,0.01,1055,125,0.0,0.309,1.86
M827200,"Frischkäsezubereitung mind. 10 % Fett i. Tr., mit Gemüse/Kräutern","Cream cheese preparation min. 10 % fat in dry matter, with vegetables/herbs",107,76,16,3,3.3,0,0.06,390,120,3.3,1.57,11
M710100,"Skyr, Frischkäse < 10 % Fett i. Tr.",Skyr Icelandic style strained yogurt < 10 % fat in dry matter,64,83.85,10.35,0.84,3.19,0.18,<LOD,33.3,127.5,3.14,0.47,5.2
M7B1600,"Frischkäse aus Schafmilch, Natur, mind. 45 % Fett i. Tr.","Cream cheese made from sheep's milk, min. 45 % fat in dry matter",229,61.8,17.94,16.42,1.74,0,0.23,419.5,148,1.74,11.8,57.3
M771700,"Schmelzkäse schnittfest, mind. 50 % Fett i. Tr.",Processed cheese sliceable min. 50 % fat in dry matter,348,49,17,29,4.1,0,0.58,1200,600,4.1,15.2,66
M810500,Schmelzkäsezubereitung mind. 40 % Fett i. Tr.,Processed cheese preparation min. 40 % fat in dry matter,254,54,15,19,5.1,0,0.38,1100,500,5.1,10,44
M771400,"Schmelzkäse schnittfest, mind. 30 % Fett i. Tr.",Processed cheese sliceable min. 30 % fat in dry matter,221,57.5,14.8,13.6,9.0,0,0.27,1200,700,9.0,9.1,31
M771600,"Schmelzkäse schnittfest, mind. 45 % Fett i. Tr.",Processed cheese sliceable min. 45 % fat in dry matter,299,52,15.7,23.6,5.1,0,1.8,1100,560,5.1,12.24,60
N314000,Limonade chininhaltig,Carbonated soft drink with quinine,41,90.31,TR,0,9.88,0,0,1,3,9.88,0,0
N310400,Zitronenlimonade,Carbonated lemonade,38,91.01,TR,0,9.27,0,0,9,2,9.27,0,0
N315000,Ginger Ale,Ginger Ale,37,91.69,TR,0,8.87,0,0,1,2,8.87,0,0
N128000,Natürliches Mineralwasser still,Natural mineral water still,0,100,0,0,0.0,0,0,2.7,10,0.0,0,0
N127000,Natürliches Mineralwasser mit Kohlensäure,Natural mineral water carbonated,0,100,0,0,0.0,0,0,2.7,10,0.0,0,0
N130000,Natürliches Mineralwasser mit geringem Mineraliengehalt,Natural mineral water with low mineral content,0,100,0,0,0.0,0,0,1.4,3.7,0.0,0,0
N160000,Quellwasser,Spring water,0,100,0,0,0.0,0,0,2.3,5.3,0.0,0,0
N419000,Türkischer Mokka (Getränk),Turkish mocha (infusion),0,98.2,0.12,0,0.0,0,0,4,7,0.0,0,0
N415000,Kaffee (Getränk) entkoffeiniert,Coffee (infusion) decaffeinated,0,98.2,0.12,0,0.0,0,0,4,7,0.0,0,0
N411100,Espresso (Getränk),Espresso (infusion),2,97.8,0.4,0,0.0,0.418,0,7,6,0.0,0,0
N416000,Kaffee (Getränk) koffeinreduziert,Coffee (infusion) caffeine-reduced,0,98.2,0.12,0,0.0,0,0,4,7,0.0,0,0
N440100,"Kaffee (Getränk) entkoffeiniert, aus Instantpulver",Coffee (infusion) made from decaffeinated instant powder,2,98.2,0.33,0,0.0,0,0,1,2,0.0,0,0
N440900,Instantkaffeepulver entkoffeiniert,Coffee instant powder decaffeinated,150,4.2,19.5,1.2,4.1,22.3,0,48,156,0.0,-,0
N611000,Mate-Tee (Getränk),Mate tea (infusion),0,99.7,0.1,0,0.0,0,0,2,5,0.0,0,0
N720100,Kräutertee (Getränk),Herbal tea (infusion),0,100,TR,0,0.0,0,0,2.49,7.02,0.0,0,0
N601000,Roibusch-/Rooibos-/Rotbusch-Tee (Getränk),Rooibos tea (infusion),0,100,TR,0,0.0,0,0,2,5,0.0,0,0
N670100,Schwarztee (Getränk) entkoffeiniert,Black tea (infusion) decaffeinated,0,99.5,0,0,0.0,0,0,2,5,0.0,0,0
P151120,"Hefeweizen/Weizenbier, 0,0 % vol",Wheat beer 0.0 % vol,26,88.66,0.478,0,5.9,0,0,1.3,6.4,3.6,0,0
P151110,"Hefeweizen/Weizenbier, alkoholfrei",Wheat beer alcohol-free,22,89.76,0.484,0,4.7,0,0,1.3,6.4,2.4,0,0
P161000,Lagerbier hell,Pale beer,36,90.6,0.4,0,2.283,0,0,5,4,0.231,0,0
P165000,Lagerbier dunkel,Dark beer,27,91.1,0.4,0,0.172,0,0,3,3,0.172,0,0
P197000,Bier kohlenhydratreduziert,Beer reduced carbohydrate content,32,92.47,0.422,0,0.8,0,0,1.5,5.2,0.0,0,0
P1A4000,Leichtbier,Light beer,27,92.48,0.422,0,2.2,0,0,1.5,5.2,0.1,0,0
P163100,"Pilsner Bier, alkoholfrei",Pilsner beer alcohol-free,18,91.09,0.416,0,3.7,0,0,1.5,5.1,1.6,0,0
P154000,Kölsch,Koelsch (beer from Cologne),38,92.47,0.422,0,2.218,0,0,1.5,5.2,0.108,0,0
P153000,Altbier,Dark beer (medium-gravity beer) top-fermented,40,91.64,0.502,0,2.284,0,0,1.6,4.6,0.156,0,0
P172000,Bockbier,Bock beer (original wort > 16 %),49,91.64,0.9,0,2.1275,0,0,5,6,0.0,0,0
P177000,Stout,Stout,46,91.64,0.4,0,5.3,0,0,1.6,4.6,3.2,0,0
P174000,Doppelbock,Doppelbock beer (original wort min. 18 %),50,91.79,0.503,0,2.131,0,0,1.6,4.6,0.0,0,0
P219000,Eiswein,Ice wine,141,68.8,0.077,0,23.06,0,0,1.5,6,23.05,0,0
N014000,Wein alkoholfrei,Wine alcohol-free,18,86.7,0.097,0,3.0,0,0,1.9,7.6,3.0,0,0
N003000,Aperitif alkoholfrei,Aperitif alcohol-free,64,75.9,0.129,0,15.0,0,0,1.7,6.9,15.0,0,0
P289000,Federweißer (Traubenmost teilweise vergoren),Federweisser (still fermenting young wine),73,88,0.15,0,1.288,0,0,2,8,1.288,0,0
P232000,Weißwein Beerenauslese/Trockenbeerenauslese,White wine Beerenauslese/Trockenbeerenauslese,130,72.6,0.124,0,18.55,0,0,1.7,6.6,18.55,0,0
P231000,Weißwein süß,White wine sweet,89,83.7,0.143,0,6.15,0,0,1.9,7.6,6.15,0,0
P230000,Weißwein lieblich,White wine medium sweet,77,87,0.148,0,2.43,0,0,2,7.9,2.43,0,0
P431000,Portwein,Port wine,161,71.1,0.1,0,11.9,0,0,4,4,11.9,0,0
P2A1000,Rotwein süß,Red wine sweet,95,83.4,0,0,5.15,0,0,1.9,7,5.12,0,0
P2A2000,Rotwein lieblich,Red wine medium sweet,86,85.9,0,0,2.29,0,0,2,7.2,2.26,0,0
P462000,Sherry medium dry,Sherry medium dry,119,78.8,0.1,0,5.9,0,0,27,8,5.9,0,0
P341300,Wermutwein trocken,Vermouth dry,105,82.1,0.1,0,3.0,0,0,11,7,3.0,0,0
P560100,Bitterlikör 11 % vol,Bitter liqueur 11 % vol,150,71.2,0,0,25.0,0,0,1.5,5.4,25.0,0,0
P330000,"Perlwein/Perlwein mit zugesetzer Kohlensäure, trocken","Pearl wine/pearl wine with added carbonic acid, dry",74,93.1,0,0,2.09,0,0,2,7.1,2.08,0,0
P2A7100,"Qualitätsschaumwein, Sekt, halbtrocken",Quality sparkling wine medium dry,80,91.3,0,0,3.9,0,0,2,7,3.9,0,0
P2A7000,"Qualitätsschaumwein, Sekt, süß",Quality sparkling wine sweet,86,89.8,0,0,5.5,0,0,1.9,6.8,5.5,0,0
P2A6110,"Qualitätsschaumwein, Sekt, herb/brut",Quality sparkling wine brut,69,94.4,0,0,0.63,0,0,2,7.2,0.62,0,0
P2A6100,"Qualitätsschaumwein, Sekt, extra trocken",Quality sparkling wine extra dry,72,93.7,0,0,1.34,0,0,2,7.1,1.33,0,0
N005000,Sekt alkoholfrei,Sparkling wine alcohol-free,22,90.2,0,0,5.2,0,0,1.9,6.9,5.2,0,0
P273000,Rosewein trocken,Rose wine dry,64,88.9,0.1,0,0.7,0,0,4,12,0.7,0,0
P2B1000,Rosewein süß,Rose wine sweet,78,85.2,0.1,0,4.85,0,0,4,12,4.85,0,0
P2B1200,Rosewein halbtrocken,Rose wine medium dry,65,88.5,0.1,0,1.17,0,0,4,12,1.17,0,0
Q310000,Walnussöl,Walnut oil,899,TR,0,99.9,0.0,0,0,0,0,0.0,9.6,1.3
Q120000,Olivenöl,Olive oil,899,0.1065,0,99.9,0.0,0,0,1.49,0.231528,0.0,12,0.0687
Q210000,Erdnussöl,Peanut oil,899,TR,0,99.9,0.0,0,0,0,0,0.0,16.7,1.03
Q550000,Kokosöl,Coconut oil,900,TR,TR,100,0.0,0,0,<LOD or <LOQ,<LOD or <LOQ,0.0,87.8,0
Q180000,Rapsöl/Rüböl,Rapeseed oil/canola oil,900,TR,0,100,0.0,0,0,1.65,0.441701,0.0,7.2,2.055
Q260000,Maiskeimöl,Corn oil,900,TR,0,100,0.0,0,0,1,15,0.0,13.186,1.9
Q270000,Sojaöl,Soya oil,900,TR,0,100,0.0,0,0,0,0,0.0,14.7,1.6
Q320000,Sonnenblumenöl,Sunflower oil,900,TR,0,100,0.0,0,0,1.29,0.511833,0.0,11,0.47
Q640000,Halbfettbutter,Butter half fat,377,52,4,39.8,0.571,0,1.4,80,115,0.571,25.46,106
Q683000,Butterschmalz,Rendered butter,897,0.25,0.25,99.5,0.0,0,1.2,2,1,0.0,62.654,264
Q6A7000,"Mischfett mit überwiegend Milchfett, ungesalzen","Mixed fat spread, mainly milk fat, unsalted",647,26.42,0.59,71.28,0.645,0,0.18,7.1,28.9,0.645,35.06,145.25
Q630000,Süßrahmbutter,Sweet cream butter,747,15.8,0.59,82.5,0.6,<LOD,0,12,14.5,0.6,55.651,226
Q620000,Sauerrahmbutter,Cultured butter,747,17,1.188,82.2,0.571,0,0.196,11,19,0.571,52.649,213
Q860000,Schweinefett/Schweineschmalz,Pork lard,900,TR,TR,100,0.0,0,-,1,<LOD or <LOQ,0.0,38.736,85
Q830000,Hühnerfett,Chicken fat,900,TR,TR,100,0.0,0,-,10,0,0.0,29.118,107
U205000,"Rind Fettgewebe, subkutan roh","Beef fatty tissue, subcutaneous, raw",852,4,1.5,94,0.0,0,-,10,0,0.0,40.292,64
Q880000,Hammelfett/Hammeltalg,Mutton tallow/fat,747,14.7,3.85,81.3,0.0,0,-,2,0,0.0,42.8,110
R113000,"Speisesalz jodiert/Jodsalz, mit Fluorid",Iodised salt with fluoride,0,TR,0,0,0.0,0,0,38145,<LOQ,0.0,0,0
R113100,"Speisesalz jodiert/Jodsalz, mit Fluorid und Folsäure",Iodised salt with fluoride and folic acid,0,TR,0,0,0.0,0,0,38145,51.9,0.0,0,0
R111100,Steinsalz,Rock salt,0,TR,0,0,0.0,0,0,38145,196,0.0,0,0
R114000,Speisesalz jodiert/Jodsalz,Iodised salt,0,TR,0,0,0.0,0,0,38145,51.9,0.0,0,0
R112000,Meersalz,Sea salt,0,TR,0,0,0.0,0,0,38145,67,0.0,0,0
R121000,Weinessig,Wine vinegar,25,93,0,0,0.0,0,0,83,9.9,0.0,0,0
R134000,Senf extra scharf,Mustard extra hot,111,76,5.51,6.96,2.94,4.5,0,1310,98.3,2.76,0.49,0
R133000,Senf scharf,Mustard hot,111,76,5.51,6.96,2.94,4.5,0,1310,98.3,2.76,0.49,0
R135000,Senf süß,Mustard sweet,177,58.6,4.25,5.37,25.1,3.5,0,1009.8,75.8,25.0,0.4,0
R141200,Curry-Gewürzketchup,Curry ketchup,98,72.7,1.4,0.1,21.16,1.81,0,760,18.6,20.82,0.03,1.99
R148200,"Feinkostsauce/Grillsauce, Tomaten-Basis","Barbecue sauce, tomato-based",102,73.8,1.46,0.56,21.36,0.72,<LOD,796.5,16.4,19.04,0.076,<LOQ
R161200,Tomaten passiert/Tomatenpüree,Tomato puree,29,92.46,1.18,0.1,3.94,1.81,0,124.29,17.83,3.6,0.02,0
Q991000,Mayonnaise (Fertigprodukt),Mayonnaise (ready-made product),750,11.7,1.49,81.2,2.3,0.64,0,364,7,2.3,6.88,57.2
R910000,Bratensoße Instantpulver,Gravy instant powder,324,5.89,7.71,8.65,51.942,2.3,0,7950,23.6,17.59,5.386,<LOD
R810000,"Bouillon/Brühe/Suppe (Brühwürfel, Pulver)","Bouillon/stock/soup (stock cubes, powder)",195,2.3,5.82,5.8,27.91,2.9,0,20692.5,63.9,0.4,2.68,0
S372000,Marshmallow (Schaumzuckerware),Marshmallow,373,16.2,1.8,0.2,84.0,0,0,25,3,65.8,0.06,0
R381100,Orangeat,Candied orange peel,260,23.5,0,0.2,62.9,3.3,0,56,71,62.9,-,0
S311000,Hartkaramelle (Bonbon),Hard candy,421,1.3,0,0.2,92.8,0,0,38,3,69.0,0,0
S124000,Invertzuckercreme,Invert sugar cream,331,17.2,0.15,0,82.5,0,0,19,5.5,82.5,0,0
S111100,Puderzucker,Icing sugar/powdered sugar,400,TR,0,0,100.0,0,0,5,0.6,100.0,0,0
S114000,Vanillezucker,Vanilla sugar,400,0,0,0,100.0,0,0,5,0.6,100.0,0,0
S351000,Fondant (Fondantmasse),Fondant/fondant mass,339,14,0.7,3.1,77.0,0,0,17,3,76.0,-,0
R452000,Vanillinzucker,Vanillin sugar,400,0,0,0,100.0,0,0,5,0.6,100.0,0,0
S152000,Melasse,"Treacle/molasses, dark",229,25.2,1.2,0.1,55.9,-,0,108,378,55.9,0.02,0
S361000,Fruchtgummi (Gummibonbon),Gum drops with fruit essence,312,8.15,4.8,0.3,70.7,1.01,0,57,7,56.7,0,0
S531200,Milchschokolade gefüllt mit Mandel-Karamell,Milk chocolate filled with almond-caramel,494,5.6,9.08,25.48,54.96,4.22,0,261,97.6,45.54,14.85,38.14
S622100,Pralinen gefüllt mit Mandel-Karamell,Pralines filled with almond-caramel,494,5.6,9.08,25.48,54.96,4.22,0,261,97.6,45.54,14.85,38.14
S622600,Pralinen gefüllt mit Karamellcreme,Pralines filled with caramel cream,446,7.4,3.72,17.05,68.7,0.82,0,188.5,103.5,60.82,9.35,7.9
S550000,Sahneschokolade,Cream chocolate,567,1,7,36.02,51.917,3.38,0.03,66.8,187.5,51.051,21.73,17.1
S530000,Milchschokolade,Milk chocolate,532,0.94,6.83,31.34,54.026,3.32,<LOQ,75.4,170.3,52.826,18.75,10.1
S628000,Pralinen gefüllt mit Milch-/Joghurtcreme,Pralines filled with milk/yogurt cream,565,3.8,7.51,40.26,39.39,6.67,0,79,231.5,39.39,22.62,24.4
S620000,Pralinen gefüllt,Pralines filled,565,3.8,7.51,40.26,39.39,6.67,0,79,231.5,39.39,24.19,24.4
S580000,Schokolade weiß,Chocolate white,554,1.03,6.18,33.44,56.786,0.56,<LOQ,101,230.5,56.786,19.42,12.5
S500000,Schokolade,Chocolate,520,0.38,5.49,28.36,57.5,6.57,<LOQ,8.7,42.6,55.354,16.87,8.2
S539900,Vollmilchschokolade,Whole milk chocolate,555,0.92,6.34,35.13,52.01,2.52,<LOQ,74.2,196.4,51.38,21.12,17.3
S713000,Kakaopulver stark entölt,Cocoa powder strongly deoiled,311,5.211,25.503,11.2,12.3,29.688,0,329,174,1.015,6.9,0
S570000,Bitterschokolade,Dark chocolate,563,1.01,9.1,41.33,33.7,10.11,<LOQ,8,70.3,30.0,24.97,2.3
T041600,Aal geräuchert (Räucheraal),Eel smoked,329,53.3,17.9,28.6,0.0,0,90,500,19,0.0,6.597,164
T064100,Hecht roh,Pike raw,84,80.2,18.4,1.13,0.0,0,5.16,75,50,0.0,0.223,63
T861100,Kaviar echt (Stör),Caviar (sturgeon),244,47.1,26.1,15.5,0.0,0,5.87,1940,51,0.0,2.157,300
T091100,Heringsrogen roh,Herring roe raw,131,68,26,3.05,0.0,0,5.2,91,10,0.0,0.425,326
T094100,Lachsrogen roh,Salmon roe raw,113,72.7,22.4,2.6,0.0,0,5.2,106,10,0.0,0.3,326
T121100,Thunfisch roh,Tuna raw,139,70,22.4,5.52,0.0,0,4.54,43,40,0.0,1.559,82
T107600,Makrele geräuchert,Mackerel smoked,338,52.6,18.89,29.2,0.0,<LOD,6.925,722,10.6,0.0,7.161,64
T206100,Schellfisch roh,Haddock raw,74,81.7,17.1,0.58,0.0,0,-,68,11,0.0,0.1,35.3
T800200,Stockfisch (getrocknet),"Stockfish (cod unsalted, dried)",339,15.2,79.2,2.5,0.0,0,0,2033,70,0.0,0.584,82
T208100,"Merlan/Wittling, roh",Whiting raw,85,80.5,18.4,1.31,0.0,0,1.4,81,39,0.0,0.235,56
T209100,Seehecht roh,Hake raw,86,79.06,17.2,1.93,0.0,0,-,101,41,0.0,0.338,34.4
T202100,Leng roh,Ling raw,82,79.23,19,0.62,0.0,0,-,107,15,0.0,0.15,34.4
T204200,"Dorsch/Kabeljau, tiefgefroren",Cod deep-frozen,72,81.6,16.562,0.6,0.0,0,-,91,14,0.0,0.145,52
T213100,"Alaska-Pollack/Alaska-Seelachs, roh",Alaska pollock raw,57,82.3,12.3,0.82,0.0,0,0,109,11,0.0,0.148,55
T207200,"Köhler/Seelachs, tiefgefroren","Saithe/pollack, deep-frozen",81,81.9,17.75,1.1,0.0,0,0,68,7,0.0,0.179,47
T033100,Dornhai roh,Piked dogfish raw,181,71.5,12.6,14.5,0.0,0,3.8,17,5,0.0,4.69,23
T415100,Königslachs roh,Chinook salmon raw,180,69.2,19.9,11.2,0.0,0,3.8,48,26,0.0,2.5,56
T422400,Forelle gesalzen,Trout salted,137,69.8,21.2,5.52,0.0,0.03,9.52,839,14.6,0.0,0.95,73.3
T422100,Forelle roh,Trout raw,156,70,21.552,7.63,0.0,0,7.9,45,78,0.0,1.443,56
T103100,Matjeshering mild gesalzen,Matjes herring mild salted,272,54.4,16,22.6,0.0,0,22.25,2500,43,0.0,4.129,58.2
U291100,"Rind Hinterhesse, roh","Beef leg/hindshank, raw",140,71.4,21.4,6,0.0,0,0.4,75,5,0.0,1.9,52.4
U261100,"Rind Bug/Schulter, roh","Beef shoulder, raw",128,73.1,20.2,5.3,0.0,0,0.4,50,3.818,0.0,2.325,56.7
U201000,"Rind Muskelfleisch, roh","Beef muscle meat, raw",106,74.11,22,1.9,0.103,0,0.4,66,31.7,0.043,0.798,58.313
U284100,"Rind Hüfte, roh","Beef rump, raw",110,73.2,22.1,2.35,0.0,0,0.4,57,4,0.0,1.019,55
U482100,"Kalb Keule, roh","Veal round, raw",89,75.8,20.7,0.72,0.0,0,0.4,86,13,0.0,0.301,58
U287100,"Rind Oberschale, roh","Beef topside/top round, raw",124,75.2,20.86,4.527,0.0,0,0.4,47,6.3,0.0,2.057,49.6
U602100,"Schwein Fleisch, sehnenfrei, sichtbarer Fettanteil max. 5 % (S II) roh","Pork meat, tendon free, visible fat content max. 5 % (S II) raw",136,72.24,21.41,5.61,0.0,0,<LOQ,58.8,4.1,0.0,1.89,51.3
U511100,"Schwein Filetmedaillon, roh","Pork fillet medaillon, raw",102,74.2,22.7,1.2,0.0,0,0,49,4.9,0.0,0.3,58.63
U733100,"Schaf Filetsteak, roh","Sheep fillet steak, raw",118,73.09,22.79,2.97,0.0,0,0,49,4.9,0.0,1.35,58.63
U711100,"Schaf Filetmedaillon, roh","Sheep fillet medaillon, raw",118,73.09,22.79,2.97,0.0,0,0,49,4.9,0.0,1.35,58.63
U602200,"Schwein Fleisch, geringer Feinsehnenanteil, sichtbarer Fettanteil max. 3 - 5 % (S II/III) roh","Pork meat, low fine tendon content, visible fat content max. 3 - 5 % (S II/III) raw",137,70.77,22.77,5.08,0.0,0,<LOQ,43.2,3.9,0.0,1.78,57.77
U602000,"Schwein Fleisch, fett- und sehnenfrei (S I) roh","Pork meat, fat and tendon free (S I) raw",105,75.46,22.16,1.85,0.0,0,<LOD,43.2,3.9,0.0,0.576,60.86
U522100,"Schwein Stielkotelett, roh",Pork chop (loin) raw,175,67.75,21.02,10.08,0.0,0,0.15,48.7,6.2,0.0,3.4,55.83
U578100,"Schwein Lachsbraten, roh",Pork meat for roasting (loin) raw,115,73.18,23.56,2.35,0.0,0,0,43.8,3.5,0.0,0.78,49.57
W510000,"Kasseler, Rohpökelware, geräuchert","Pork loin chop, raw cured, smoked",107,72.9,21.97,2.17,0.0,<LOD,0,1230,5.03,0.0,0.851,48.4
U533100,"Schwein Schmetterlingssteak, roh",Pork steak (loin) raw,145,70.3,22.4,6.2,0.0,0,0,43.8,3.5,0.0,2.3,49.57
U577100,"Schwein Kammbraten, roh",Pork meat for roasting (neck) raw,175,68.96,19.21,10.9,0.0,0,0.27,54.3,3.7,0.0,4.05,63.1
U532100,"Schwein Kammsteak, roh",Pork steak (neck) raw,175,68.96,19.21,10.9,0.0,0,0.27,54.3,3.7,0.0,4.05,63.1
V250100,"Wildschwein Fleisch, roh","Wild boar meat, raw",162,70.2,19.5,9.3,0.0,0,0.27,94,9.9,0.0,3.248,62.6
U57B100,"Schwein Ladenbauch, roh","Pork belly for roasting, raw",324,53.05,17.74,28.06,0.0,0,0.43,60.9,4.8,0.0,10.05,61.17
U603100,"Schwein Bauch, mager, sichtbarer Fettanteil max. 25 % (S IV) roh","Pork belly, lean, visible fat content max. 25 % (S IV) raw",289,57.62,16.79,24.63,0.0,0,0.36,57.2,4.9,0.0,9.37,71.78
U604000,"Schwein Bauch, kernig, sichtbarer Fettanteil max. 60 % (S V) roh","Pork belly, firm, visible fat content max. 60 % (S V) raw",307,55.72,16.6,26.68,0.0,0,0.45,59.8,3.8,0.0,9.93,70.3
U583100,Schwein Kochfleisch (Bauch) roh,Pork meat for boiling (belly) raw,324,53.05,17.74,28.06,0.0,0,0.43,60.9,4.8,0.0,10.05,61.17
U57A100,"Schwein Grillbauch, roh","Pork belly for grilling, raw",324,53.05,17.74,28.06,0.0,0,0.43,60.9,4.8,0.0,10.05,61.17
U564100,Schwein Dicke Rippe roh,Pork breast tip cut raw,196,66.13,19.66,13.07,0.0,0,0.25,69.6,8,0.0,4.25,66.48
U603000,"Schwein Fleisch, höherer Sehnenanteil, sichtbarer Fettanteil max. 7 - 10 % (S III) roh","Pork meat, higher tendon content, visible fat content max. 7 - 10 % (S III) raw",203,66.28,19.7,13.76,0.0,0,0.34,58.3,5.2,0.0,5.51,75.28
U571100,Schwein Bratenfleisch (Bug mit Fett und Schwarte) roh,Pork meat for roasting (shoulder with fat and rind) raw,198,65.79,20.4,12.92,0.0,0,0.13,56.9,3.6,0.0,4.2,60.31
U574100,Schwein Bratenfleisch (Bug ohne Fett und Schwarte) roh,Pork meat for roasting (shoulder without fat and rind) raw,135,73.02,20.51,5.83,0.0,0,0,64.2,4.2,0.0,1.8,62.82
U554100,Schwein Gulasch (Restbug) roh,Pork goulash (shoulder strips) raw,121,74,21.51,3.83,0.0,0,0,61.7,4,0.0,1.22,60.31
W441000,Parmaschinken,Parma ham,307,44.6,26.72,21.8,0.13,<LOD,0,2120,14.8,0.13,8.074,86.8
W442000,"Schwarzwälder Schinken, Rohpökelware, geräuchert","Black Forest ham, raw cured, smoked",307,46.9,26.5,21.9,0.13,0,0,2140,5.4,0.13,7.827,75.9
U575100,Schwein Bratenfleisch (Nuss) roh,Pork meat for roasting (thick flank) raw,109,75.31,21.77,2.43,0.0,0,0,54.3,3.6,0.0,0.73,57.1
U543100,Schwein Schnitzel (Nuss) roh,Pork schnitzel (thick flank) raw,109,75.31,21.77,2.43,0.0,0,0,54.3,3.6,0.0,0.73,57.1
U601000,"Schwein Muskelfleisch, roh","Pork muscle meat, raw",105,74.7,22,1.86,0.0,0,0.15,71,5.135,0.0,0.647,65.281
U576100,Schwein Bratenfleisch (Hüfte/Schinkenspeck) roh,Pork meat for roasting (rump) roh,127,72.8,22.28,4.23,0.0,0,0,47.5,3.5,0.0,1.39,57.11
U579100,Schwein Schwartenbraten (Krustenbraten) roh,Pork meat for roasting (silverside) raw,222,63.28,19.9,15.79,0.0,0,0.2,57.4,3.5,0.0,5.14,59.95
U563100,Schwein Roulade (Oberschale) roh,Pork meat for olives (topside) raw,115,74.13,23.01,2.51,0.0,0,0,47.7,3.6,0.0,0.78,54.25
U541100,Schwein Schnitzel (Oberschale) roh,Pork schnitzel (topside) raw,106,74.75,22.2,1.9,0.0,0,0,72,9,0.0,0.715,48.6
U801000,"Schaf Muskelfleisch, roh","Sheep muscle meat, raw",112,75,20.4,3.41,0.0,0,0,94,12,0.0,1.555,65
U726100,"Hammel Kotelett, roh",Mutton chop (loin) raw,348,52,14.9,32,0.0,0,0,90,9,0.0,14.593,64
U727100,"Lamm Kotelett, roh",Lamb chop (loin) raw,217,64.6,18.5,15.9,0.0,0,0,60,4,0.0,7.253,69
U817100,"Lamm Nuss, roh","Lamb thick flank, raw",121,74.3,20,4.6,0.0,0,0,60,4,0.0,2.19,64
U837100,"Lamm Hals/Kamm/Nacken, roh","Lamb scrag, raw",191,67.8,18.6,13,0.0,0,-,66,18,0.0,6.226,69
U816100,"Hammel Filet/Lende, roh","Mutton tenderloin, raw",194,66.7,18.7,13.2,0.0,0,-,75,9,0.0,6.021,69
U811100,"Schaf Filet/Lende, roh","Sheep tenderloin, raw",194,66.7,18.7,13.2,0.0,0,-,75,9,0.0,6.021,69
U754100,Schaf Gulasch (Hals/Kamm/Nacken) roh,Sheep goulash (scrag) raw,180,68.6,18.1,11.9,0.0,0,-,66,18,0.0,5.7,69
U981700,Fleischfond Konserve,Soup basic stock canned,8,97.6,1.48,0.22,0.0,0,-,255,4,0.0,0.11,0
V434100,"Suppenhuhn Fleisch, mit Haut, roh","Boiling fowl meat, with skin, raw",257,60,18.5,20.3,0.0,0,0.3,64.5,11,0.0,6.5,85.36
V416100,"Hähnchen Brustfilet, roh","Chicken breast fillet, raw",109,74.63,23.25,1.81,0.0,0,<LOQ,51.2,4.5,0.0,0.41,68
V417100,"Hähnchen Flügel, mit Haut, roh","Chicken wings, with skin, raw",199,67.53,18.33,13.94,0.0,0,0.34,92.7,9.8,0.0,3.012,110
V334100,"Wildente Fleisch, mit Haut, roh","Wild duck meat, with skin, raw",206,66.5,17.4,15.2,0.0,0,0.3,56,5,0.0,5,80
V444100,"Poularde Fleisch, mit Haut, roh","Poulard meat, with skin, raw",175,68.52,19,11,0.0,0,1.5,39,11.1,0.0,2.4,85.36
V413000,"Hähnchen Fleisch, ohne Haut, roh","Chicken meat, without skin, raw",131,75,20.2,5.6,0.0,0,0.1,79,11,0.0,0.979,67
V484100,"Pute Fleisch, mit Haut, roh","Turkey meat, with skin, raw",157,70.35,20.2,8.5,0.0,0,0.3,63,15,0.0,2.173,74
V320100,"Rebhuhn Fleisch, roh","Partridge meat, raw",248,55,35,12,0.0,0,0.3,100,45,0.0,3.9,85.36
V515100,"Lamm Herz, roh","Lamb heart, raw",132,76.7,17.6,6.8,0.0,0,0,117,6,0.0,2.8,130
U080100,"Rind Leberhack, roh","Beef liver mince, raw",131,69,19.21,3.66,5.3,0,1.7,116,5.8,0.0,1.149,257
V535100,"Lamm Leber, roh","Lamb liver, raw",131,71,20.6,4.92,1.0,0,0,67,5,0.0,1.52,379
V542100,"Kalb Lunge, roh","Veal lungs, raw",90,79.2,17.5,2.17,0.0,0,-,154,5,0.0,0.667,234
V543100,"Schwein Lunge, roh","Pork lungs, raw",114,78.9,13.5,6.67,0.0,0,-,151,3,0.0,2.092,314
V546100,"Hammel Lunge, roh","Mutton lungs, raw",94,78,18.4,2.3,0.0,0,-,205,17,0.0,0.709,215
V563100,"Schwein Milz, roh","Pork spleen, raw",102,77.4,17.2,3.64,0.0,0,-,100,7,0.0,1.846,250
V561100,"Rind Milz, roh","Beef spleen, raw",100,76.7,18.5,2.9,0.0,0,-,99,6.5,0.0,1.472,250
V566100,"Hammel Milz, roh","Mutton spleen, raw",108,76.2,18,4,0.0,0,-,84,9,0.0,2.028,250
V574100,"Schaf Niere, roh","Sheep kidney, raw",89,79.2,15.7,2.95,0.0,0,0.1,156,13,0.0,0.98,337
V571100,"Rind Niere, roh","Beef kidney, raw",111,76.1,16.2,5.14,0.0,0,0.1,196,11,0.0,2.416,340
V573100,"Schwein Niere, roh","Pork kidney, raw",102,78.3,17,3.765,0.0,0,0.1,147,7.2,0.0,1.159,405
V576100,"Hammel Niere, roh","Mutton kidney, raw",93,78.5,16.5,3.03,0.0,0,0.1,198,13,0.0,1.006,354
V585100,"Lamm Bries, roh","Lamb sweetbread, raw",81,80.6,13.2,3.16,0.0,0,0.1,57,5,0.0,1.6,210
V595100,"Lamm Zunge, roh","Lamb tongue, raw",227,67.2,14.8,18.6,0.0,0,0.1,77,6,0.0,5.9,134
V636100,"Gans Leber, roh","Goose liver, raw",109,71.8,16.4,4.28,1.2,0,0.68,140,43,0.0,1.6,515
V438100,"Suppenhuhn Innereien, roh","Boiling fowl giblets, raw",154,69.8,17.9,9.21,0.0,0,0.68,77,10,0.0,2.42,240
V635100,"Ente Leber, roh","Duck liver, raw",121,71.8,18.7,4.64,1.2,0,0.68,108,11,0.0,1.4,515
V551100,"Rind Magen/Kutteln, roh","Beef stomach/tripe, raw",80,83.2,13.5,2.84,0.0,0,0.2,89,90,0.0,1.17,120
V553100,"Schwein Magen, roh","Pork stomach, raw",158,73.5,16.8,10.1,0.0,0,0.1,75,11,0.0,4.02,223
W149300,Salami (Schwein),Pork salami,374,40.1,23.54,30.9,0.0,<LOD,0,1640,23,0.0,12.309,83.7
W288100,Geflügelmortadella,Poultry mortadella,229,62.685,12.57,19.09,0.009,0.48,0,920,17.19,0.0,7.317,78.8
W874200,Cocktailwürstchen Konserve,Cocktail sausage small canned,228,64.6,12.5,19.5,0.0,0,0,711,9.5,0.0,6.871,66.75
W874300,Wiener Würstchen Konserve,Vienna sausage canned,228,64.6,12.5,19.5,0.0,0,0,711,9.5,0.0,6.871,66.75
W212000,Geflügel-Wiener Würstchen,Poultry Vienna sausage,232,63.7,13.62,18.98,1.01,0,TR,885,13.5,1.01,5.094,77.4
W870400,"Lyoner/Lyoner Wurst, Konserve",Lyon sausage canned,281,59.8,12.25,25.5,0.25,0,0,805,6.8,0.24,9.01,60.6
W231200,Mortadella/Schinkenwurst fein zerkleinert,Mortadella/Ham bologna finely minced,264,59.9,13.5,23,0.25,0,0,805,6.8,0.24,8.132,60.6
W245000,Lyoner weiß,White Lyoner sausage,281,59.8,12.25,25.5,0.25,0,0,805,6.8,0.24,9.01,60.6
W255100,Lyoner grob,Lyoner sausage coarsely minced,281,59.8,12.25,25.5,0.25,0,0,805,6.8,0.24,9.01,60.6
W234000,Fleischwurst,Bologna,306,56.6,12.11,28.3,0.25,<LOD,0,975,29,0.24,11.044,58.7
W241000,Gelbwurst,Gelbwurst sausage (uncured),298,57.5,11.55,27.7,0.25,<LOD,0,1000,29,0.24,10.528,55.4
W871700,"Bierwurst/Blasenwurst, Konserve",Bierwurst canned,275,59,13.73,24,0.46,0.18,0,736,8.6,0.46,8.66,47.25
W880100,Leberwurst Konserve,"Liver sausage high quality, canned",357,48.4,12.3,33.15,2.05,0,0,750,5.6,1.915,12.13,134
W314000,Kalbsleberwurst,Veal liver sausage,351,50.2,13.55,32,1.933,<LOD,0,784,11,1.915,12.583,120
W424000,"Schwein Kochschinken, Kochpökelware","Pork ham, cooked cured",130,70.22,22.5,3.7,0.74,0,0,904,8.82,0.74,1.328,60
X412263,Geflügelkraftbrühe (Huhn),Poultry consomme (chicken),5,98,0.5,0.3,0.0,0,-,340,4,0.0,-,0
X412463,Fischkraftbrühe,Fish consomme,8,97,1,0.4,0.0,0,-,295,17,0.0,-,0
X412053,Rinderkraftbrühe,Beef consomme,3,97,0.4,0.2,0.0,0,-,225,4,0.0,-,0
X411363,Wildbrühe,Game stock,3,97,0.4,0.2,0.0,0,-,225,4,0.0,-,0
X413663,Doppelte Rinderkraftbrühe,Double beef consomme,3,97,0.4,0.2,0.0,0,-,225,4,0.0,-,0
X411563,Kalbsbrühe,Veal stock,3,97,0.4,0.2,0.0,0,-,225,4,0.0,-,0
X412363,Wildkraftbrühe,Game consomme,3,97,0.4,0.2,0.0,0,-,225,4,0.0,-,0
C211100,Weizen Vollkornschrot,Wheat coarse meal,331,12.65,12.8125,1.833,59.213,13.26,0,8,29.4,1.053,0.227,0
C113000,Weizen Flocken,Wheat flakes,331,12.65,12.8125,1.833,59.213,13.26,0,8,29.4,1.053,0.308,0
C219100,Hartweizen Vollkorngrieß,Durum wheat wholemeal semolina,346,11.92,14.4,2.32,60.94,11.76,0,0.7,36,1.07092,0.35,0
C219200,"Hartweizen ganzes Korn, roh","Durum wheat whole grain, raw",346,11.92,14.4,2.32,60.94,11.76,0,0.7,36,1.07092,0.35,0
C119100,Bulgur (Hartweizen) roh,Bulgur (durum wheat) raw,353,9.6,12.4,2,68.0,6.7,0,11,32,1.9,0.28,0
C119200,Couscous (Hartweizen) roh,Couscous (durum wheat) raw,350,11.05,11.692,1.7,68.92,6.17,0,6.4,25.8,1.0625,0.241,0
C117000,Weizen Grütze,Wheat groats,352,13.33,13.36,1.48,68.92,4.84,0,0.7,24.4,1.0625,0.19,0
C121000,"Roggen ganzes Korn, roh","Rye whole grain, raw",302,13.7,11,1.7,53.844,13.4,0,4,30.8,1.424,0.31,0
C236100,Dinkel Flocken,Spelt flakes,337,12.82,14.25,2.45,58.82,11.53,0,0.7,25.7,1.04027,0.24,0
C457000,Reis Kleie,Rice bran,380,11.3,14.1,20.8,17.2,34.061,0,5,57,1.5,3.6,0
C240100,"Emmer ganzes Korn, roh","Emmer wheat whole grain, raw",342,12.52,13.09,2.34,63.27,7.94,0,0.7,32.4,1.11436,0.25,0
C240200,Emmer Flocken,Emmer wheat flakes,342,12.52,13.09,2.34,63.27,7.94,0,0.7,32.4,1.11436,0.25,0
C241200,Einkorn Flocken,Einkorn wheat flakes,337,11.94,13.93,2.86,58.9,10.07,0,0.7,41,1.17664,0.27,0
C241100,"Einkorn ganzes Korn, roh","Einkorn wheat whole grain, raw",337,11.94,13.93,2.86,58.9,10.07,0,0.7,41,1.17664,0.27,0
C413000,Grünkern Vollkornmehl,Green spelt flour,321,10,10.399,2,59.18,12.16,0,3,20,2.48354,0.296,0
C412000,Grünkern Vollkornschrot,Green spelt coarse meal,329,10.54,11.07,2.68,59.18,12.16,0,0.7,27.6,2.48354,0.38,0
C317000,Grünkern Grütze,Green spelt groats,329,10.54,11.07,2.68,59.18,12.16,0,0.7,27.6,2.48354,0.38,0
C326000,Buchweizen Grieß,Buckwheat semolina,350,12,12.52,3.12,65.08,5.91,0,0.3,15.4,1.0183,0.46,0
C433100,Braunhirse Mehl,Brown millet flour,337,10.6,11.1,3.74,55.81,17.71,0,0.4,11.4,0.73077,0.46,0
C534200,"Cerealien extrudiert, gesüßt, ungefüllt, mit Zimtgeschmack, angereichert mit Vitaminen und Mineralstoffen","Extruded cereals sweetened, unfilled, cinnamon flavoured, fortified with vitamins and minerals",424,3,8.36,9.38,73.36,5.14,0,127,635,23.41,3.46,0.5
E131100,Entenei roh,Duck egg raw,182,70.9,12.8,14.4,0.34,0,5,100,63,0.34,3.852,852
F112600,Apfelsaft angereichert mit Vitamin C,Apple juice fortified with vitamin C,44,88.05,0.097,0,10.585,0.31,0,6,5,9.585,0,0
F310600,Traubensaft,Grape juice,68,84.455,0.21,0,16.35,0.31,0,3,11,15.35,0,0
F501600,Ananassaft,Pineapple juice,47,86.8,0.4,0.1,10.709,0.31,0,4,13,9.709,0.02,0
F212100,Sauerkirsche roh,Sour cherry raw,69,85.14,0.9,0.5,13.746,1.1,0,1,9.1,12.746,0.11,0
F223100,Zwetschge roh,Blue plum raw,48,87.071,0.3,0.17,10.71,1.7,0,0.8,8,8.1,0.022,0
F211100,Süßkirsche roh,Sweet cherry raw,70,82.63,0.9,0.31,15.33,1.9,0,0.236,14,13.66,0.07,0
F310100,Weintraube roh,Grape raw,61,83.1,0.75,0.28,12.18,1.6,0,6,10,12.08,0.0625,0
F225100,Reineclaude roh,Greengage raw,61,80.9,0.84,<LOD or <LOQ,13.4,2.25,0,1,14,10.8,0,0
F224100,Mirabelle roh,Mirabelle plum raw,74,82.4,0.73,0.2,16.78,1.7,0,<LOD or <LOQ,12,14.17,0.026,0
F305100,Stachelbeere roh,Gooseberry raw,50,87.15,0.875,0.15,9.836,2.95,0,2,29,7.226,0.0137,0
F601100,Zitrone roh,Lemon raw,40,87.667,0.7,0.4,3.16,1.29,0,4,32,3.16,0.131,0
F605100,"Pampelmuse/Pomelo, roh",Pomelo raw,46,86.8,0.9,0.4,7.77,2.2,0,2,19,7.77,0.1,0
F607100,Clementine roh,Clementine raw,48,86.6,0.85,0.15,9.19,1.7,0,1,30,9.19,0.02,0
F604100,Grapefruit roh,Grapefruit raw,35,89.8,0.5,0.15,6.5,0.6,0,1,24,6.5,0.0342,0
F606100,Mandarine roh,Mandarin raw,53,87.3,1,0.3,10.1,1.12,0,2.9,26,10.1,0.042,0
F522100,"Lulo/Naranjilla, roh",Naranjilla raw,48,88.5,1,0.15,8.85,2.2,0,2,14,8.85,0.045,0
F840300,Korinthe (Weinbeere getrocknet),Currant (grape dried),309,13.8,2.2,1,67.512,5.4,0,9.96,69.8,66.62,0.2,0
G109100,Zuckerhutsalat roh,Sugar loaf chicory raw,13,94.185,1.25,0.2,0.83,1.22,0,43,54,0.83,0.021,0
G430100,Gemüsefenchel roh,"Fennel/Florence fennel, raw",27,92.4,1.4,0.2,3.43,3.3,0,27,37.667,2.97,0.044,0
G324100,Pak Choi roh,Pak choi raw,16,92,1.8,0.2,1.0,1.7,0,13,75,0.8,0.012,0
G680100,Rettich roh,Radish raw,21,94.507,1.05,0.15,2.97,1.2,0,22,24,1.981,0.033,0
G691100,Radieschen roh,Small red radish raw,18,94.05,1.05,0.14,2.31,1.5,0,22,25,2.133,0.033,0
G414100,"Gemüseartischocke/Kardone, roh",Cardoon raw,19,94,0.7,0.1,2.69,1.6,0,170,70,2.51,0.011,0
G492100,Bärlauch roh,Wild garlic raw,26,89.384,1.9,0.19,2.934,2.18,0,12,76,2.89,-,0
G012902,"Kapern gesäuert, abgetropft","Capers pickled, canned, drained",22,85.2,2.12,0.42,0.0,2.4,0,2780,46.4,0.0,0,<LOD
R211200,"Ingwer/Ingwerwurzel, roh",Ginger root raw,48,86.4,1.92,0.75,6.8,1.9,0,12,16,0.53,0.2,0
G693100,Wasabi roh,"Japanese horseradish/wasabi root, raw",90,69.1,4.8,0.63,11.67,7.8,0,17,128,8.25,0.1,0
H731400,Lupinenmehl,Lupin flour,327,7.3,37.716,8.8,6.6,35.1,0,5,220,6.0,0.93,0
H710400,Erbsenmehl,Pea flour,280,11.2,20.905,1.3,40.5,11.367,0,24,47,3.3,0.13,0
H720400,Kichererbsenmehl,Chickpea flour,322,7.3,20.043,5.8,39.6,15.4,0,23,86,2.411,0.5,0
H160600,Pekannuss geröstet ohne Fett,Pecan roasted without fat,750,1.12,11.2,74.3,4.3,9.4,0,1,72,4.1,5.7,0
H190100,Macadamianuss,Macadamia nut,736,2.5,8.797,73,5.2,11.432,0,4,60.5,4.1,10.7,0
H220100,Mandel bitter,Bitter almond,544,5.3,22.333,46.6,3.87,10,0,2.07,84.864,3.634,4.007,0
H210200,"Mandel süß, blanchiert",Sweet almond blanched,544,5.3,22.333,46.6,3.87,10,0,2.07,84.864,3.634,4.007,0
H210600,"Mandel süß, geröstet ohne Fett",Sweet almond roasted without fat,550,1.7,22,46.6,3.87,13.7,0,130,238.7,3.634,4.007,0
H730000,Linse rot reif,Lentil red mature,334,8.5,25.6,2.17,48.8,8.5,0,7,45,1.2,0.379,0
H011000,Sojaproteinisolat,Soya bean protein isolate,384,4.98,88.3,3.39,0.0,TR,0,1000,178,0.0,0.42,0
H841400,"Sojadrink ungesüßt, angereichert mit Vitaminen und Calcium","Soya drink unsweetened, fortified with vitamins and calcium",30,93.49,3.22,1.297,0.4,1.75,0,25.476349,120,0.389,0.187,0
K706100,Butterpilz roh,Brown-yellow boletus (slippery jack) raw,31,91.1,2.548,0.36,3.27,4.48,0,6,25,0.53,0.064,0
K704100,Birkenpilz roh,Brown birch bolete raw,46,88.5,4.7,0.62,3.27,6.49,0,2,1.89,0.53,0.11,0
K717100,Rotkappe roh,Orange birch bolete raw,34,92.3,2.173,0.78,3.27,4.72,0,<LOD or <LOQ,30,0.53,0.138,0
M0A1000,Mozzarella mind. 20 % Fett i. Tr.,Mozzarella min. 20 % fat in dry matter,158,67.691,19.912,8.5,0.0,0,0,217,440,0.0,5.7,26.2
M114100,"Milch entrahmt, höchstens 0,1 % Fett, laktosefrei, pasteurisiert","Milk skimmed, fresh, max. 0.1 % fat, lactose-free, pasteurised",35,90.7,3.418,0.07,5.1,0,0,53,123,5.1,0.043,2.1
M113100,"H-Milch entrahmt, höchstens 0,5 % Fett, ultrahocherhitzt","Milk skimmed, max. 0.5 % fat, ultra-heated",35,91.2,3.51,0.208,4.676,0,0,40,114,4.676,0.142,2.1
M141100,"Joghurt aus entrahmter Milch, max. 0,5 % Fett","Yogurt from skimmed milk, max. 0.5 % fat",48,89.8,5.27,0.1,5.83,0,0,55,143,5.83,0.0577,0.27
M130500,Sahnekefir mind. 10 % Fett,Kefir min. 10 % fat,120,82.669,2.95,10,3.85,0,0,43,112,3.85,6.8,37
M130100,"Kefir aus entrahmter Milch, max. 0,5 % Fett","Kefir from skimmed milk, max. 0.5 % fat",37,91.395,3.261,0.5,4.25,0,0,47,124,4.25,0.2,2
M130200,"Kefir fettarm, mind. 1,5 % bis max. 1,8 % Fett","Kefir low-fat, min. 1.5 % to max. 1.8 % fat",46,90.476,3.228,1.5,4.22,0,0,47,122,4.22,0.8,6
M121200,"Dickmilch/Sauermilch, fettarm, mind. 1,5 % bis max. 1,8 % Fett","Soured milk (thick) low-fat, min. 1.5 % to max. 1.8 % fat",52,89.3,3.4,1.5,5.2,0,0.03,50,120,5.2,0.79,6
M1B2200,"Joghurt fettarm, mind. 1,5 % bis max. 1,8 % Fett, laktosefrei","Yogurt low-fat, min. 1.5 % to max. 1.8 % fat, lactose-free",63,88.9,5.035,1.6,6.31,0,0.028,57,114,6.04,0.92,4.25
M148200,"Joghurt fettarm, mind. 1,5 % bis max. 1,8 % Fett, mit Magermilchpulverzusatz","Yogurt low-fat, min. 1.5 % to max. 1.8 % fat, fortified with skimmed milk powder",59,88.1,4.3,1.5,6.1,0,0.03,60,160,5.8,0.79,6
M121500,"Sahnedickmilch/Sahnesauermilch, mind. 10 % Fett",Soured milk (thick) min. 10 % fat,123,81.6,3.1,10,4.5,0,0.23,50,110,4.5,5.3,37
M148500,"Sahnejoghurt mind. 10 % Fett, mit Magermilchpulverzusatz","Yogurt min. 10 % fat, fortified with skimmed milk powder",131,79.7,4,10,5.5,0,0.2,60,150,5.5,5.3,37
M172500,"Sauerrahm/Saure Sahne, mind. 10 % Fett",Sour cream min. 10 % fat,119,82.1,3.1,10,4.1,0,0.2,40,110,4.1,5.3,37
M162000,Sauermolke,Sour whey,22,93.6,0.68,0.09,4.2,0,0,49,102,4.2,0.05,2
M172900,"Sauerrahm/Creme fraiche, 40 % Fett",Sour cream 40 % fat,397,51.3,2.1,42,2.0,0,0.5,29,66,2.0,21.9,123
M172700,"Sauerrahm/Schmand, mind. 20 % Fett",Sour cream min. 20 % fat,206,71.9,2.8,20,3.0,0,0.4,40,100,3.0,10.4,65
M301700,Appenzeller mind. 50 % Fett i. Tr.,Appenzeller cheese min. 50 % fat in dry matter,403,36.2,26.646,32.5,0.0004,0,0.63,620,740,0.0004,22.583,84.2
M305700,Greyerzer mind. 50 % Fett i. Tr.,Gruyère cheese min. 50 % fat in dry matter,399,35.57,26.9,32.1,0.0,0,0.7,590,880,0.0,17.12,85.2
M306400,Parmesan mind. 30 % Fett i. Tr.,Parmesan cheese min. 30 % fat in dry matter,391,30.544,35.6,27.43,0.056,0,0.65,667,1176.13,0.056,17.826,68.5
M402400,Gouda mind. 30 % Fett i. Tr.,Gouda cheese min. 30 % fat in dry matter,266,51,29.587,16,0.0,0,0.32,930,958.42,0.0,8.4,37
M403400,Tilsiter mind. 30 % Fett i. Tr.,Tilsit cheese min. 30 % fat in dry matter,273,46.2,28.7,17.2,0.049,0,0.32,573,990,0.049,10.606,45.7
M400400,Schnittkäse mind. 30 % Fett i. Tr.,Semi-hard cheese min. 30 % fat in dry matter,266,48.812,27.882,16.8,0.049,0,0.33,509,795,0.049,11.6,45
M403500,Tilsiter mind. 40 % Fett i. Tr.,Tilsit cheese min. 40 % fat in dry matter,303,48,24.8,22.3,0.0,0,0.45,600,800,0.0,11.7,52
M402500,Gouda mind. 40 % Fett i. Tr.,Gouda cheese min. 40 % fat in dry matter,313,48,24.7,23.4,0.0,0,0.45,930,958.42,0.0,11.7,52
M400500,Schnittkäse mind. 40 % Fett i. Tr.,Semi-hard cheese min. 40 % fat in dry matter,317,44.819,25.86,23.4,0.0,0,0.29,770,793,0.0,16.2,62.1
M400700,Schnittkäse mind. 50 % Fett i. Tr.,Semi-hard cheese min. 50 % fat in dry matter,375,39.8,24.8,30.3,0.0,0,0.6,594,724,0.0,21.2,81
M508600,Havarti mind. 45 % Fett i. Tr.,Havarti cheese min. 45 % fat in dry matter,342,43.4,24,26.8,0.074,0,0.27,755,678,0.074,17.354,59
M400800,Schnittkäse mind. 60 % Fett i. Tr.,Semi-hard cheese min. 60 % fat in dry matter,419,40,19,37.8,0.0,0,0.76,600,600,0.0,26.3,88
M404700,Wilstermarschkäse mind. 50 % Fett i. Tr.,Wilstermarsch cheese min. 50 % fat in dry matter,362,44,21.623,30.3,0.0,0,0.6,647,693,0.0,18.6,71
M619700,Bel Paese mind. 50 % Fett i. Tr.,Bel Paese cheese min. 50 % fat in dry matter,376,38.9,25.4,30.2,0.01,0,0.53,792,604,0.0,18.85,80.2
M500800,Schnittkäse halbfest mind. 60 % Fett i. Tr.,Semi-soft cheese min. 60 % fat in dry matter,384,44,17,34.7,0.01,0,0.7,792,1013.95,0.0,24.109,81
M512400,Steppenkäse mind. 30 % Fett i. Tr.,Steppenkäse cheese min. 30 % fat in dry matter,246,52,26.3,15.4,0.01,0,0.31,800,800,0.0,8.1,36
M500400,Schnittkäse halbfest mind. 30 % Fett i. Tr.,Semi-soft cheese min. 30 % fat in dry matter,245,52,26.525,15.2,0.01,0,0.3,601,851,0.0,8.4,35
M512600,Steppenkäse mind. 45 % Fett i. Tr.,Steppenkäse cheese min. 45 % fat in dry matter,328,46,24.1,25.4,0.01,0,0.58,600,750,0.0,13.4,59
M500500,Schnittkäse halbfest mind. 40 % Fett i. Tr.,Semi-soft cheese min. 40 % fat in dry matter,268,52,21.878,19.7,0.01,0,0.39,1405,401,0.0,11,46
M500700,Schnittkäse halbfest mind. 50 % Fett i. Tr.,Semi-soft cheese min. 50 % fat in dry matter,329,48,19.913,27.3,0.01,0,0.55,1394,398,0.0,15.2,64
M600400,Weichkäse mind. 30 % Fett i. Tr.,Soft cheese min. 30 % fat in dry matter,214,58.2,23.021,13.5,0.0,0,0.17,669,600,0.0,7.443,35.8
M600300,Weichkäse mind. 20 % Fett i. Tr.,Soft cheese min. 20 % fat in dry matter,185,58.5,26.4,8.57,0.01,0,0.18,709,610,0.0,4.724,22.8
M713500,"Speisequark Fettstufe, 40 % Fett i. Tr.",Quark 40 % fat in dry matter,159,73.5,10.874,11.4,2.6,0,0.19,34,95,2.6,6.173,30.3
M827700,"Frischkäsezubereitung mind. 50 % Fett i. Tr., mit Gemüse/Kräutern","Cream cheese preparation min. 50 % fat in dry matter, with vegetables/herbs",190,70,9.3,15.3,3.0,0,0.31,400,100,3.0,8,57
M712500,Schichtkäse mind. 40 % Fett i. Tr.,Layered cheese min. 40 % fat in dry matter,160,73.26,10.8,11.3,3.2,0,0.2,42,96,3.2,6.117,30
M820200,"Frischkäsezubereitung Natur, mind. 10 % Fett i. Tr.",Cream cheese preparation min. 10 % fat in dry matter,86,81.4,11.6,2.8,3.0,0,0,200,100,3.0,1.9,7
M820100,Frischkäsezubereitung Natur < 10 % Fett i. Tr.,Cream cheese preparation < 10 % fat in dry matter,64,83.5,11.9,0.2,3.0,0,0,200,100,3.0,0.1,0
M820600,"Frischkäsezubereitung Natur, mind. 45 % Fett i. Tr.",Cream cheese preparation min. 45 % fat in dry matter,173,72.135,12.2,12,3.34,0,0.25,211,87,3.34,7.9,31.8
M820500,"Frischkäsezubereitung Natur, mind. 40 % Fett i. Tr.",Cream cheese preparation min. 40 % fat in dry matter,165,72.955,12.4,11,3.39,0,0.23,214,88,3.39,7.2,29.2
M827300,"Frischkäsezubereitung mind. 20 % Fett i. Tr., mit Gemüse/Kräutern","Cream cheese preparation min. 20 % fat in dry matter, with vegetables/herbs",137,73.5,13.2,7.5,3.6,0,<LOD or <LOQ,390,120,3.6,3.9,28
M780300,Kochkäse mind. 20 % Fett i. Tr.,German cooked cheese min. 20 % fat in dry matter,124,73,13.8,5.6,3.8,0,0.13,400,180,3.8,3.658,14
M780500,Kochkäse mind. 40 % Fett i. Tr.,German cooked cheese min. 40 % fat in dry matter,156,70,12.8,10.5,1.7,0,0.2,546,130,1.7,6.86,29
M810400,Schmelzkäsezubereitung mind. 30 % Fett i. Tr.,Processed cheese preparation min. 30 % fat in dry matter,219,58,15,14,7.4,0,0.28,1100,600,7.4,7.1,32
M827100,"Frischkäsezubereitung < 10 % Fett i. Tr., mit Gemüse/Kräutern","Cream cheese preparation < 10 % fat in dry matter, with vegetables/herbs",84,78.2,16.461,0.2,3.4,0,0,401,123,3.4,0.1,1
N310300,Orangenlimonade,Orange soft drink,33,91.06,TR,0,8.35,0,0,1,2,8.35,0,0
N330000,Colagetränk koffeinhaltig,Cola beverage caffeinated,41,90.29,0,0,10.3,0,0,1,1,10.3,0,0
N120000,Natürliches Mineralwasser,Natural mineral water,0,100,0,0,0.0,0,0,2.7,10,0.0,0,0
N323000,Brause,Carbonated sherbet,37,91.237,0,0,9.0,0,0,9,2,9.0,0,0
N311000,Limonade mit Süßungsmitteln,Carbonated soft drink with artificial sweeteners,1,100.16,0,0,0.1,0,0,10,2,0.1,0,0
N321000,Brause mit Zucker und Süßungsmitteln,Carbonated sherbet with sugar and artificial sweeteners,15,96.751,0,0,3.5,0,0,10,2,3.5,0,0
N316000,Limonade mit Gewürzauszügen und Süßungsmitteln,Carbonated soft drink with spice extracts and artificial sweeteners,2,100.53,0,0,0.0,0,0,1,2,0.0,0,0
N710000,Früchtetee (Getränk),Fruit tea (infusion),0,100,TR,0,0.0,0,0,2.06,10.16,0.0,0,0
N721000,Pfefferminztee (Getränk),Peppermint tea (infusion),0,100,0,0,0.0,0,0,2.9,7.4,0.0,0,0
P163110,"Pilsner Bier, 0,0 % vol",Pilsner beer 0.0 % vol,19,90.51,0.413,0,4.4,0,0,1.5,5.1,2.3,0,0
P166000,Export dunkel,Dark export beer,27,91.1,0.4,0,0.172,0,0,3,3,0.172,0,0
P273100,Rotling trocken,Rotling wine dry,64,88.9,0.1,0,0.7,0,0,4,12,0.7,0,0
P341600,Wermutwein süß,Vermouth sweet,140,72.3,0.1,0,14.6,0,0,10,6,14.6,0,0
P432000,Madeirawein,Madeira wine,153,71.1,0.1,0,11.9,0,0,4,8.4,11.9,0,0
P464000,Sherry sweet,Sherry sweet,211,53,0.1,0,36.7,0,0,18,5,36.7,0,0
P530000,Fruchtaromalikör,Fruit aroma liqueur,294,51.8,0.1,0,31.8,0,0,27,8,31.8,0,0
P510000,Fruchtsaftlikör,Fruit juice liqueur,235,47.7,0.1,0,31.8,0,0,27,8,31.8,0,0
P461000,Sherry dry,Sherry dry,101,83.7,0.1,0,0.08,0,0,29,8,0.05,0,0
P463000,Sherry cream,Sherry cream,141,72.5,0.1,0,13.4,0,0,25,7,13.4,0,0
Q330000,Traubenkernöl,Grapeseed oil,900,TR,0,100,0.0,0,0,1.65,0.441701,0.0,11.3,0.52
Q340000,Distelöl/Safloröl,Safflower oil,900,TR,0,100,0.0,0,0,1.65,0.441701,0.0,9.18,2.055
Q160000,Leinöl,Linseed oil,900,TR,0,100,0.0,0,0,1.65,0.441701,0.0,9.5,4.3
Q170000,Hanföl,Hemp oil,900,0,0,100,0.0,0,0,1.65,0.441701,0.0,9.6,2.055
Q230000,Sesamöl,Sesame oil,900,TR,0,100,0.0,0,0,1,15,0.0,14.8,1.4
Q220000,Weizenkeimöl,Wheat germ oil,900,TR,0,100,0.0,0,0,1,15,0.0,17.378,2.6
Q350000,Mohnöl,Poppy seed oil,900,TR,0,100,0.0,0,0,0,0,0.0,11.5,<LOD or <LOQ
Q940000,"Bratöl/Frittieröl, pflanzlich",Vegetable deep-frying oil,900,0.037,TR,100,0.0,0,0,0.28,1.57,0.0,7.5,0.47
Q150000,"Palmfett/Palmöl, raffiniert","Palm fat/palm oil, refined",900,TR,0,100,0.0,0,0,0,0,0.0,48.36,1.6
Q150100,Palmfett gehärtet,Palm fat hydrogenated,900,TR,TR,100,0.0,0,0,0,0,0.0,52.2,0
Q530000,Kakaobutter,Cocoa butter,900,TR,TR,100,0.0,0,0,0,0,0.0,59.9,2.7
Q520000,Sheabutter,Shea butter,900,TR,TR,100,0.0,0,0,0,0,0.0,43.26,0.71
Q550200,Kokosfett gehärtet,Coconut fat hydrogenated,900,TR,TR,100,0.0,0,0,0,0,0.0,92.1,0
Q550100,Kokosöl desodoriert,Coconut oil deodorized,900,TR,TR,100,0.0,0,0,0,0,0.0,85.7,0
Q810000,Entenfett,Duck fat,900,0,0,100,0.0,0,-,10,0,0.0,27.68,107
Q820000,Gänsefett/Gänseschmalz,Goose lard/fat,900,TR,0,100,0.0,0,-,10,0,0.0,27.68,107
R122000,Branntweinessig,Distilled vinegar,25,94.8,0,0,0.0,0,0,83,9.9,0.0,0,0
R125000,Balsamicoessig,Balsamic vinegar,95,79.85,0,<LOD,20.04,<LOD,0,22,16,20.04,0,<LOD
R160000,Tomatenmark,Tomato paste,81,72.5,3.4,0.2,13.2,4.7,0,320,52,12.9,0.04,0
R381200,Zitronat/Sukkade,Candied lemon peel,259,23.5,0,<LOD or <LOQ,62.9,3.3,0,56,71,62.9,0,0
S151100,Ahornsirup,Maple syrup,240,32.2,0.04,0.06,59.9,-,0,12,102,59.9,0.007,0
S353000,Fondant mit Pfefferminzgeschmack,Peppermint creams,339,14,0.7,3.1,77.0,0,0,17,3,76.0,-,0
S355000,Fondantkonfekt,Fondant confectionery,339,14,0.7,3.1,77.0,0,0,17,3,76.0,-,0
S356000,Fondantcreme,Fondant cream,351,17.1,0.7,3.1,80.0,0,0,17,3,79.0,-,0
S740000,Trinkschokoladenpulver,Instant hot chocolate powder (for drinking chocolate),370,1.8,7.97,5.87,68.131,6.57,<LOD,8.7,62.7,64.954,3.24,0.4
S723000,Getränkepulver kakaohaltig,Beverage powder containing cocoa,377,2.62,5.2,2.36,80.395,6.57,<LOD,81.2,34.6,78.422,1.243,0.4
S672000,Schokoladen-Dekor,Chocolate decorations,520,0.38,5.49,28.36,57.5,6.57,0.01,8.7,42.6,55.354,16.87,8.2
S610000,Pralinen,Pralines,555,0.92,6.34,35.13,52.01,2.52,0.02,74.2,196.4,51.38,21.12,17.3
S622900,Sahnepralinen,Cream pralines,567,1,7,36.02,51.917,3.38,0.03,66.8,187.5,51.051,21.73,17.1
S560000,Zartbitter-/Halbbitterschokolade,Bittersweet/semisweet chocolate,534,0.82,6.62,32.26,49.6,9.27,<LOD,8.7,49.9,46.9,19.42,3.3
S331000,Toffee/Sahnetoffee,Toffee/cream toffee,500,4,2,15.9,75.1,0.56,0,312,74,51.3,8.58,17
T121902,"Thunfisch im eigenen Saft, Konserve, abgetropft","Tuna canned, drained",95,74.6,22.87,0.41,0.0,<LOD,1.4675,360,10,0.0,0.1583,52.3
T124100,Gelbflossen-Thun roh,Yellowfin tuna raw,102,73.3,24.4,0.49,0.0,0,2.7,48,4,0.0,0.172,39
T122100,Weißer Thun roh,Albacore raw,121,69.5,27.2,1.37,0.0,0,2.23,77.7,3.5,0.0,0.24,35.2
T120100,Pelamide roh,Atlantic bonito raw,139,70,22.4,5.52,0.0,0,4.54,43,40,0.0,0.63,82
T121200,Thunfisch tiefgefroren,Tuna deep-frozen,107,74.9,25.2,0.7,0.0,0,3.2,66,4,0.0,0.198,82
T201100,"Brosme/Lumb, roh",Cusk raw,74,81.18,17.3,0.55,0.0,0,-,113,17,0.0,0.147,26
T206600,Schellfisch geräuchert,Haddock smoked,93,75.3,22.1,0.47,0.0,0,-,557,20,0.0,0.095,35.3
T213200,"Alaska-Pollack/Alaska-Seelachs, tiefgefroren",Alaska pollock deep-frozen,72,83.7,16.4,0.7,0.0,0,0,68,12,0.0,0.127,47
T412100,Buckellachs roh,Pink salmon raw,124,75.6,21,4.4,0.0,0,9.6,62,9,0.0,0.81,47
T417100,Wildlachs roh,Pacific salmon raw,180,69.2,19.9,11.2,0.0,0,3.8,48,16,0.0,2.398,56
T422112,"Forelle/Regenbogenforellen-Filet mit Haut, roh","Trout/rainbow trout fillet with skin, raw",136,73.61,18.96,6.47,0.0,0,7.9,43.9,40.9,0.0,1.081,56
T406100,"Felchen/Maräne/Renke/Schnäpel, roh",Whitefishes raw,113,74,20.625,3.21,0.0,0,7.9,148,60,0.0,0.69,56
T424100,Meerforelle roh,Sea trout raw,108,77,18.4,3.61,0.0,0,7.9,58,18,0.0,0.88,83
T422200,Forelle tiefgefroren,Trout deep-frozen,129,76.1,19.9,5.3,0.0,0,6.99,110,21,0.0,0.885,60
V272100,"Rentier Fleisch, roh","Reindeer meat, raw",106,72.8,22.6,1.7,0.0,0,0.4,64,10,0.0,0.6,75
U104100,"Rind Fleisch, vom Knochen, roh","Beef bonemeat, raw",105,74.11,22,1.9,0.0,0,0.4,66,31.7,0.0,0.595,58.313
U205300,"Rind Knochenmark, roh","Beef marrow, raw",852,4,1.5,94,0.0,0,-,10,-,0.0,42.704,64
U405000,"Kalb Fettgewebe, subkutan roh","Veal fatty tissue, subcutaneous, raw",852,4,1.5,94,0.0,0,-,10,0,0.0,40.279,64
U461100,"Kalb Bug/Schulter, roh","Veal shoulder, raw",94,76.2,21.2,1.01,0.0,0,0.4,87,12,0.0,0.423,63
U151100,Rind Gulasch (Bug) roh,Beef goulash (shoulder) raw,128,73.1,20.2,5.3,0.0,0,0.4,50,3.818,0.0,2.325,56.7
U231100,"Rind Hals/Kamm/Nacken, roh","Beef neck/chuck, raw",149,76.1,19.25,8.05,0.0,0,0.4,43,6.48,0.0,3.615,60
U171100,Rind Bratenfleisch (Bug) roh,Beef meat for roasting (shoulder) raw,128,73.1,20.2,5.3,0.0,0,0.4,50,3.818,0.0,2.325,56.7
U184100,Rind Kochfleisch (Bug) roh,Beef meat for boiling (shoulder) raw,128,73.1,20.2,5.3,0.0,0,0.4,50,3.818,0.0,2.325,56.7
U271100,"Rind Vorderhesse, roh","Beef shin/foreshank, raw",128,73.1,20.2,5.3,0.0,0,0.4,50,3.818,0.0,1.66,56.7
U185100,Rind Kochfleisch (Hüfte) roh,Beef meat for boiling (rump) raw,110,73.2,22.1,2.35,0.0,0,0.4,57,4,0.0,1.06,55
U211100,"Rind Filet/Lende, roh",Beef fillet (tenderloin) raw,121,77.1,21.2,4,0.0,0,0.4,40,3.41,0.0,1.802,50.8
U163100,Rind Roulade (Oberschale) roh,Beef meat for olives (topside/top round) raw,124,75.2,20.86,4.527,0.0,0,0.4,47,6.3,0.0,2.057,49.6
U202000,"Rind Fleisch, fett- und sehnenfrei (R I) roh","Beef meat, fat and tendons free (R I) raw",124,75.2,20.86,4.527,0.0,0,0.4,66,6,0.0,1.901,58
U207000,"Rind Bindegewebe, roh","Beef connective tissue, raw",140,71.4,21.4,6,0.0,0,0.4,75,5,0.0,2.4,52.4
U109100,"Rind Ochsenschwanz, roh","Beef oxtail, raw",188,66.8,21,11.5,0.0,0,0.4,109,11,0.0,5.224,62
U486100,"Kalb Unterschale/Schwanzstück, roh","Veal silverside, raw",89,75.8,20.7,0.72,0.0,0,0.4,86,13,0.0,0.301,58
U362100,Kalb Roulade (Keule) roh,Veal meat for olives (round) raw,89,75.8,20.7,0.72,0.0,0,0.4,86,13,0.0,0.301,58
U342100,Kalb Schnitzel (Keule) roh,Veal schnitzel (round) raw,89,75.8,20.7,0.72,0.0,0,0.4,86,13,0.0,0.301,58
U485100,"Kalb Kugel/Nuss, roh","Veal thick flank, raw",89,75.8,20.7,0.72,0.0,0,0.4,86,13,0.0,0.301,58
U504100,"Schwein Fleisch, vom Knochen, roh","Pork bonemeat, raw",105,74.7,22,1.86,0.0,0,0.15,71,5.135,0.0,0.59,65.281
U721100,"Schaf Kotelett, roh",Sheep chop (loin) raw,348,52,14.9,32,0.0,0,0,90,9,0.0,14.596,64
U806000,"Hammel Muskelfleisch, roh","Mutton muscle meat, raw",112,75,20.4,3.41,0.0,0,0,94,12,0.0,1.555,65
U807000,"Lamm Muskelfleisch, roh","Lamb muscle meat, raw",116,74.3,20.8,3.7,0.0,0,0,67,3,0.0,1.18,63
V464100,"Ente Fleisch, mit Haut, roh","Duck meat, with skin, raw",227,63.7,18.1,17.2,0.0,0,0.3,38,14.6,0.0,5.712,75.917
V335100,"Wildente Schenkel, mit Haut, roh","Wild duck leg, with skin, raw",206,66.5,17.4,15.2,0.0,0,0.3,56,5,0.0,5,80
V4A6100,"Hähnchen Brust, ohne Haut, roh","Chicken breast, without skin, raw",109,75.61,21.81,2.42,0.0,0,<LOQ,59.6,4.5,0.0,0.547,77.8
V486100,"Pute Brust, ohne Haut, roh","Turkey breast, without skin, raw",105,73.7,24.1,0.99,0.0,0,0.15,46,4.5,0.0,0.36,44
V487100,"Pute Flügel, mit Haut, roh","Turkey wings, with skin, raw",192,66.5,20.2,12.3,0.0,0,0.34,55,14,0.0,2.6,70
V4A5100,"Hähnchen Oberschenkel, mit Haut, roh","Chicken thigh, with skin, raw",212,66.69,17.17,15.96,0.0,0,0.35,76,5.2,0.0,3.534,97.8
V4B5100,"Hähnchen Unterschenkel, mit Haut, roh","Chicken drumstick, with skin, raw",151,72.53,18.55,8.58,0.0,0,0.26,94.7,6.5,0.0,1.85,102
V435100,"Suppenhuhn Schenkel, mit Haut, roh","Boiling fowl leg, with skin, raw",257,60,18.5,20.3,0.0,0,0.3,64.5,11,0.0,4.492,85.36
V488100,"Pute Innereien, roh","Turkey giblets, raw",154,69.8,17.9,9.21,0.0,0,0.68,77,10,0.0,2.42,240
V468100,"Ente Innereien, roh","Duck giblets, raw",154,69.8,17.9,9.21,0.0,0,0.68,77,10,0.0,2.42,240
V478100,"Gans Innereien, roh","Goose giblets, raw",154,69.8,17.9,9.21,0.0,0,0.68,77,10,0.0,2.42,240
V454100,"Perlhuhn Fleisch, mit Haut, roh","Guineafowl meat, with skin, raw",152,68.9,23.4,6.45,0.0,0,0.3,67,11,0.0,1.7,74
V471100,"Gans Fleisch, ohne Haut, roh","Goose meat, without skin, raw",155,68.3,22.8,7.13,0.0,0,0.3,87,13,0.0,2.45,84
V402100,"Baby-Pute Fleisch, mit Haut, roh","Young turkey meat, with skin, raw",151,70.35,22.4,6.79,0.0,0,0.3,66,15,0.0,1.735,74
V485100,"Pute Keule, ohne Haut, roh","Turkey leg, without skin, raw",114,74.7,20.5,3.61,0.0,0,0.3,86,15,0.0,1.39,71.9
V494100,"Taube Fleisch, mit Haut, roh","Pigeon meat, with skin, raw",169,68.4,20.9,9.5,0.0,0,0.3,90,45,0.0,2.824,110
V516100,"Hammel Herz, roh","Mutton heart, raw",128,72,16.8,6.8,0.0,0,0,118,4,0.0,2.6,130
V514100,"Schaf Herz, roh","Sheep heart, raw",117,76.7,16.5,5.68,0.0,0,0,89,6,0.0,2.17,135
V511100,"Rind Herz, roh","Beef heart, raw",121,75.5,16.8,6,0.0,0,0,108,6.99,0.0,2.291,125
V534100,"Schaf Leber, roh","Sheep liver, raw",131,71.4,20.4,5.02,1.0,0,0,70,7,0.0,1.91,371
V536100,"Hammel Leber, roh","Mutton liver, raw",132,70.4,21.2,3.95,3.0,0,2,95,4.3,0.0,1.241,323
V552100,"Kalb Magen/Gekröse, roh","Veal stomach/pluck, raw",134,75.4,14.8,8.3,0.0,0,0.2,89,90,0.0,3.429,120
V562100,"Kalb Milz, roh","Veal spleen, raw",100,77.3,18.2,3,0.0,0,-,114,3,0.0,1.523,250
V572100,"Kalb Niere, roh","Veal kidney, raw",124,75,16.7,6.37,0.0,0,0.1,189,10,0.0,2.922,380
V582100,"Kalb Bries, roh","Veal sweetbread, raw",99,77.47,17.2,3.4,0.0,0,0.1,87,0.5,0.0,1.725,210
V591100,"Rind Zunge, roh","Beef tongue, raw",207,66.8,16,15.9,0.0,0,0.1,100,7.767,0.0,5.197,102
V594100,"Schaf Zunge, roh","Sheep tongue, raw",218,66.6,15.7,17.2,0.0,0,0.1,78,9,0.0,5.6,156
V596100,"Hammel Zunge, roh","Mutton tongue, raw",187,69.2,13.5,14.8,0.0,0,0.1,105,19,0.0,4.837,147
W140000,Salami,Salami,374,40.1,23.54,30.9,0.0,0,0,1170,25,0.0,12.307,83.7
W870200,"Mortadella/Schinkenwurst fein zerkleinert, Konserve","Mortadella/Ham bologna finely minced, canned",264,59.9,13.5,23,0.25,0,0,805,6.8,0.24,8.133,60.6
W870600,Fleischwurst Konserve,Bologna canned,306,56.6,12.11,28.3,0.25,0,0,975,29,0.24,11.043,58.7
W880200,Kalbsleberwurst Konserve,Veal liver sausage canned,351,50.2,13.55,32,1.933,0,0,784,11,1.915,12.583,120
W440000,"Schwein Kochschinken, Kochpökelware, Konserve (Dosenschinken)","Pork ham, cooked cured, canned",184,66,20.2,10.7,0.74,0,0,904,10,0.74,4.45,60
C123000,Roggen Flocken,Rye flakes,293,13.7,9,1.7,53.844,13.3,0,4,30.8,1.424,0.31,0
C221100,Roggen Vollkornschrot,Rye coarse meal,310,11.92,8.43,1.35,56.47,19.1,0,0.7,38.1,1.424,0.25,0
F311100,"Weintraube rot, roh","Grape red, raw",80,83.2,0.6,0.1,17.5,1.3,0,1,10,17.5,0.022,0
F504100,Dattel roh,Date raw,140,60.7,1.5,0.1,31.6,1.6,0,7,24,31.5,0,0
F312100,"Weintraube weiß, roh","Grape white, raw",72,82.7,0.7,0.2,15.54,0.6,0,1,11,15.54,0.045,0
F317600,Traubensaft angereichert mit Eisen,Grape juice fortified with iron,68,84.455,0.21,0,16.35,0.31,0,3,11,15.35,0,0
F501100,Ananas roh,Pineapple raw,46,86.6,0.5,0.1,9.4,1.4,0,4,17,9.4,0.0208,0
F602100,Limette roh,Lime raw,28,90,0.5,0.2,1.9,1.29,0,2.2,13,1.9,0,0
F613100,Kumquat roh,Kumquat raw,51,83.9,0.65,0.3,10.1,1.12,0,6,16,10.1,0.042,0
F609100,Tangerine roh,Tangerine raw,53,87.3,1,0.3,10.1,1.12,0,2.9,26,10.1,0.042,0
F608100,Satsuma roh,Satsuma mandarin raw,50,87.3,0.8,0.3,9.6,1.12,0,2.9,26,9.6,0,0
H212800,Mandelmus,Sweet almond butter (100 % pure),559,1.64,25.3,46.6,4.51,10.3,0,7,347,4.43,4.007,0
M1A3100,"H-Milch entrahmt, höchstens 0,5 % Fett, laktosefrei, ultrahocherhitzt","Milk skimmed, max. 0.5 % fat, lactose-free, ultra-heated",36,91.2,3.51,0.208,4.97,0,0,40,114,4.97,0.142,2.1
M1B1100,"Joghurt aus entrahmter Milch, max. 0,5 % Fett, laktosefrei","Yogurt from skimmed milk, max. 0.5 % fat, lactose-free",49,89.8,5.27,0.1,6.13,0,0,55,143,6.13,0.057,0.27
M148100,"Joghurt aus entrahmter Milch, max. 0,5 % Fett, mit Magermilchpulverzusatz","Yogurt from skimmed milk, max. 0.5 % fat, fortified with skimmed milk powder",46,88.8,4.3,0.1,6.2,0,0,60,160,6.2,0.057,1
M121100,"Dickmilch/Sauermilch, entrahmt, max. 0,5 % Fett","Soured milk (thick) skimmed, max. 0.5 % fat",37,90.6,3.2,0.1,5.2,0,0,53,132,5.2,0.068,1
M7A6800,Mascarpone mind. 80 % Fett i. Tr.,Mascarpone min. 80 % fat in dry matter,395,51.4,4.5,40.33,3.38,<LOD,0,43.5,113,3.38,26.963,119
M301300,Appenzeller mind. 20 % Fett i. Tr.,Appenzeller cheese min. 20 % fat in dry matter,242,48.2,33.8,11.4,0.0004,0,0.63,810,1090,0.0004,7.922,30
M300700,Hartkäse mind. 50 % Fett i. Tr.,Hard cheese min. 50 % fat in dry matter,399,35.57,26.9,32.1,0.0,0,0.7,590,880,0.0,22.296,85.2
M300400,Hartkäse mind. 30 % Fett i. Tr.,Hard cheese min. 30 % fat in dry matter,391,30.544,35.6,27.43,0.056,0,0.65,667,1176.13,0.056,19.05,68.5
M827500,"Frischkäsezubereitung mind. 40 % Fett i. Tr., mit Gemüse/Kräutern","Cream cheese preparation min. 40 % fat in dry matter, with vegetables/herbs",146,74,9.7,10.2,3.2,0,0.2,390,110,3.2,5.3,38
M741600,"Ricotta, Molkeneiweißkäse, mind. 45 % Fett i. Tr.",Ricotta min. 45 % fat in dry matter,159,73.2,8.58,12.3,3.43,<LOD,0,185,216,3.43,8.159,57.4
M771300,"Schmelzkäse schnittfest, mind. 20 % Fett i. Tr.",Processed cheese sliceable min. 20 % fat in dry matter,217,57,24.5,11.5,3.1,0,0.23,1200,700,3.1,6,26
M780200,Kochkäse mind. 10 % Fett i. Tr.,German cooked cheese min. 10 % fat in dry matter,104,73,14.7,3,3.9,0,0.06,400,200,3.9,1.57,7
N331000,"Colagetränk koffeinhaltig, mit Süßungsmitteln","Cola beverage caffeinated, with artificial sweeteners",0,100.585,0,0,0.0,0,0,1,1,0.0,0,0
N340000,Colagetränk koffeinfrei,Cola beverage decaffeinated,41,90.29,0,0,10.3,0,0,1,1,10.3,0,0
P550000,"Kaffeelikör/Kakaolikör, klar","Coffee/cocoa liqueur, without milk/cream",335,36,0.1,0.4,46.0,0,0,9,1,46.0,-,0
P560000,Bitterlikör/Kräuterlikör/Gewürzlikör,Bitter/herb/spice liqueur,282,52.1,0.1,0,28.78,0,0,27,8,28.75,0,0
Q4A4000,"Sonnenblumenmargarine Vollfett, angereichert mit Vitamin D","Margarine made from sunflower oil, fortified with vitamin D",720,19.61,0.17,79.94,0.0,TR,<LOQ,81,11.1,0.0,21.61,0.86
Q4A1000,"Pflanzenmargarine Dreiviertelfett, angereichert mit Vitaminen","Margarine three-quarter fat, fortified with vitamins",541,39.3,0.06,60.13,0.0,TR,<LOQ,25.5,13.5,0.0,14.29,1.24
Q4C2000,"Pflanzliches Streichfett mit > 41 % und < 60 % Fett, angereichert mit Vitaminen","Vegetable fat spread with > 41 % and < 60 % fat, fortified with vitamins",405,55.3,0.03,44.94,0.0,TR,0.12,28.8,14.8,0.0,8.62,0.73
Q4C4000,"Rapsölmargarine Vollfett, angereichert mit Vitaminen","Margarine made from rapeseed oil/canola oil, fortified with vitamins",725,18.7,0.04,80.48,0.0,TR,<LOD,127.9,13.1,0.0,16.44,2.41
Q4C5000,"Mischfett mit überwiegend Pflanzenfett, ungesalzen, angereichert mit Vitaminen","Mixed fat spread (mainly vegetable fat) unsalted, fortified with vitamins",499,42.79,0.39,54.66,1.24,TR,5.82,177.4,27.2,0.513,19.51,23.82
Q400000,"Pflanzenmargarine Vollfett, angereichert mit Vitaminen","Margarine full-fat, fortified with vitamins",718,19.68,0.11,79.6,0.163578,TR,2.06,89.2,16.1,0.163578,22.86,2.21
Q440000,"Pflanzenmargarine Halbfett, angereichert mit Vitaminen","Margarine half-fat, fortified with vitamins",371,56.74,0.26,39.66,3.14,TR,3.39,192.2,19.7,0.360864,12.81,0.99
Q4C1000,"Pflanzliches Streichfett mit > 62 - < 80 % Fett, angereichert mit Vitaminen","Vegetable fat spread with > 62 % and < 80 % fat, fortified with vitamins",628,29.31,0.12,69.57,0.346631,TR,2.92,125.3,18.2,0.346631,18.52,1.33
Q4C3000,"Pflanzliches Streichfett mit < 39 % Fett, angereichert mit Vitaminen","Vegetable fat spread with < 39 % fat, fortified with vitamins",286,66.48,0.75,30.18,2.68,TR,3.94,159.9,16.1,0.305,6.57,0.85
Q482000,Ziehmargarine,Margarine for making puff pastry,718,19.5,0,79.8,0.0,0,0,205,0,0.0,45.81,0
Q481000,Backmargarine,Margarine for baking,717,19.8,0,79.7,0.0,0,0,205,0,0.0,32.21,0
Q570000,Palmkernfett/Palmkernöl,Palm kernel fat/palm kernel oil,900,TR,TR,100,0.0,0,0,0,0,0.0,78.85,1.6
S330000,Weichkaramelle,Soft caramels,500,4,2,15.9,75.1,0.56,0,312,74,51.3,9.6,17
S671000,Zartbitter-/Halbbitter-Kuvertüre,"Glazing chocolate, bittersweet/semi-sweet ",534,0.82,6.62,32.26,49.6,9.27,0,8.7,49.9,46.9,19.42,3.3
T118100,"Schildmakrele/Stöcker, roh",Atlantic horse mackerel raw,119,75.06,19.75,4.46,0.0,0,2.23,64,65,0.0,1.45,35.2
T200100,Grenadier roh,Grenadier raw,76,80.6,17.5,0.7,0.0,0,-,113,20,0.0,0.169,26
T403100,Bachsaibling roh,Brook trout raw,109,75.7,21.2,2.73,0.0,0,9.6,45,25,0.0,0.594,60
U216100,Rind Filetsteak roh,Beef tenderloin steak raw,121,77.1,21.2,4,0.0,0,0.4,40,3.41,0.0,1.801,50.8
U333100,"Kalb Filetsteak, roh","Veal tenderloin steak, raw",121,77.1,21.2,4,0.0,0,0.4,40,3.41,0.0,1.526,50.8
U070100,"Rind Tatar/Schabefleisch, roh","Beef mince, lean, raw",115,73.8,22,3,0.0,0,0.4,66,6,0.0,1.111,58
U411100,"Kalb Filet/Lende, roh",Veal fillet (tenderloin) raw,101,75.5,21.2,1.82,0.0,0,0.4,95,12,0.0,0.694,58
U221100,Rind Roastbeef (Rücken) roh,Beef roastbeef (loin) raw,130,76.4,22.45,4.45,0.0,0,0.4,55,3.191,0.0,1.943,48.5
U432100,"Kalb Hals/Nacken/Kamm, roh",Veal scrag raw,109,75,21.2,2.66,0.0,0,0.4,104,15,0.0,1.112,70
U351100,Kalb Gulasch (Bug) roh,Veal goulash (shoulder) raw,94,76.2,21.2,1.01,0.0,0,0.4,87,12,0.0,0.423,63
U371100,Kalb Bratenfleisch (Bug) roh,Veal meat for roasting (shoulder) raw,94,76.2,21.2,1.01,0.0,0,0.4,87,12,0.0,0.423,63
V212100,"Hirsch Fleisch, roh","Venison meat, raw",112,74.7,20.6,3.34,0.0,0,0.4,63,10.3,0.0,1.268,65
V311100,"Fasan Fleisch, mit Haut, roh","Pheasant meat, with skin, raw",154,68.49,23.75,6.55,0.0,0,0.3,32,18,0.0,2.13,74
V463000,"Ente Fleisch, ohne Haut, roh","Duck meat, without skin, raw",122,74.3,19,5.1,0.0,0,0.55,90,12,0.0,1.069,94
V474100,"Gans Fleisch, mit Haut, roh","Goose meat, with skin, raw",342,52.4,15.7,31,0.0,0,0.3,86,12,0.0,8.72,86
V481000,"Pute Fleisch, ohne Haut, roh","Turkey meat, without skin, raw",102,74.7,20.5,2.2,0.0,0,0.3,93,10,0.0,0.623,71.9
W561000,"Putenbrust, Kochpökelware, geräuchert","Turkey breast cold cuts, cooked cured, smoked",107,71.2,23.02,1.63,0.0,<LOD,0,1220,11.1,0.0,0.503,49.8
V465100,"Ente Schenkel, mit Haut, roh","Duck leg, with skin, raw",212,72.3,17.17,15.96,0.0,0,0.35,103,5.2,0.0,5.3,97.8
V475100,"Gans Schenkel, mit Haut, roh","Goose leg, with skin, raw",231,66.69,17.17,18.073,0.0,0,0.35,76,5.2,0.0,5.084,97.8
V512100,"Kalb Herz, roh","Veal heart, raw",109,77,15.9,5.06,0.0,0,0,104,16,0.0,1.933,125
V592100,"Kalb Zunge, roh","Veal tongue, raw",172,70.41,16.9,11.6,0.0,0,0.1,93,8,0.0,3.792,102
M400300,Schnittkäse mind. 20 % Fett i. Tr.,Semi-hard cheese min. 20 % fat in dry matter,242,48.2,33.8,11.4,0.0004,0,0.63,810,1090,0.0004,7.922,30
M810300,Schmelzkäsezubereitung mind. 20 % Fett i. Tr.,Processed cheese preparation min. 20 % fat in dry matter,191,60,17,10,7.6,0,0.2,1200,600,7.6,5.3,23
M827400,"Frischkäsezubereitung mind. 30 % Fett i. Tr., mit Gemüse/Kräutern","Cream cheese preparation min. 30 % fat in dry matter, with vegetables/herbs",140,74.9,11,9,3.0,0,0.18,390,110,3.0,4.8,33
N352000,"Colagetränk koffeinfrei, mit Süßungsmitteln","Cola beverage decaffeinated, with artificial sweeteners",0,100.585,0,0,0.0,0,0,1,1,0.0,0,0
P540100,Mandellikör,Almond liqueur,335,36,0.1,0.4,46.0,0,0,9,1,46.0,-,0
T612100,Schwertfisch roh,Swordfish raw,106,74.5,19.4,3.11,0.0,0,2.23,102,10,0.0,0.584,39
U235100,"Rind Hochrippe, roh","Beef forerib/prime rib, raw",155,69.8,20.55,8.05,0.0,0,0.4,51,4.395,0.0,3.615,46.7
U131100,Rind Steak (Rücken) roh,Beef steak (loin) raw,130,76.4,22.45,4.45,0.0,0,0.4,55,3.191,0.0,2.003,48.5
U175100,"Rind Rostbraten, roh",Beef meat for roasting (sirloin) raw,130,76.4,22.45,4.45,0.0,0,0.4,55,3.191,0.0,1.954,48.5
U121100,Rind Kotelett (Rücken) roh,Beef chop (loin) raw,130,76.4,22.45,4.45,0.0,0,0.4,55,3.191,0.0,1.943,48.5
U421100,"Kalb Rücken, roh","Veal loin, raw",107,74.9,20.9,2.62,0.0,0,0.4,93,13,0.0,1.096,70
V217100,"Hirsch Rücken, roh","Venison saddle, raw",112,74.7,20.6,3.34,0.0,0,0.4,63,10.3,0.0,1.268,65
V112100,"Pferd Fleisch, roh","Horse meat, raw",108,75.2,20.6,2.67,0.4,0,0.4,44,9.15,0.0,0.964,65
V221100,"Reh Keule, roh","Roe deer leg, raw",97,75.7,21.4,1.25,0.0,0,0.4,60,5,0.0,0.475,65
V222100,"Reh Rücken, roh","Roe deer saddle, raw",122,72.2,22.4,3.55,0.0,0,0.4,84,25,0.0,1.347,65
V354100,"Wachtel Fleisch, ohne Haut, roh","Quail meat, without skin, raw",128,70,21.8,4.53,0.0,0,0.3,51,13,0.0,1.3,70
M500300,Schnittkäse halbfest mind. 20 % Fett i. Tr.,Semi-soft cheese min. 20 % fat in dry matter,242,48.228,33.82,11.4,0.0004,0,0.63,810,1091,0.0004,6.4,30
U255100,"Rind Brustkern/Mittelbrust, roh","Beef brisket/centre cut, raw",200,66.4,18.585,13.993,0.0,0,0.4,62,8.9,0.0,6.48,70
U401000,"Kalb Muskelfleisch, roh","Veal muscle meat, raw",92,76.4,21.3,0.81,0.0,0,0.4,94,13,0.0,0.3,70
U331100,Kalb Steak (Rücken) roh,Veal steak (loin) raw,107,74.9,20.9,2.62,0.0,0,0.4,93,13,0.0,1.096,70
U323100,Kalb Kotelett (Rücken) roh,Veal chop (loin) raw,107,74.9,20.9,2.62,0.0,0,0.4,93,13,0.0,1.096,70
U382100,Kalb Kochfleisch (Brust) roh,Veal meat for boiling (breast) raw,200,66.4,18.585,13.993,0.0,0,0.4,62,8.9,0.0,5.857,70
U452100,"Kalb Brust, roh","Veal breast, raw",201,66.2,18.4,14.2,0.0,0,0.4,105,11,0.0,5.943,68
U304100,"Kalb Fleisch, vom Knochen, roh","Veal bonemeat, raw",92,76.4,21.3,0.81,0.0,0,0.4,94,13,0.0,0.254,70
Y817142,Rahmnockerln gebraten,Cream dumplings fried,193,65.9,6.7,12.3,13.6,0.48,1,80,90,7.1,5.7,178
X556233,Tomaten gebacken provenzalische Art,Tomatoes baked Provencal style,96,84,1,7.95,3.83,2,0,193,15,3.83,0.59,0.16
D0A1000,Buchweizen-Wasserbiskuitboden,Buckwheat water sponge cake base,305,28,10.63,4.93,53.4,2.3,0.8,127,29,26.108,1.23,156
X700242,"Eier-Frischteigwaren mit Grieß, grün, selbstgemacht, roh","Fresh egg pasta with semolina, green, homemade, raw",236,43.1,10.66,3.4,39.1,3.1,0.5,422,36,0.55,0.82,106
Q590000,"Käsealternative, Basis Pflanzenfett, vegan","Plant-based cheese alternative, vegetable fat based, vegan",293,53.1,0.156,23.043,21.168,0.252,0,861,10,0.0,20.2,0
X573612,Weiße Rüben gedünstet (mit Fett und Salz),Turnip stewed (with fat and salt),68,88,0.81,4.5,4.75,2.3,0,180,32,4.16,0.3,0.09
S241500,"Speiseeis Vanille, überzogen mit Schokolade","Vanilla ice cream, covered with chocolate",292,44.5,3.67,16.3,31.75,1.2,0.01,51.3,105.9,28.21,10.67,20.8
U693172,"Schwein Hintereisbein/Hinterhaxe, gegrillt",Pork hindshank (hock) grilled,282,53.5,26.1,19.73,0.0,0,0.36,103.3,5.2,0.0,6.638,94.65
V551132,"Rind Magen/Kutteln, gekocht","Beef stomach/tripe, boiled",97,79.5,17.4,3.04,0.0,0,0.2,57,103,0.0,1.25,171
D4A2000,Brownies,Brownies,489,15,7.26,32.84,38.7,4.89,0.4,108,40,30.7,19.93,123
B8B1000,Mehrkornknusperbrot angereichert mit Vitaminen und Spurenelementen,"Multigrain crackerbread, fortified with vitamins and trace elements",353,6,10.7,2.3,66.4,12,0,520,50,3.1,0.2,0.5
V465162,"Ente Schenkel, mit Haut, gebraten ohne Fett (Ofen)","Duck leg, with skin, fried without fat (oven)",194,69.1,26.02,9.98,0.0,0,0.22,137,8.1,0.0,3.31,152.8
B107900,Vollkornbrot mit Quark,Wholemeal bread with quark,213,41,7.92,1.02,38.0,10.04,0,481,33.3,1.05,0.126,0.26
T207132,"Köhler/Seelachs, pochiert","Saithe/pollack, poached",100,78.498,19.32,2.549,0.0,0,0,60.9,28,0.0,0.684,80
X929012,"Vollkornpfannkuchen/Vollkorneierkuchen, ungesüßt, mit Milch 3,5 % Fett, gebraten","Wholemeal pancakes unsweetened, with milk 3.5 % fat, fried",231,56.8,8.98,13.4,17.04,2.87,0.5,110,95,2.74,2.49,117
B6A5200,Dinkelvollkornknäckebrot mit Ölsamen und Hartkäse,Wholemeal spelt criscpread with oilseeds and hard cheese,424,6,17.8,18.1,43.0,8.91,0,734,219,1.2,4,8.69
Y996140,Vanillecremeeis,Vanilla ice cream (with egg),176,66.7,4.3,9.42,18.5,0.005,0,41,97,17.98,4.59,112
C514300,"Knuspermüslimischung, klassisch, gesüßt, angereichert mit Vitaminen und Mineralstoffen","Crunchy muesli mix, classic, sweetened, fortified with vitamins and minerals",421,7.8,9,15.95,56.4,7.7,0,212,33,19.2,6.82,0.3
V419000,"Hähnchen Flügel, mit Haut, mariniert, roh","Chicken wings, with skin, marinated, raw",211,65.2,16.56,15.26,1.66,0.1,0.31,428,11,1.61,2.9,99.1
X559312,Kürbis gedünstet (mit Fett und Salz),Pumpkin stewed (with fat and salt),56,82,1.34,3.2,4.97,0.74,0,187,30,4.31,0.3,0.063
X655032,Kartoffelpuffer/Reibekuchen (mit saurer Sahne und Grieß) gebraten,Potato pancakes (with sour cream and semolina) fried,185,64.1,3.6,8.9,21.6,1.8,0.1,150,20,1.5,0.9,27
X537063,Rotkohl mit Apfel gedünstet ,Red cabbage with apple stewed ,62,86.7,1.01,3.74,4.9,1.9,0,76,23,4.62,0.31,0.073
T603200,Zander tiefgefroren,Pike-perch deep-frozen,86,78.4,20,0.66,0.0,0,2.9,24,54,0.0,0.146,72
D1A1200,Rhabarber-Streuselkuchen (Hefeteig),Rhubarb crumble cake (yeast dough),169,63,3.52,6,23.0,3.31,0,16,60,7.48,3.62,23
T502400,"Blei/Brachsen/Brasse, gesalzen",Common bream salted,110,71.7,18.58,3.91,0.0,0,0,886,66.6,0.0,1.013,93
B551200,Weizenmischbrötchen mit Mohn,Wheat-rye roll (> 50 % and < 90 % wheat) with poppy seeds,291,26.5,9,3.3,53.0,6.25,0,573,42,1.7,0.91,0
M246000,"Joghurt mind. 3,5 % Fett, mit Schokoladenzubereitung, gesüßt","Yogurt min. 3.5 % fat, with chocolate preparation, sweetened",117,75.4,3.46,4.475,14.914,0.14,0,41,96,14.587,2.56,7.6
U771162,"Schaf Bratenfleisch (Bug, mager) gebraten ohne Fett (Ofen)","Sheep meat for roasting (shoulder, lean) fried without fat (oven)",176,65.6,26.7,7.73,0.0,0,0.2,85,19,0.0,2.65,91
X2A3000,"Fruchtmischung (Apfel, Banane, Mandarine) ungesüßt","Fruit mix (apple, banana, mandarin) unsweetened",64,81.5,0.729,0.5,12.7,2.1,0,1,8,11.37,0.149,0
X539063,Wirsing gedünstet (mit Fett und Salz),Savoy cabbage stewed (with fat and salt),70,85,2.28,4.6,3.7,2.3,0,146,52,3.2,0.3,0.089
B6A2100,Roggenvollkornknäckebrot,Wholemeal rye crispbread,327,6,9.44,1.39,59.32,19.91,0,530.3,38.7,1.905,0.153,0
W641100,Rind Pökelfleisch (Brust) geräuchert,"Beef meat (breast) cured, smoked",191,66.3,17.658,13.295,0.25,0,0.32,700,9.1,0.25,6.157,67
X987812,"Hafer Grütze, gekocht (mit Fett und Salz)","Oat groats, boiled (with fat and salt)",71,82.8,2.8,2.18,9.2,1.857,0,51.3,11,0.128,0.29,0.022
V438142,"Suppenhuhn Innereien, geschmort ohne Fett","Boiling fowl giblets, braised without fat",244,52.3,30.9,13.4,0.0,0,1.11,98,18,0.0,3.52,436
B6A4000,Mehrkornvollkornknäckebrot,Multigrain wholemeal crispbread,339,6,10.6,2.4,60.0,17.4,0,482,41,1.9,0.39,0
B6A2300,Roggenvollkornknäckebrot mit Milch,Wholemeal rye crispbread with milk,327,6,9.69,1.38,59.18,19.68,0,550,52,2.407,0.15,0.2
D465300,Thüringer Obstkuchen (Hefeteig),Thuringian fruit flan (yeast dough),165,61,7.1,4.9,22.0,1.8,0.3,40,60,10.1,2.2,59
M2A2100,"Milchmischgetränk < 1 % Fett, probiotisch, aromatisiert, mit Zucker und Süßungsmitteln, angereichert mit Vitaminen","Milk drink < 1 % fat, probiotic, flavoured, with sugar and artificial sweeteners, fortified with vitamins",28,92,3.473,0.071,3.2,0.003,1.74,54,125,3.0,0.043,2.1
V591800,"Rind Zunge, Kochpökelware","Beef tongue, cooked cured",175,70,15.579,12.257,0.498,0,0.1,700,7.7,0.498,4.007,105
X699312,Süßkartoffeln gedünstet (mit Fett und Salz),Sweet potatoes stewed (with fat and salt),124,71,1.44,3.1,21.3,2.68,0,160,20,4.6,0.2,0.054
B8A7000,"Sauerteigbrot mit Sonnenblumenkernen, glutenfrei","Sourdough bread with sunflower seeds, gluten-free",231,47,7.9,7.6,30.9,3.8,0,401,26,1.3,0.8,0
D4A8100,Kokoskuchen (Rührmasse),Coconut cake (cake batter),444,22,7.33,28.64,37.8,3.11,0.6,208,24,22.8,19.96,149
X644013,Kartoffelgratin ohne Käse,Potato gratin without cheese,117,77,2.4,5.03,15.0,1.17,0.011,128,38,1.8,2.5,12.7
B106000,Vollkornbrot mit Ölsamen,Wholemeal bread with oilseeds,229,40,8.1,3.17,37.0,10.19,0,460,37,0.868,0.41,0
U884000,"Schaf Keule, mager, mariniert, roh","Sheep leg, lean, marinated, raw",120,73,20.9,3.88,0.34,0.2,0,409,21,0.34,1.8,59
B526300,Roggenbrötchen mit Sesam,Rye roll with sesame seeds,275,29.755,8.42,3.55,48.0,8.8,0,557,36,0.823,0.94,0
U857162,"Lamm Brust, gebraten ohne Fett (Ofen)","Lamb breast, fried without fat (oven)",336,49.871,21.507,27.778,0.0,0,0.444,94,14,0.0,12.668,104
X530143,Bayerisches Kraut gedünstet,Bavarian white cabbage stewed,58,90,1.009,3.712,3.84,2.2,0,71,34,3.74,0.27,0.074
B517700,Weizenbrötchen mit Quark,Wheat roll with quark,298,26.5,10.2,2.68,56.0,4.15,0,578,28,2.1,0.85,0.31
V4A5162,"Hähnchen Oberschenkel, mit Haut, gebraten ohne Fett (Ofen)","Chicken thigh, with skin, fried without fat (oven)",256,57.22,24.88,17.35,0.0,0,0.38,90.3,7.4,0.0,3.841,141.7
X4A8060,Misosuppe,Miso soup,11,95.9,0.6,0.4,0.85,0.6,0,454,10,0.43,0,0
X459033,Bouillabaisse,"Fish soup ""Bouillabaisse""",44,89,8,0.7,1.1,0.4,1,217,19,1.1,0.1,19
G311182,Blumenkohl gebraten ohne Fett (Pfanne),Cauliflower fried without fat (pan),71,79.7,4.848,0.56,10.65,5.8,0,24,48,4.32,0.085,0
D4A7000,Käse-Schinken-Hörnchen (Quark-Öl-Teig),Cheese-ham crescent (quark oil dough),305,38,14.45,14.25,28.3,2.14,0.1,549,186,1.36,4.8,47
S358300,Vanillefondant,Vanilla fondant,390,10,0.011,4.602,85.3,0.025,0,4,1,79.5,2.225,0.1
G554182,"Pfefferschote rot, gebraten ohne Fett (Pfanne)","Chilli pepper red, fried without fat (pan)",68,80.2,3.17,0.75,10.49,2.5,0,15,24,10.49,0.071,0
D130100,Apfelkuchen (Sandmasse),Apple pie (sand cake batter),244,50,3.1,12.42,29.1,1.87,0.3,38,13,18.1,7.42,76
D710500,Anisplätzchen (Biskuitmasse),Anise sponge biscuits,350,15.5,8,2.87,71.82,2.21,0.5,61,19,41.976,0.72,96
X9A2010,"Hirsebrei ungesüßt, mit Milch 3,5 % Fett","Millet porridge unsweetened, with milk 3.5 % fat",134,69.7,6,4.18,17.82,0.67,0,45.1,120.6,4.2,2.37,14.1
C416000,Mehlmischung für Kuchen glutenfrei,Flour mix for cake gluten-free,347,12.6,1.8,0.5,82.9,1.9,0,3,11,0.2,0.063,0
Y640312,Lachssteaks gebraten,Salmon steaks fried,224,61.8,23.4,14.484,0.0,0,4,243.4,14,0.0,2.71,72.2
D1A1300,Zwetschgen-Streuselkuchen (Hefeteig),Blue plum crumble cake (yeast dough),192,59,3.34,6.02,30.0,2.3,0,16,17,11.96,3.61,23
D483400,Apfelstrudel (Mürbeteig),Apple strudel (shortcrust pastry),289,43.8,4.6,16.1,29.8,2.8,0.2,23,18,13.4,9,63
E609132,"Eierteigwaren Tortelloni (Ricotta-Spinat-Füllung) getrocknet, gekocht","Egg pasta Tortelloni (ricotta and spinach filling) dried, boiled",106,71.906,4.142,1.776,17.862,0.787,0,106,21.9,1.069,0.851,15
B526000,Roggenbrötchen mit Ölsamen,Rye roll with oilseeds,281,29.755,9.1,5.17,45.0,8.83,0,528,38,0.86,1.12,0
X988012,Buchweizen gekocht (mit Fett und Salz),Buckwheat boiled (with fat and salt),102,75.1,3.33,2.51,15.8,1.41,0,74.1,3.8,0.26832,0.26,0.033
D701800,Springerle,"""Springerle"" anise biscuits",392,4,7.84,2.36,83.67,2.56,0.4,54,17,49.208,0.57,74
D0A2000,Mandelbiskuitboden,Almond sponge cake base,307,33.4,11.98,9.95,41.49,1.9,1.1,96,42,28.284,1.87,213
Y993240,Schokoladensahneeis,Chocolate cream ice cream,322,50.1,3.9,25.59,18.4,1.07,0,31,83,18.0,13.34,139
U642800,Schwein Bauch (wie gewachsen) Rohpökelware,Pork belly (untrimmed) raw cured,294,52.4,16.69,25.08,0.47,0,0.32,1800,4.6,0.47,8.981,54.67
S580200,"Schokolade weiß, mit Kaffee","Chocolate white, filled with coffee",546,1.1,6.4,32.8,55.8,1,0.03,100,229,55.65,19.05,12.2
Y880763,Quarkkrapfen frittiert,Quark doughnuts deep-fried,340,33,7,16.3,39.4,2.5,0.2,102,33,17.9,6.3,67
D6A3000,Braune Lebkuchen unglasiert,Brown gingerbread without icing,332,25,7,12.1,47.5,2.5,0.3,217,126,20.8,7.02,83
B277700,Roggenmischbrot mit Quark,Rye-wheat bread (> 50 % and < 90 % rye) with quark,223,40,7.31,0.76,43.0,7.19,0,495,27.5,0.94,0.09,0.27
X469313,"Spanisch Fricco (Kartoffel-Eintopf mit Schweinefleisch, Naturjoghurt und saurer Sahne)","""Spanish Fricco"" (potato stew with pork, yogurt and sour cream)",173,70,7.13,11.3,10.0,0.8,0.1,90,50,2.3,5,28
T091400,Heringsrogen gesalzen,Herring roe salted,147,61,28.821,3.569,0.0,0,6.4,1416,14,0.0,0.498,402
D1A3000,Apfelkuchen (Quark-Öl-Teig),Apple cake (quark oil dough),177,59,3.4,6.34,25.2,2.4,0,78,23,10.6,0.6,1.3
D710800,Schokoladen-Haselnuss-Cookies,Chocolate-hazelnut cookies,505,4,7.8,27.39,54.7,4.1,0.2,225,58,33.0,13.25,70
F503400,Banane getrocknet,Banana dried,290,17.6,4.89,1.5,58.9,7.4,0,1.93,22,51.49,0.2701,0
B881100,Eiweißbrot/Proteinbrot,Protein bread,226,51,23.4,8.2,11.0,6.5,0,388,99,3.9,0.93,0.1
M200300,"Milchmischgetränk 3,5 % Fett, aromatisiert, gesüßt","Milk drink 3.5 % fat, flavoured, sweetened",78,83.4,3.38,3.33,8.5,0.002,0,33,112,8.29,2.106,13.2
Y720163,Rührei gebraten in Butter,Scrambled eggs fried in butter,172,71.5,13.31,12.99,0.42,0.1,1.8,291,57,0.41,4.91,367
G263132,Sauerampfer gekocht,Sorrel boiled,35,86.164,4.557,0.514,1.656,2.91,0,-,87,1.032,0.051,0
X530353,Sauerkraut gedünstet,Sauerkraut stewed,29,93.2,0.76,1.05,1.68,2.6,0,288,37,1.53,0.11,0.016
G211152,Spinat gedünstet,Spinach stewed,22,90.2,2.49,0.361,1.12,2.2,0,60,98,0.9,0.037,0
Y352212,Schweinebraten ohne Sauce,Pork roast without sauce,264,54,27.24,17.24,0.0,0.11,0.14,248.8,5.4,0.0,5.6,82.1
X570363,Erbsenpüree von grünen Erbsen,Pea puree from fresh peas,121,73.4,4.7,5.795,9.8,4.9,0.009,103,40,5.6,1.96,8.5
C522700,"Getreideflakes gesüßt, mit Schokolade, angereichert mit Vitaminen und Mineralstoffen","Cereal flakes sweetened, with chocolate, fortified with vitamins and minerals",376,9,8.1,5.8,69.3,7,0,352,536,21.8,2.92,1.3
F302600,Himbeersaft,Raspberry juice,35,89.4,0.9,0.24,5.53,0.5,0,3,18,5.53,0.0081,0
V533182,"Schwein Leber, gebraten ohne Fett (Pfanne)","Pork liver, fried without fat (pan)",147,68.74,23.15,5.55,1.163,0,0.4,98.5,6.3,0.0,1.739,202.67
B6A3200,Roggenvollkornknäckebrot mit Sonnenblumenkernen,Wholemeal rye crispbread with sunflower seeds,367,6,12.21,9.39,49.8,17.42,0,534.7,47.5,2.168,0.93,0
C522100,"Getreideflakes gesüßt, angereichert mit Vitaminen und Mineralstoffen","Cereal flakes sweetened, fortified with vitamins and minerals",348,11,9.7,1.6,70.2,7,0,334,625.5,12.1,0.29,0
U541172,Schwein Schnitzel (Oberschale) gegrillt,Pork schnitzel (topside) grilled,137,67.597,28.8,2.388,0.0,0,0,88,9,0.0,0.898,65.7
B511100,Weizenbrötchen mit Kümmel und Salz,Wheat roll with caraway seeds and salt,291,26.5,9.3,2.69,55.0,4.19,0,866,19,1.9,0.85,0
W423000,"Schwein Kochschinken, Kochpökelware, geräuchert","Pork ham, cooked cured, smoked",106,76.1,19.24,3.04,0.465,0,0,700,3.8,0.465,1.004,54.79
U693700,"Schwein Hintereisbein/Hinterhaxe, Kochpökelware, geräuchert","Pork hindshank (hock) cooked cured, smoked",163,71.4,16.35,10.63,0.437,0,0.18,700,4.8,0.437,3.577,63.24
D0A3000,Nussbiskuitboden,Nut sponge cake base,319,33.2,11.42,11.5,41.5,1.7,1.1,95,48,28.305,1.99,213
D652300,Pfeffernüsse,"""Pfeffernusse"" spiced gingerbread biscuits with sugar icing",397,3.2,8.85,4.48,78.6,3.6,0.2,163,32,39.2,0.79,43
B6A1500,"Weizenvollkornknäckebrot mit Ölsamen, Hartkäse und Möhre","Wholemeal wheat crispbread with oilseeds, hard cheese and carrots",417,6,16.1,15.3,48.0,11.1,0,751,157,3.8,2.9,5.32
X341040,Mayonnaise mit Essig,Mayonnaise with vinegar,719,16.7,2,78.57,0.41,0.1,1,509,23,0.41,6.4,151
D657100,Kathrinchen (Honigteigplätzchen),"""Kathrinchen"" honey gingerbread biscuits",401,9.2,7.14,8.91,71.43,2.96,0.2,30,14,31.254,5.17,49
G486132,Frühlingszwiebel/Lauchzwiebel (ohne Laub) gekocht,"Spring onion, bulb only, boiled",37,85.6,1,0.173,6.91,1.7,0,9,171,6.91,0.028,0
W217000,Knacker einfach/Schüblinge einfach/Servela einfach,Knacker sausage simple,210,67.6,12.2,17.86,0.08,0.04,0.32,800,4.6,0.0,5.99,44.03
C558000,Fleischersatz glutenhaltig (Seitan),Meat substitute containing gluten (seitan),199,57.2,28.4,7.2,4.0,2.1,0,652.5,36,0.475,0.651,0
Y273032,"Kalbsleber mehliert, gebraten","Veal liver floured, fried",141,60.3,19.22,2.94,9.2,0.28,0.41,212,12.2,0.0162,0.57,302
B591000,Mehrkornbrötchen,Multigrain roll,302,26.5,9.8,5.44,50.0,6.64,0,513,30,1.8,1.07,0
B8A2000,Brötchen glutenfrei,Roll gluten-free,303,26.5,4.4,4.2,61.0,1.6,0,520,17,2.3,1.922,0.1
X572712,Grünkohl gedünstet (mit Fett und Salz),Curly kale stewed (with fat and salt),77,83.2,3.02,4.29,3.7,5.7,0,76,185,1.95,0.35,0.077
D4A8400,Möhren-Nuss-Kuchen (Rührmasse),Carrot nut cake (cake batter),360,33,7.35,20.04,36.0,2.8,0.3,148,39,16.42,8.26,92
D431900,Ottilienkuchen (Rührmasse),"""Ottilienkuchen"" cake (cake batter)",456,16,7.1,26.98,45.1,2.4,0.4,83,47,28.7,14.18,115
E151132,Putenei gekocht,Turkey egg boiled,163,72.5,13.7,11.9,0.34,0,1.7,151,99,0.34,3.63,806
G345152,"Sauerkraut abgetropft, gedünstet","Sauerkraut drained, stewed",22,90.89,1.114,0.307,0.98,2.119,0,471,44,0.763,0.071,0
U711162,"Schaf Filetmedaillon, gebraten ohne Fett (Ofen)","Sheep fillet medaillon, fried without fat (oven)",146,66.17,29.26,3.21,0.0,0,0,56.3,6,0.0,1.46,79.23
B881200,Eiweißbrötchen/Proteinbrötchen,Protein roll,328,26.5,33.9,11.9,16.0,9.4,0,561,144,5.7,1.35,0.1
V522132,"Kalb Hirn, gekocht","Veal brain, boiled",103,81.441,10.694,6.706,0.0,0,-,84,11,0.0,1.697,2353
U532072,"Schwein Kammsteak, mariniert, gegrillt","Pork steak (neck) marinated, grilled",312,47.3,27.29,22.4,0.19,0.3,0.33,600,10.7,0.18,6.05,92.36
B111400,Weizenvollkornbrot mit Nüssen,Wholemeal wheat bread with nuts,242,40,8.8,4.29,38.0,7.7,0,449,29,1.1,0.417,0
D430400,Napfkuchen mit Sultaninen und Zitronat (Rührmasse),Ring cake with sultanas and candied lemon peel (cake batter),402,17,7.1,17.6,52.0,3.1,0.3,167,39,27.4,9.7,90
X3A4010,Roquefortsauce,Roquefort sauce,430,39.773,12.436,41.23,1.876,0,0.054,793,388,1.876,20.27,86
B531000,Haferbrötchen,Oat roll,302,26.5,10.5,4.47,52.0,5.18,0.028,573,47,2.3,1.46,1.6
U281200,"Rind Keule, tiefgefroren","Beef round, deep-frozen",148,71.4,21,7.1,0.0,0,0.4,60,6,0.0,2.223,52.4
D1A3100,Zwetschgenkuchen (Quark-Öl-Teig),Blue plum cake (quark oil dough),180,61,3.36,6.37,26.4,2.1,0,78,25,11.03,0.6,1.3
U687032,Schwein Oberschale (ohne Deckel) gekocht,"Pork topside, boiled",145,67.09,30.01,2.73,0.0,0,0,31.1,4.2,0.0,0.849,78.62
M2M2400,"Sahnejoghurt mind. 10 % Fett, mit Schokoladenzubereitung, gesüßt","Yogurt min. 10 % fat, with chocolate preparation, sweetened",151,73.5,2.9,8.87,14.3,0.08,0,40,104,13.8,5.8,26
D088000,Wiener Tortenboden kakaohaltig (dunkel),Viennese sponge cake base containing cocoa (dark),362,27.6,8.99,16.29,44.0,1.97,0.9,91,36,26.848,8.74,198
X574112,Sojasprossen gedünstet (mit Fett und Salz),Soya bean sprouts stewed (with fat and salt),86,90.3,6.38,6.04,0.3,2.41,0,90,33,0.3,0.48,0.104
U622700,"Schwein Kotelett (Rücken/cranial) Kochpökelware, geräuchert","Pork loin (cranial part) cooked cured, smoked",131,74.1,17.07,6.82,0.437,0,0.09,700,5.7,0.437,2.301,50.38
X3A9010,Joghurt-Dip,Yogurt dip,93,83.8,3.64,6.6,4.0,0,0,180,110,4.0,3.9,19
D462700,Mandelkuchen (Hefeteig),Almond cake (yeast dough),429,18,10.07,22.77,44.0,4.1,0.1,27,42,17.11,9.09,53
D623500,Käsewaffeln salzig (Rührmasse),Cheese waffles salted (cake batter),481,24,10.7,35.96,27.5,2,0.8,126,68,0.472,21.53,228
S352000,Fondantkonfekt mit Zartbitterschokolade überzogen,Fondant confectionery covered with bittersweet chocolate,361,12,1.3,6,75.0,0.93,0,16,8,73.0,1.94,0.3
M8A6000,"Speisequarkzubereitung mind. 30 % Fett i. Tr., mit Kräutern","Quark preparation min. 30 % fat in dry matter, with herbs",119,77.4,8.35,7.78,3.32,0.1,0.023,337,109,3.3,4.149,23
M837500,"Speisequarkzubereitung mind. 40 % Fett i. Tr., mit Kräutern","Quark preparation min. 40 % fat in dry matter, with herbs",137,75.1,8.53,9.66,3.52,0.1,0.028,321,114,3.5,5.142,27.9
D483200,Haselnusszopf (Mürbeteig),Braided hazelnut bread (shortcrust pastry),431,21,8.47,25.17,41.2,2.9,0.3,73,53,20.89,8.98,87
U990100,"Bratensoße dunkel, Konserve","Gravy dark, canned",43,89,1.32,1.56,5.7,0.5,0,590,12,1.23,0.62,1
T204132,"Dorsch/Kabeljau, pochiert",Cod poached,69,82.8,15.5,0.78,0.0,0,-,74,33,0.0,0.176,40
X537912,Weißkraut gedünstet (mit Fett und Salz),White cabbage stewed (with fat and salt),58,89,1.009,3.71,3.83,2.2,0,92,34,3.73,0.27,0.074
E606200,Semmelknödel getrocknet,White bread dumplings dried,390,9.45,17.35,10.66,54.32,3.6,0.7,1080,150,6.05,4.76,157
D089000,"Schokobiskuitrolle/Schokobiskuitroulade, ungefüllt",Chocolate sponge cake roll unfilled,290,33.5,11.59,6.78,44.4,2.63,1.1,111,43,28.011,2.2,213
B516300,Weizenbrötchen mit Sesam,Wheat roll with sesame seeds,299,26.5,9.6,3.43,55.0,4.32,0,575,30,1.9,0.96,0
X471353,Schokoladen-Milchkaltschale gebunden mit Stärke,Cold chocolate-milk soup thickened with starch,86,81.2,3.72,3.52,9.8,0.017,0,49,114,7.71,2.228,13.5
Y321222,"Schweinekotelett natur, gebraten",Pork chop fried,230,58.2,26.92,13.59,0.02,0.01,0.16,153.3,7.9,0.0,3.67,75.26
B226800,Roggenbrot mit Nüssen,Rye bread with nuts,230,41,6.12,3.97,38.0,8.8,0,453,26,0.992,0.37,0
X643153,Tomatenkartoffeln gedünstet,Potatoes with tomatoes stewed,100,79,1.76,4.2,12.98,1.5,0,147,13,2.4,0.3,0.085
B416000,Weizenvollkornbrötchen mit Ölsamen,Wholemeal wheat roll with oilseeds,299,26.5,11.2,5.61,46.0,9.78,0,544,43,1.4,1.19,0
U404000,"Kalb Fleisch, sehnenfrei, sichtbarer Fettanteil > 20 % (KA IV) roh","Veal meat, tendon free, visible fat content > 20 % (KA IV) raw",296,56.674,16.702,25.412,0.0,0,0.72,71,9,0.0,11.5,70
X925012,"Pfannkuchen/Eierkuchen, ungesüßt, mit Milch 1,5 % Fett, gebraten","Pancakes unsweetened, with milk 1.5 % fat, fried",211,52,8.75,5,31.6,2.15,0.3,139,88,2.54,1.17,72
D0A2200,Mandelboden (mit Eiklar zubereitet),Almond cake base (prepared with egg white),375,20.4,10.6,16.218,44.95,3.5,0,59,32,44.867,1.39,0
U541072,"Schwein Schnitzel (Oberschale) mariniert, gegrillt","Pork schnitzel (topside) marinated, grilled",184,62.4,26.38,8.52,0.16,0.2,0,500,14,0.15,1.27,59.6
H154000,Kokosmilch/Kokosnussmilch,Coconut milk,227,68,2.774,21.9,2.1,4.9979,0,22,8.7,2.1,19.104,0
Y560312,Grillhähnchen,Chicken grilled,257,56.7,24.18,17.78,0.0,0,0.3,226.3,14.3,0.0,3.72,113.55
D401400,Honigkuchen,Gingerbread cake,366,13,6.77,6.5,68.4,3.3,0.1,174,43,38.0,0.83,18
X574512,Sojabohnen (Edamame) gedünstet (mit Fett und Salz),Soya bean (edamame) stewed (with fat and salt),161,68.4,10.8,10,5.1,3.5,0,118,165,1.0,0.97,0.091
D131200,Apfelkuchen (Rührmasse),Apple pie (cake batter),220,53,3.8,9.97,27.8,2.06,0.2,70,17,14.6,5.88,63
X3A8020,Senf-Honig-Dressing für Salat,Mustard-honey dressing for salad,404,48.9,0.62,41.3,5.17,0.6,0,370,15,5.08,2.98,0.837
D431200,Mandelkuchen (Rührmasse),Almond cake (cake batter),430,18,10.47,23.96,41.3,3.5,0.4,143,38,21.07,9.32,109
D7B1100,Buttergebäck kakaohaltig (Mürbeteig),Butter biscuits containing cocoa (shortcrust pastry),497,7,7.42,27.08,54.0,3.65,0.5,78,24,21.72,16.49,104
S692000,Getreidechips umhüllt mit Milchschokolade,Cereal crisps coated with milk chocolate,513,2.3,5.24,27.67,59.4,2.93,0.01,135,86.4,36.8,14.96,6
C119232,Couscous (Hartweizen) gekocht,Couscous (durum wheat) boiled,156,62.85,4.914,0.68,31.05,2.77,0,4.7,16.1,0.47861,0.108,0
T213172,"Alaska-Pollack/Alaska-Seelachs, gegrillt",Alaska pollock grilled,73,78.3,15.9,1.04,0.0,0,0,143,14,0.0,0.187,72
G650152,Schwarzwurzel gedünstet,Black salsify stewed,60,76,1.363,0.422,8.6,5,0,5,52,3.9,0.046,0
S478100,Ingwer kandiert,Ginger candied,215,45.4,1.01,0.39,51.1,1,0,9,9,47.78,0.1,0
Y824243,Scheiterhaufen gebacken,"Souffle with rolls, apple and raisins",168,61.3,4.9,4.9,25.1,1.8,0.2,156,72,16.0,2.2,45
P5A1000,Sahnelikör,Cream liqueur,262,56,0.75,10.178,18.0,0.03153,0.03,12,27,18.0,5.421,27
D9A2000,Vollkornhefeteig süß roh,"Wholemeal yeast dough, sweetened, raw",273,40,8.4,8.26,38.0,6.38,0.1,66,52,6.535,3.17,20
X9A3050,Grissini,Grissini,354,24,11.63,13,44.0,7.05,0,230,264,1.11,1.4,0.0033
N410500,"Kaffee (Getränk) mit Kondensmilch 7,5 % Fett und Zucker",Coffee (infusion) with evaporated milk 7.5 % fat and sugar,13,95.7,0.32,0.248,2.105,0.29831,0,7,15,2.105,0.136,0.7
S581900,Kokos-Praline mit Cremefüllung und blanchierter Mandel,Coconut praline with cream-filling and blanched almond,604,2,6.7,46.8,36.5,4.7,0,120,140,33.6,28.32,3.1
S142400,Birnenkraut,"Pear butter, sweetened",206,42.05,0.8,0.7,47.7,7.3,0,3,18,40.9,0.126,0
D733800,Mandelgebäck (Mürbeteig),Almond biscuits (shortcrust pastry),539,3,8.39,32.93,49.9,4.5,0.2,60,29,21.7,17.28,75
U711172,"Schaf Filetmedaillon, gegrillt","Sheep fillet medaillon, grilled",161,63.28,31.25,3.95,0.0,0,0,64.4,6.6,0.0,1.8,83.76
R910032,"Bratensoße aus Instantpulver, zubereitet mit Wasser",Gravy made from instant powder and water,10,97,0.225,0.247,1.731,0.061,0,259,5.2,0.586,0.153,0
X940112,Mehlschmarren (süddeutsche Mehlspeise) gebraten,"""Mehlschmarren"" fried (thick flour pancake cut into pieces)",254,49.2,7.78,11.04,29.92,1.92,0.3,55,70,4.05,1.91,72
W236000,Fleischsalat-Grundmasse,Bologna for meat salads,261,62.9,10.24,24.01,0.96,0.04,0.43,800,29,0.878,8.1,45.5
R9A5100,"Sacherguss/Schokoladenglasur, für Gebäck/Torten","Sacher icing/chocolate icing, for pastry/tortes",345,30.5,3.31,15.75,45.4,4.2,0,6,26.8,43.9,9.48,1.5
T411800,Graved Lachs,Graved salmon (salt-sugar-cured),152,69.1,19.009,7.74,1.493,0,3.6,1169,12,1.493,1.446,55.7
P9A4000,"Cocktail, Gin Tonic","Cocktail, Gin and tonic",55,89.9,0,0,5.368,0,0,1,4,5.368,0,0
D7A5000,Apfeltaschen (Hefeteig),Turnover (yeast dough) filled with apples,244,44.3,5.5,7,38.0,3,0.1,25,36,14.6,3.8,32
X357112,Buttermilch-Dressing mit Honig für Salat,Buttermilk dressing with honey for salad,104,80.8,2.86,6.28,8.03,0.1,0,206,86,7.94,1.1,6.2
Y720443,Rührei gebraten mit Pfifferlingen,Scrambled eggs fried with chanterelles,166,72.7,9.26,13.59,1.11,0.9,1,230,47,0.99,2.3,214
F090100,"Fruchtmischung gezuckert, roh","Mixed fruit sugared, raw",87,76,0.694,0.4,18.9,1.9,0,2,9,17.87,0.125,0
F303600,Brombeersaft,Blackberry juice,40,91.6,1.17,0.2,9.2,0.3,0,1,16,4.9,0,0
F305152,Stachelbeere gedünstet,Gooseberry stewed,56,85.372,0.972,0.167,10.929,3.278,0,2,32,8.029,0.0152,0
Y341313,Debreziner Bohnengulasch (mit Schweinefleisch),"""Debreziner"" bean goulash with pork",97,79.8,10.52,4.8,2.3,1.1,0,125,37,1.75,0.77,26.77
V585132,"Lamm Bries, gekocht","Lamb sweetbread, boiled",91,78.5,15.4,3.28,0.0,0,0.1,44,5,0.0,1.7,273
T402182,Stint gebraten ohne Fett (Pfanne),European smelt fried without fat (pan),100,76.458,20.662,1.912,0.0,0,4.2,166,62,0.0,0.409,89
B6A1200,"Weizenvollkornknäckebrot mit Müslizutaten, gesüßt","Wholemeal wheat crispbread with muesli ingredients, sweetened",438,6,13.6,18.1,50.0,10.1,0,188,73,13.8,3.6,0.004
B257700,Weizenmischbrot mit Quark,Wheat-rye bread (> 50 % and < 90 % wheat) with quark,224,41,7.79,0.85,43.0,6.36,0,482,27.2,0.8,0.1,0.26
D301300,Französische Schokoladentorte (Rührmasse),French chocolate torte (cake batter),452,14,5.66,23.7,52.4,3,0.3,189,30,31.5,14.8,91
D432300,Früchtekuchen (ohne Fett zubereitet),Fruitcake (prepared without fat),380,13,7.4,12.3,56.4,5.5,0.2,90,79,43.2,1.4,47
D072000,"Blätterteig eifrei, roh","Puff pastry egg-free, raw",425,33.3,4.18,32.19,28.65,2.12,0,159,5.5,0.12256,12.91,0
S624000,Pralinen gefüllt mit Fruchtcreme,Pralines filled with fruit cream,550,5.7,4.3,35.3,51.1,1.57,0.02,52,133,46.9,22.2,48
V334162,"Wildente Fleisch, mit Haut, gebraten ohne Fett (Ofen)","Wild duck meat, with skin, fried without fat (oven)",243,56.7,27,15,0.0,0,0.3,71,8,0.0,4.9,123
U886142,"Hammel Keule, geschmort ohne Fett","Mutton leg, braised without fat",309,50.697,26.719,22.5,0.0,0,0,73,12,0.0,10.263,109
B416700,Weizenvollkornbrötchen mit Kürbiskernen,Wholemeal wheat roll with pumpkin seeds,297,26.5,11.7,5.66,45.0,9.56,0,542,28,1.3,1.29,0
C141032,"Gerste ganzes Korn, gekocht","Barley whole grain, boiled",176,53.5,6.001,1.062,33.4,4.6,0,8,19.4,0.912,0.268,0
B106500,Vollkornbrot mit Sonnenblumenkernen,Wholemeal bread with sunflower seeds,230,40,8.1,3.29,37.0,9.89,0,458,28.2,0.95,0.35,0
M2A0300,"Milchmischgetränk 3,5 % Fett, aromatisiert, gesüßt, angereichert mit Vitaminen","Milk drink 3.5 % fat, flavoured, sweetened, fortified with vitamins",78,83.4,3.38,3.33,8.5,0.002,0,33,112,8.29,2.106,13.2
B491300,Dinkelvollkornbrötchen mit Ölsamen,Wholemeal spelt roll with oilseeds,297,26.5,11.5,5.97,45.0,8.27,0,547,57,1.6,1.21,0
Y5A1000,"Hähnchenbrustfilet mit Cornflakes paniert, gebraten","Chicken breast fillet with cornflakes breading, fried",191,61.4,23.14,8.13,6.13,0.38,0.3,208,10,0.11,1.02,97
Y848160,Rumtopf,Fruit preserved in rum with sugar,333,44,0.3,0.1,17.4,0.8,0,2,4,16.9,0.01,0
Y993440,Erdbeersahneeis,Strawberry cream ice cream,241,65.1,2.9,20.88,9.83,0.4,1,26,68,9.82,10.47,145
N0A1100,"Nearwater/Aqua Plus Getränk, aromatisiert, mit Zucker und Süßungsmitteln","Nearwater/Aqua Plus beverage, flavoured, with sugar and artificial sweeteners",14,96,0,0,3.6,0,0,3,10,3.6,0,0
V487200,"Pute Flügel, mit Haut, tiefgefroren","Turkey wings, with skin, deep-frozen",192,66.5,20.2,12.3,0.0,0,0.34,55,14,0.0,2.6,70
T900300,Meeresfrüchtemischung roh,Shellfish (frutti di mare) raw,72,81.1,14.614,1.51,0.0,0,3,278,45,0.0,0.42,173
X320253,"Bechamelsauce mit Milch 3,5 % Fett",Bechamel sauce with milk 3.5 % fat,119,79,4.21,8.01,7.24,0.22,0.009,84,124,4.26,5.08,25
Y730463,Omelett gebraten mit Tomaten,Omelette fried with tomatoes,142,78.4,6.2,11.81,2.13,0.7,0.7,123,53,2.12,1.96,138
Y141823,Rindergulasch mit Gemüse,Beef goulash with vegetables,100,78,8,4,7.0,1.6,0.116,200,14,3.0,1,19.3
Y771510,Kräuterquark (aus Magerquark),"Quark, < 10 % fat in dry matter, with herbs",80,81.4,9.49,2.7,3.8,0.04,0,190,130,3.8,1.4,12
B551000,Weizenmischbrötchen,Wheat-rye roll (> 50 % and < 90 % wheat),289,26.5,8.8,2.72,54.0,6.06,0,584,21,1.7,0.85,0
Y146113,Westfälischer Pfefferpotthast mit Rindfleisch und Sauce,"Westphalian ""Pfefferpotthast"" (beef stew with sauce)",122,75,12.45,6.2,3.44,0.8,0.191,198,20,3.41,1.6,33.8
W237000,Fleischkäse fettreduziert,Fleischkaese sausage reduced-fat,147,70,18.25,8.1,0.16,0.09,0.17,900,6,0.0,3.08,56.2
Y560322,Brathähnchen gebraten im Ofen,Chicken fried in oven (roast chicken),230,60.6,22.69,15.44,0.017,0.059,0.3,201.8,16,0.011,2.81,105.16
C512600,Müslimischung Bircher Art (mit Trockenfrüchten und Nüssen) ungesüßt,Muesli mix Bircher style (with dried fruit and nuts) unsweetened,366,11.5,11.8,11,49.4,10.4,0,8,53,11.3,2.2,0
C341032,Mais gekocht,Maize boiled,88,73.4,2.284,0.95,16.583,2,0,1,2.32,0.367,0.158,0
W221300,Currybratwurst,Curry-Bratwurst,215,68.3,10.92,19.01,0.04,0.02,0.34,762.3,5.1,0.0,6.66,51.69
X556043,"Ganze Tomaten gedünstet, mit Sahne","Whole tomatoes stewed, with cream",83,86.7,1.215,6.643,3.68,1.3,0.011,98,21,3.68,2.21,10
V592800,"Kalb Zunge, Kochpökelware","Veal tongue, cooked cured",144,73.4,15.977,8.682,0.483,0,0.1,700,8,0.483,2.839,102
Y141523,Krautgulasch (mit Rindfleisch),Beef goulash with white cabbage,129,75,11.34,7.1,3.93,1.7,0.176,96,28,2.65,1.5,29.4
B710700,Dinkelbrot mit Nüssen,Spelt bread with nuts,253,40,8.66,5.01,41.0,4.8,0,453,20,0.486,0.76,0
D701500,Raspeli,"""Raspeli"" meringue with cocoa powder and coconut",450,10.9,6.3,23.388,50.4,6.783,0,72,16,49.5,21.675,0
D440700,Englischer Kuchen (Sandmasse) mit Alkohol,English cake (sand cake batter) with alcohol,424,18,5.8,22.2,48.3,2.5,0.4,54,37,32.3,11.4,105
U665162,Schwein Dünner Bug (ohne Fett und Schwarte) gebraten ohne Fett (Ofen),Pork shoulder (without fat and rind) fried without fat (oven),169,65.45,27.44,6.57,0.0,0,0,74.1,5.4,0.0,2.04,88.48
T402152,Stint gedünstet,European smelt stewed,77,81.924,15.536,1.619,0.0,0,3.76,158,60,0.0,0.348,85
G093100,"Suppengrün/Suppenkraut, roh",Mirepoix raw,33,89,2.154,0.335,3.4,3.4,0,56,61,3.3,0.061,0
Y824443,Kirschenmichel gebacken,Cherry souffle,152,66.2,5,4.84,21.58,1.2,0.2,159,74,12.29,2.15,46
U724000,"Schaf Kotelett, mariniert, roh","Sheep chop (loin) marinated, raw",320,54,13.87,29.2,0.34,0.2,0,432,18,0.34,13.32,59
B111600,Weizenvollkornbrot mit Sonnenblumenkernen,Wholemeal wheat bread with sunflower seeds,236,40,9.3,3.37,38.0,7.73,0,449,27,1.2,0.35,0
U461132,"Kalb Bug/Schulter, gekocht","Veal shoulder, boiled",119,70.538,27.257,1.082,0.0,0,0.429,81,15,0.0,0.453,90
E632100,Dinkeleierteigwaren roh,Spelt egg pasta raw,366,9.45,14.51,2.29,68.48,6.53,0.2,17,24,0.478,0.4,35
F201600,Aprikosensaft,Apricot juice,49,84,0.7,0.104,10.8,0.154,0,2,5.54,10.1,0.0083,0
D2A2000,Johannisbeertorte mit Baiser/Träublestorte (Mürbeteig),Red currant torte (shortcrust pastry) with meringue,320,32.7,6.7,12.9,41.75,3.4,0.1,45,31,22.5,5.85,38
Y782613,Käse-Weißbrot-Auflauf,Cheese-white bread casserole,260,48.7,15.3,14.01,17.34,1.31,0.4,430,436,2.06,8.358,107
D610300,Schokoladenbaiser,Chocolate meringue,406,6.5,8.1,10.81,66.3,5.61,0,107,34,64.442,6.54,0.9
D431300,Makronenkuchen (Rührmasse),Macaroon cake (cake batter),456,15,8.8,26.23,44.6,2.9,0,66,33,27.232,11.14,122
W540000,"Hamburger Rauchfleisch (Rind Oberschale) Rohpökelware, geräuchert","Beef meat (topside/top round) raw cured, smoked",118,72.1,19.495,4.231,0.492,0,0.315,1800,6.3,0.492,1.923,46.4
G730200,"Dicke Bohne unreif, tiefgefroren","Broad bean immature, deep-frozen",70,80.3,6,0.7,6.6,6.4,0,19,22,1.4,0.153,0
D790700,Kekse/Plätzchen (Vollkornmürbeteig),Wholemeal biscuits,522,4,7.13,29.77,53.1,6.45,0.069,80,24,20.933,18.584,75
D0A8000,Quicheboden (Mürbeteig),Quiche base (shortcrust pastry),442,21,8.2,25.85,42.5,3.11,0.3,163,19,0.392,15.84,108
C522600,"Getreideflakes gesüßt, mit Schokolade","Cereal flakes sweetened, with chocolate",376,9,8.1,5.8,69.3,7,0,352,21,21.8,2.92,1.3
G994100,"Gemüsemischung asiatische Art, roh","Mixed vegetables Asian style, raw",30,91,2,0.3,3.6,2,0,7,22,3.6,0.039,0
B8A9000,Vollkornbrot glutenfrei,Wholemeal bread gluten-free,227,46,6.6,6,32.0,5.3,0,333,36,2.7,0.65,0
Y497623,Hammelfleisch gedünstet mit Weißkraut (Irish Stew),Mutton stewed with white cabbage (Irish Stew),155,71,6.36,9.8,9.45,1.8,0,195,26,2.51,3.7,20
B275700,Roggenmischbrot mit Kümmel,Rye-wheat bread (> 50 % and < 90 % rye) with caraway seeds,219,41,6.53,0.75,43.0,7.19,0,493,19.2,0.7049,0.09,0
X471423,Schokoladen-Milchsuppe gebunden mit Grieß,Chocolate-milk soup thickened with semolina,87,81,3.9,3.4,10.0,0.13,0,47,110,7.42,2.14,12.9
D432100,Rehrücken gebacken (Sandmasse),Mock saddle of venison cake (sand cake batter),479,14,9.35,30.58,39.3,4.7,0.5,82,44,27.8,13.79,113
V592132,"Kalb Zunge, gekocht","Veal tongue, boiled",174,69.522,19.012,10.875,0.0,0,0.1,52,8,0.0,3.557,128
W207000,Geflügelbockwurst mit Schweinefleisch,Poultry bockwurst with pork,137,74,12.73,9.6,0.0,0.06,0.2,800,8,0.0,3.1,53
U171200,Rind Bratenfleisch (Bug) tiefgefroren,Beef meat for roasting (shoulder) deep-frozen,128,73.1,20.2,5.3,0.0,0,0.4,50,3.818,0.0,2.325,56.7
G250200,Petersilienblatt tiefgefroren,Parsley leaf deep-frozen,33,84.85,4.088,0.36,1.31,4.25,0,125.5,138,0.85,0.043,0
D771600,Croissant (Hefeblätterteig/Plunderteig),Danish pastry croissant,426,22,8,23.57,44.0,2.62,0.1,349,44,7.2,13.52,25
B516700,Weizenbrötchen mit Kürbiskernen,Wheat roll with pumpkin seeds,307,26.5,10.7,5.17,52.0,4.41,0,544,18,1.9,1.23,0
D4A8600,Rotweinkuchen (Rührmasse),Red wine cake (cake batter),429,25,7.92,28.01,34.2,3.4,0.4,134,32,18.2,14.8,113
M813700,"Schmelzkäsezubereitung 45 - 52 % Fett i. Tr., mit Schinken","Processed cheese preparation 45 - 52 % fat in dry matter, with ham",279,55.5,12.19,22.98,5.14,0,1.77,923,330,5.14,15.467,65
D7A5300,Zimtschnecken (Hefeteig),Danish swirl (yeast dough) with cinnamon,352,23.5,7.5,10.09,56.3,2.8,0.1,35,49,21.36,5.95,49
V488200,"Pute Innereien, tiefgefroren","Turkey giblets, deep-frozen",154,69.8,17.9,9.21,0.0,0,0.68,77,10,0.0,2.42,240
G920200,"Gemüsemischung Leipziger Allerlei, tiefgefroren","Mixed vegetables ""Leipziger Allerlei"", deep-frozen",57,86.9,3.2,0.398,8.2,3.6,0,10,23,3.64,0.086,0
C522400,"Getreideflakes gesüßt, mit Nüssen","Cereal flakes sweetened, with nuts",370,9.8,10.8,6.93,60.9,9.6,0,311,28,19.4,1.21,0
X330053,Grundsauce dunkel/braun (von Wildbrühe),Basic sauce brown (from game stock),76,85,1.14,5.4,5.53,0.42,0,257,4,0.02043,0.38,0.098
W213000,Frankfurter Würstchen/Schinkenwürstchen,Frankfurt sausage small,270,58.4,12.4,24.4,0.08,0.05,0.26,800,8,0.0,4.92,54
D1A4200,Stachelbeerkuchen (Rührmasse) mit Baiser,Gooseberry cake (cake batter) with meringue,275,45,4.1,12.25,35.6,2.69,0,74,29,22.433,7.16,88
F508700,Maracujanektar/Passionsfruchtnektar,Passion fruit nectar,56,84.8,0.2,0.1,13.209,0.078,0,6,9.6,13.209,0.011,0
D7B4000,Friesenkekse (Mürbeteig),"""Friesenkekse"" biscuits (shortrcrust pastry)",511,4.7,6.5,27.31,58.36,2.9,0,24,35,26.288,14.77,110
Y882310,Quarkspeise mit Pfirsichen,Quark dish with peaches,113,76,5.8,4.92,10.88,0.4,0.013,35,83,10.62,2.662,15.1
X651013,"Kartoffeln geschält, roh gebraten","Potatoes raw, peeled, fried",222,59.5,2.88,12.753,22.601,2.81,0,3.5,13.6,1.136,0.88,0.259
X518543,Ratatouille,Ratatouille,58,89,1.2,3.36,4.6,1.8,0,172,16,4.5,0.26,0.065
X469043,Weißkraut-Karotten-Eintopf mit weißen Bohnen und Hammelfleisch,White cabbage-carrot stew with haricots and mutton,131,76,7.159,7.916,6.0,3.1,0,81,29,2.3,3.543,20
D432400,Quarkstollen (Rührmasse),Quark stollen (cake batter),379,18,8.1,15.7,48.6,4.2,0.021,125,52,28.9,6.3,24
X890933,Paella,Paella,102,77,8.5,3.3,9.0,0.9,1,250,21,1.0,0.4,64
F514600,Kiwisaft,Kiwi fruit juice,48,89.6,0.8,0.4,9.1,0.4,0,3,26,9.1,0,0
Y881610,Quarkspeise mit Himbeeren,Quark dish with raspberries,112,75.9,5.8,4.87,10.0,1.3,0.013,34,83,10.0,2.606,14.8
Y881510,Quarkspeise mit Erdbeeren,Quark dish with strawberries,111,77,5.75,4.88,10.26,0.5,0.013,34,84,10.24,2.605,14.8
X810413,"Milchreis gesüßt, mit Milch 3,5 % Fett und Rosinen, aufgezogen, gebacken","Rice pudding sweetened, with milk 3.5 % fat and raisins, baked",140,68.6,4.1,4.3,20.8,0.6,0,42,106,10.7,2.7,15
D462800,Schneckennudeln/Rosenkuchen (Hefeteig),Yeast rose cake,348,25,7.1,11.9,51.0,3.3,0.2,39,50,27.1,6.2,51
D0A5100,Hefeteig (feiner) gebacken,Yeast dough (fine) baked,359,27,8.6,14.06,48.0,3.07,1,119,54,8.52,7.84,126
S571000,Bitterschokolade gefüllt mit Karamell,Dark chocolate filled with caramel,549,1,8.1,37.6,40.0,9,0.02,46,62.7,36.7,22.7,3
W183000,Bauernbratwurst/Westfälinger,"Bauernbratwurst sausage raw, small, firm",281,54.5,19.24,22.58,0.15,0.08,0.34,1000,6.5,0.0,8.54,73.37
D0A5000,Hefeteig (einfacher) gebacken,Yeast dough (simple) baked,322,30,8.71,8.98,50.0,3.14,0.2,134,48,8.85,5.15,54
T710400,"Edelkrebs/Flusskrebs, gesalzen",Crayfish salted,73,79.6,16.935,0.56,0.0,0,0,752,55,0.0,0.0802,198
W138100,Gänsezervelatwurst mit Schweinefleisch,Zervelatwurst sausage with goose meat and pork,366,41.4,23.2,30.38,0.0,0,0.5,1500,9,0.0,11.4,92
Y780163,Käsefondue (mit Alkohol),Cheese fondue (with alcohol),252,58,16.9,19.01,0.12,0.075,0.2,295,636,0.12,11.594,48.3
D461400,Gugelhupf mit Rosinen (Hefeteig),Ring cake with raisins (yeast dough),382,23,8.8,16.8,47.0,3.4,0,38,52,16.0,8.1,111
W143000,Salami Ungarische Art,Salami Hungarian-type,386,40.5,21.81,33.08,0.18,0.1,0.39,1500,6.4,0.0,12.5,81.71
W146000,Katenrauchwurst,Katenrauchwurst sausage,263,51.9,25.15,17.93,0.18,0.1,0.27,1500,6.9,0.0,6.65,85.19
G321132,Chinakohl gekocht,Chinese white cabbage boiled,20,93.8,2.025,0.225,1.56,2,0,14,89,1.397,0.014,0
D753100,Nuss-Spritzgebäck (Rührmasse),Nut spritz biscuits (cake batter),558,9,7.9,40.54,38.6,3.5,1,69,50,16.9,19.54,183
D461500,Streuselkuchen (Hefeteig),Crumb cake (yeast dough),425,15,7.27,17.97,57.0,2.93,0.1,24,32,18.29,11.1,60
X644113,Kartoffel-Tomaten-Gratin mit Mozzarella,Potato gratin with tomatoes and mozzarella,97,81,2.76,5.2,9.09,1,0.009,163,47,1.79,2.9,13.9
K420162,"Batate/Süßkartoffel, gebacken","Batata/sweet potato, baked",152,60.2,2.09,0.769,32.4,4.026,0,5,28.755,7.1,0,0
S340000,Weichkaramelle gefüllt,Soft caramel filled,432,14,2.327,18.23,63.0,0.81,0.04,35,66,42.4,9.6,10
N710600,Früchtetee (Getränk) mit Zucker,Fruit tea (infusion) with sugar,7,98.1,0,0,1.861,0,0,2,10,1.861,0,0
U211162,"Rind Filet/Lende, gebraten ohne Fett (Ofen)",Beef fillet (tenderloin) fried in the oven without fat,136,73.4,25.126,3.951,0.0,0,0.346,42,3.79,0.0,1.781,62.7
P281000,Glühwein,Mulled wine,96,80.7,0.242,0,8.21,0.071,0,2,8,8.18,0.008,0
Y849440,Grapefruit gezuckert,Grapefruit sugared,74,80.2,0.4,0.134,16.5,0.5,0,1,21,16.5,0.0305,0
G613152,"Rote Rübe/Rote Bete, gedünstet",Beetroot stewed,43,87,2.023,0.098,7.08,2.5,0,56,17,7.08,0.02,0
X700062,"Eier-Frischteigwaren, selbstgemacht, roh","Fresh egg pasta, homemade, raw",283,34.7,11.07,5.76,44.97,3.31,0.6,451,25,0.308,1.07,120
W139100,Lammfleisch-Zervelatwurst,Zervelatwurst sausage with lamb meat,371,42,21.23,31.81,0.0,0.04,0.35,1500,5,0.0,11.9,84
U133100,"Rind Steak (Rücken) mariniert, roh","Beef steak (loin) marinated, raw",144,74,20.41,6.75,0.14,0.2,0.362,398,6,0.14,2.02,43.9
M816000,"Schmelzkäsezubereitung 45 - 52 % Fett i. Tr., mit Nüssen","Processed cheese preparation 45 - 52 % fat in dry matter, with nuts",317,51.2,12.12,27.22,5.1,0.3,1.7,854.2,322.9,5.1,15.283,60.17
X951113,"Grießbrei einfach, gesüßt","Semolina porridge simple, sweetened",100,78,4.29,3.39,12.94,0.35,0,42,112.4,6.68,2.1,13.2
K420132,"Batate/Süßkartoffel, gekocht","Batata/sweet potato, boiled",65,81.2,1.7,0.2,12.8,2.7,0,4,21.097,9.2,0,0
X423462,Rinderkraftbrühe mit Reis,Beef consomme with rice,26,91,0.92,0.2,5.0,0.2,0,235,5,0.02,0.009,0
B782100,Weizenfladenbrot,Wheat flatbread,248,39,8.2,2.3,47.0,3.34,0,504,18,0.317,0.2,0.0009
X614213,Kartoffelgulasch,Potato goulash,75,84,1,3.2,10.1,0.9,0,150,20,1.8,0.5,2
X435143,Käseklößchen,Small cheese dumplings,371,38.1,17.37,26.4,15.32,1.22,0.6,457,453,0.277,16.21,144
G490162,Knoblauch gebacken,Garlic baked,112,59,7.118,0.494,3.0,33.291,0,9.2562,16.96,2.4,0.074,0
X9A2090,"Porridge gesüßt, mit Wasser","Porridge sweetened, with water",81,79.4,2.613,1.308,13.5,2.16,0,10,13,3.139,0.263,0
T107172,Makrele gegrillt,Mackerel grilled,188,60.7,23.7,10.36,0.0,0,10,199,26,0.0,2.115,106
H110700,"Erdnuss geröstet, gesalzen","Peanut roasted, salted",614,1,28.7,49.2,9.9,8.3,0,384,59.1,4.9,7.7,0
Y771140,Schnittlauchquark (aus Sahnequark),"Quark, min. 40 % fat in dry matter, with chives",132,76.9,8.84,9.18,2.94,0,0.14,183,101,2.94,5.046,25.5
W874100,"Frankfurter Würstchen/Schinkenwürstchen, Konserve",Frankfurt small sausage canned,226,64.6,12.5,19.5,0.08,0.05,0.26,800,9.5,0.0,4.92,49.42
B416500,Weizenvollkornbrötchen mit Sonnenblumenkernen,Wholemeal wheat roll with sunflower seeds,300,26.5,11.2,5.75,46.0,9.42,0,542,32,1.4,1.12,0
V593800,"Schwein Zunge, Kochpökelware","Pork tongue, cooked cured",202,64,20.88,12.87,0.618,0,0.38,700,8.6,0.618,4.207,131.41
D400700,Englische Muffins/Toasties (Hefeteig) gebraten ohne Fett (Pfanne),English muffins/toasties (yeast dough) fried without fat (pan),371,16,10.55,8.47,61.0,4.15,0.016,486,44,6.81,4.94,22
W121500,Teewurst fettreduziert,"Teewurst sausage spreadable, reduced-fat",200,62.4,21.63,12.56,0.1,0.06,0.28,1170,8.63,0.0,4.6,63
B406000,Vollkornbrötchen mit Ölsamen,Wholemeal roll with oilseeds,294,26.5,10.7,5.54,45.0,10.59,0,543,44,1.5,1.18,0
T410200,Lachs tiefgefroren,Salmon deep-frozen,180,69.2,19.9,11.2,0.0,0,3.8,31.9,11,0.0,2.398,58.3
G541042,"Gemüsepaprika grün, geschmort ohne Fett","Sweet pepper green, braised without fat",42,93.3,1.175,0.261,7.56,2.2,0,5,8,7.15,0.065,0
X454713,Haferschleim,Oat gruel,20,94.8,0.768,0.386,3.1,0.638,0,13.6,8,0.043,0.078,0
D750600,Heidesand (Mürbeteig),"""Heidesand"" biscuits (shortcrust pastry)",521,2,5.28,25.88,65.4,2.45,0.061,32,13,32.26,16.35,66
K750100,Mischpilze roh,Mixed mushrooms raw,34,89.5,3.5,0.3,2.16,5.1,0,5,11,0.97,0.041,0
B259000,Weizenmischbrot mit Kürbiskernen,Wheat-rye bread (> 50 % and < 90 % wheat) with pumpkin seeds,238,41,8.42,3.06,41.0,6.5,0,460,18.8,0.603,0.47,0
V463172,"Ente Fleisch, ohne Haut, gegrillt","Duck meat, without skin, grilled",153,66.8,25.9,5.5,0.0,0,0.55,115,17,0.0,1.143,131
D034000,Schokozwieback,Chocolate rusk,466,3.9,9.1,20.2,58.0,7.84,0,220,70,28.4,11.18,4.8
V351200,"Wachtel Fleisch, ohne Haut, tiefgefroren","Quail meat, without skin, deep-frozen",128,70,21.8,4.53,0.0,0,0.3,51,13,0.0,1.3,70
X359640,Asia-Dressing,Asian dressing,236,64,1.84,22.05,4.9,0.4,0,1279,11,4.43,1.66,0.447
G312182,Broccoli gebraten ohne Fett (Pfanne),Broccoli fried without fat (pan),71,76.9,7.244,1.1934,4.6,6,0,52,86,2.76,0.2378,0
B723300,Laugengebäck mit Sesam,Lye pastry (pretzels) with sesame seeds,276,34,8.9,3.61,50.0,3.58,0,515,27,1.4,1.08,0
W238000,Geflügelfleischkäse mit Schweinefleisch,Poultry fleischkaese sausage with pork,193,64.9,16.86,13.9,0.11,0.06,0.3,800,10,0.0,4.46,63.3
T309152,Seezunge gedünstet,Sole stewed,78,81.95,15.625,1.77,0.0,0,5,101,35,0.0,0.516,60
B111700,Weizenvollkornbrot mit Buttermilch,Wholemeal wheat bread with buttermilk,222,42,8.7,1.19,40.0,7.79,0,472,33,1.4,0.18,0.7
D720800,Käsewindbeutel salzig (Brandmasse) ungefüllt,Cheese puffs salted (choux pastry) unfilled,245,55,12.3,14.16,16.5,1.01,0.7,169,238,0.229,7.93,167
G331132,Kohlrabi gekocht,Kohlrabi boiled,28,92.1,1.898,0.157,3.8,1.5,0,16,61,3.623,0.027,0
D400800,Heidelbeer-Muffins (Rührmasse),Blueberry muffins (cake batter),336,33,5.7,14.23,44.3,3.1,0.3,96,22,23.02,8.33,89
S132000,Konfitüre extra,Jam extra quality,234,40.7,0.4,0.2,56.3,1.1,0,3,8,56.3,0.0156,0
U651162,"Schwein Brustspitze, gebraten ohne Fett (Ofen)","Pork breast tip, fried without fat (oven)",228,59.63,25.24,14.13,0.0,0,0.27,77.1,9.9,0.0,5.31,89.84
B8A6000,"Sauerteigbrot mit Ölsamen, glutenfrei","Sourdough bread with oilseeds, gluten-free",229,47.2,7.9,7.3,30.6,4.6,0,401,50,1.1,0.96,0
S560600,"Zartbitter-/Halbbitterschokolade, gefüllt mit Kokoscreme","Bittersweet/semisweet chocolate, filled with coconut cream",564,1.1,5.51,37.37,48.1,6.43,0.001,27,75,46.6,23.11,6
S220200,Kaffeeeis,Coffee ice cream,171,67.3,4.4,9.2,17.6,0.1,1,39,93,17.1,4.42,128
D621100,Eiswaffeln/Waffelhörnchen (Rührmasse),Ice cream cones,295,41.2,5.44,13.02,37.9,2.1,0.2,28,17,18.5,6.21,49
V256042,"Wildschwein Fleisch, geschmort ohne Fett","Wild boar meat, braised without fat",204,61.355,26.848,10.783,0.0,0,0.31,82,11.5,0.0,3.766,90.7
U583132,Schwein Kochfleisch (Bauch) gekocht,Pork meat for boiling (belly) boiled,357,46.86,22.49,29.64,0.0,0,0.45,38.6,5.4,0.0,10.61,86.15
D187200,Apfel-Streuselkuchen (Mürbeteig),Apple crumble tart (shortcrust pastry),309,31.97,4.19,16.13,35.14,3.42,0.1,12.6,22.1,17.06,7.22,41
D7A5500,Rosinenbrötchen (Hefeteig),Roll with raisins (yeast dough),338,24.6,8.3,9,53.8,3.7,0.1,33,47,13.7,5.2,43
F614600,Orangennektar mit Süßungsmitteln,Orange nectar with artificial sweeteners,20,94,0.375,0,4.251,0.155,0,3,13,4.251,0,0
E608000,Böhmische Knödel roh,Bohemian dumplings raw,235,49.7,8.31,8.96,29.19,2,0.4,433,56,2.11,4.77,89
H810000,Studentenfutter,Fruit and nut mix,485,10.3,12.3,32.2,32.3,6.2,0,7,70,29.6,4.3,0
B421000,Roggenvollkornbrötchen,Wholemeal rye roll,256,29.755,7.56,2.86,43.0,13.76,0,569,30.4,1.213,0.85,0
D734600,Buttergebäck (Mürbeteig),Butter biscuits (shortcrust pastry),496,8,6.82,26.15,57.0,2.62,0.5,64,17,21.7,15.89,104
S142200,Apfelkraut,"Apple butter, sweetened",231,38.9,0.9,1,52.1,5.2,0,3,10,49.4,0.365,0
R942000,Tortenguss klar (zubereitet mit Wasser und Zucker) für Gebäck/Torten,Gelatin glaze for pastry/tortes,48,87.9,0.015,0.003,12.057,0.033,0,2,4,8.537,0,0
C532900,Reiswaffeln schokoliert,Puffed rice waffles chocolate coated,475,2.1,7.13,21.37,61.0,5.01,0.01,73,81,29.6,12.36,6.2
Q960000,"Pflanzenfett/Frittierfett, pflanzlich",Vegetable deep-frying fat,900,0,0,100,0.0,0,0,0.42,0.126827,0.0,45,1.3
S539100,Vollmilchschokolade gefüllt mit Karamell,Whole milk chocolate filled with caramel,533,3.6,4.57,30.37,57.3,1.76,0.01,112,142,52.6,18.68,28
S354000,Kokosflocken (aus Fondant),Coconut fondant flakes,461,8.1,1.922,16.952,68.5,3.848,0,8,3.9,58.5,16.025,0
U432200,"Kalb Hals/Nacken/Kamm, tiefgefroren",Veal scrag deep-frozen,109,75,21.2,2.66,0.0,0,0.4,104,15,0.0,1.112,70
Y436232,"Lammfleischspieße mit Gemüse, gegrillt","Lamb skewer with vegetables, grilled",161,73,12.4,11.3,1.7,1,0,144,15,1.7,3.92,45
Y686212,"Tintenfische mehliert, gebraten","Cuttlefish floured, fried",96,76.7,16.23,2.2,2.25,0.25,0,402,31,0.271,0.39,286
B516400,Weizenbrötchen mit Mohn,Wheat roll with poppy seeds,298,26.5,9.6,3.3,55.0,4.46,0,575,39,1.9,0.92,0
D0A6100,"Kuchenboden/Tortenboden, kakaohaltig (Mürbeteig, einfacher)","Cake base/torte base, containing cocoa (shortcrust pastry, simple)",428,14,8.61,18.28,55.5,3.44,0.4,89,25,21.904,10.79,111
D181300,Apfelkuchen gedeckt (Mürbeteig),Covered apple sheet cake (shortcrust pastry),219,53,3.7,9.9,27.4,2.7,0,24,16,13.2,5.3,50
V487172,"Pute Flügel, mit Haut, gegrillt","Turkey wings, with skin, grilled",294,48.7,31.1,18.9,0.0,0,0.41,76,22,0.0,4,108
X384143,Barbecuesauce/Grillsauce,Barbecue sauce,112,79.3,1.15,7.27,9.24,1.4,0,245,19,9.11,0.53,0.52
H882000,"Käsealternative, Basis Cashewkerne, vegan","Plant-based cheese alternative, cashew-based, vegan",440,30.7,14.97,33.559,18.5,2.1,0,389,29,4.382,6.598,0
B406700,Vollkornbrötchen mit Kürbiskernen,Wholemeal roll with pumpkin seeds,296,26.5,11.2,5.59,45.0,10.37,0,541,29,1.4,1.279,0
Q998000,Salatcreme (Fertigprodukt),Salad cream (ready-made product),300,57.3,1.4,27.018,11.92,0.046,0,686,34,8.01,2.2,33
B6A2800,Roggenvollkornknäckebrot mit Kürbiskernen,Wholemeal rye crispbread with pumpkin seeds,370,6,13.77,9.15,49.3,17.88,0,521.9,34,1.799,1.455,0
G341142,Rotkohl geschmort ohne Fett,Red cabbage braised without fat,50,83.3,2.763,0.318,6.664,4.5,0,19,64,6.535,0.0592,0
Y025022,Fleischkäse gebraten,Fleischkaese fried,314,56,14.34,28.02,0.62,0,0,860.2,6.6,0.62,8.41,68.89
B226500,Roggenbrot mit Sonnenblumenkernen,Rye bread with sunflower seeds,223,41,6.59,3.04,38.0,8.78,0,453,24.2,1.001,0.29,0
F609600,Tangerinensaft,Tangerine juice,42,90.5,0.9,0.24,8.08,0.112,0,2.5,26,8.08,0.034,0
B6A5100,Dinkelvollkornknäckebrot mit Ölsamen,Wholemeal spelt criscpread with oilseeds,429,6,16.4,18.2,45.0,9.48,0,735,112,2.2,2,0.0025
C515200,"Cornflakes gesüßt, mit Zuckerglasur und Erdnüssen, angereichert mit Vitaminen und Mineralstoffen","Cornflakes sweetened, sugar frosted, with peanuts, fortified with vitamins and minerals",396,3.2,6.2,3.9,82.5,3,0,329,6,33.5,0.6,0.3
B426800,Roggenvollkornbrötchen mit Nüssen,Wholemeal rye roll with nuts,275,29.755,7.87,6.36,40.0,13.1,0,526,35,1.303,1.12,0
W164200,Göttinger Schinkenwurst,Göttinger ham bologna raw,375,41.3,21.78,31.89,0.18,0.1,0.47,1500,8,0.0,12.13,92.92
Y862143,"Vanilleflammeri/Vanillepudding, mit Eigelb",Vanilla pudding with egg yolk,143,69.5,4.6,5.26,19.16,0.073,0,59,130,11.3,2.73,75
D7A2000,Cookies mit Schokoladenstückchen,Chocolate chip cookies,488,4,6.48,22.18,64.0,2.98,0.2,75,35,37.8,13.46,75
B226700,Roggenbrot mit Kürbiskernen,Rye bread with pumpkin seeds,225,41,7.04,2.98,38.0,8.92,0,455,20.6,0.899,0.45,0
W171600,Kolbacz,Kolbacz sausage raw,453,34,20.04,41.37,0.0,0.08,0.58,1500,6,0.0,15.6,74.21
B111500,Weizenvollkornbrot mit Ölsamen,Wholemeal wheat bread with oilseeds,235,40,9.3,3.25,38.0,8.03,0,450,36,1.1,0.41,0
W004000,Aufschnitt-Grundbrät,Sausage meat for cold cuts,218,64.5,14.16,17.86,0.09,0.05,0.31,900,4.9,0.0,6.47,51.28
W116000,Schmierwurst fettreich,"Mettwurst sausage high-fat, spreadable",327,49.7,18.28,28.15,0.12,0.07,0.45,1100,5.5,0.0,10.83,70.95
T617152,Schafskopf (Meerbrasse) gedünstet,Sheepshead stewed,93,80.3,18,2.3,0.0,0,2.8,72,25,0.0,0.568,60
X4B1010,Rhabarberkaltschale gebunden mit Grieß,Cold rhubarb soup thickened with semolina,48,86.6,0.55,0.09,9.87,1.81,0,2,43,8.166,0.02,0
D9A4000,Vollkornplunderteig roh,"Wholemeal Danish pastry dough, raw",352,36,6.88,21.57,30.0,5.13,0.1,299,42,5.193,11.294,16
U065100,"Schwein Brät, roh","Pork sausage meat, raw",268,60.8,12.49,24.13,0.09,0.05,0.41,715.3,6.2,0.0,8.53,53.3
U990200,Meerrettichsoße Konserve,Horseradish sauce canned,132,71.8,4.02,7.8,9.97,2.3,0.015,511,41,4.476,4.89,18
B226000,Roggenbrot mit Ölsamen,Rye bread with oilseeds,223,41,6.6,2.92,38.0,9.09,0,455,33,0.921,0.35,0
S623600,Pralinen gefüllt mit Vanillecreme,Pralines filled with vanilla cream,560,1.7,5.4,36.08,52.5,1.7,0.02,63,165,52.1,20.15,14.3
B710500,Dinkelbrot,Spelt bread,221,42,8.4,2.39,38.0,6.76,0,474,35.9,0.684,0.55,0
X9A6030,"Hefeteig für Pizza/Pizzateig, roh","Yeast dough for pizza/pizza dough, raw",244,47,6.2,6.81,38.0,3,0,202,8.9,0.16041,0.52,0.129
S730000,"Getränkepulver malzhaltig, angereichert mit Vitaminen und Mineralstoffen","Beverage powder containing malt, fortified with vitamins and minerals",363,5.5,9.817,1.8,74.9,3.859,0.004,148,315,73.4,0.9,4.3
D7A2100,Schokoladen-Mandel-Cookies vegan,Chocolate almond cookies vegan,527,3,9.44,33.2,44.1,6.9,0,113,51,24.17,11.88,0.5
Y855312,Rote Grütze ungesüßt,"Red fruit jelly, unsweetened",57,84.8,0.9,0.3,10.6,2.9,0,2,17,6.2,0.029,0
B491400,Dinkelvollkornbrötchen mit Sonnenblumenkernen,Wholemeal spelt roll with sunflower seeds,297,26.5,11.5,6.11,45.0,7.91,0,545,47,1.7,1.15,0
D330300,Schokoladentorte (Rührmasse),Chocolate torte (cake batter),432,18,7.97,22.59,47.5,3.3,0.4,97,45,28.5,10.51,96
U632172,"Schwein Kamm, gegrillt","Pork neck, grilled",217,61.43,24.27,13.34,0.0,0,0.29,64.3,3.7,0.0,4.97,83.03
F605600,Pampelmusensaft/Pomelosaft,Pomelo juice,35,90.5,0.8,0.3,6.22,0.2,0,2,19,6.22,0.1,0
T417200,Wildlachs tiefgefroren,Pacific salmon deep-frozen,180,69.2,19.9,11.2,0.0,0,3.8,48,16,0.0,2.398,56
D0A4000,Wasserbiskuitboden,Water sponge cake base,306,27,8.5,3.69,58.7,1.8,0.7,119,24,34.281,0.96,131
T506152,Wels gedünstet,European catfish stewed,117,78.7,13.5,7,0.0,0,-,19,31,0.0,1.71,179
X476140,Buttermilchsuppe gesüßt,"Buttermilk soup, sweetened",69,84.8,3.08,1.67,9.88,0.016,0.003,45,98,8.13,0.97,9.9
B781300,Weizenbaguettebrötchen,Wheat baguette roll,289,26.5,9.6,1.51,57.0,4.25,0,597,19,1.8,0.36,0
X562043,"Karotten/Möhren, gedünstet (mit Fett und Salz)",Carrots stewed (with fat and salt),66,87,0.73,4.2,5.04,2,0,169,17,4.96,0.3,0.08
C119132,Bulgur (Hartweizen) gekocht,Bulgur (durum wheat) boiled,152,61.3,5.5,0.9,29.1,3,0,4,14,0.8,0.13,0
X574212,Kichererbsen gekocht (mit Fett und Salz),Chickpeas boiled (with fat and salt),128,63.7,6,4.6,13.1,5.1,0,46,39,1.21,0.5,0.051
S221700,Joghurteis,Yogurt ice cream,124,71.2,3.9,2.5,21.01,0,0,40,81,21.01,1.63,6.47
T206182,Schellfisch gebraten ohne Fett (Pfanne),Haddock fried without fat (pan),87,78.4,20.3,0.65,0.0,0,-,72,14,0.0,0.111,44.1
D7A5400,Milchbrötchen (Hefeteig),Milk roll (yeast dough),337,30,8.9,11.54,48.0,2.96,0,41,46,10.79,6.5,91
F091100,"Fruchtmischung ungesüßt, roh",Mixed fruit unsweetened,62,82,0.751,0.4,12.3,2.1,0,1,10,11.22,0.134,0
R9A2000,Ananas-Joghurtsahne für Gebäck/Torten,Pineapple yogurt cream for pastry/tortes,160,72.1,2.6,10.1,14.2,0.37,0.028,23,56,14.08,5.49,26.8
Y881012,Quarkspeise mit Sauerkirschen,Quark dish with sour cherries,119,75.3,6.05,5.1,11.66,0.24,0.013,36,88,11.44,2.751,15.6
D771700,Croissant (Hefeblätterteig/Plunderteig) gefüllt mit Nuss-Nougat-Creme,"Danish pastry croissant, filled with nut nougat cream",465,15,8,26.04,48.0,2.92,0,286,64,18.2,12.98,30
B426000,Roggenvollkornbrötchen mit Ölsamen,Wholemeal rye roll with oilseeds,267,29.755,8.44,5.17,40.0,13.43,0,529,43,1.224,1.12,0
X558143,Zucchini gedünstet (mit Fett und Salz),Courgette stewed (with fat and salt),70,89,1.6,4.9,4.0,1.5,0,99,27,2.5,0.5,0.095
X553912,Paprika gedünstet (mit Fett und Salz),Sweet peppers stewed (with fat and salt),56,90,0.96,2.8,5.53,1.9,0,98,9,5.52,0.2,0.054
Y662132,Schwertfisch-Rouladen gebraten,Swordfish roulades fried,173,64,22.84,8.49,1.0,0.32,1.76,356,120,0.07,3.55,54
Y413032,Lammfilet gebraten,Lamb fillet fried,274,53.2,25.6,19.1,0.0,0,0,301,12,0.0,6.95,100
K702152,Trüffel gedünstet,Black truffle (Perigord black truffle) stewed,103,64.2,11.673,0.718,0.8,23.296,0,108,34,0.8,0.125,0
D655600,Sirupkuchen,Syrup cake,337,18,6.4,6,63.2,2.5,0.1,190,107,36.9,0.95,17
D657400,Honigkuchenhäufchen,Gingerbread cake mounds,375,11,5.9,7.4,69.2,3.4,0.1,69,28,47.7,2.1,18
H742132,"Kidneybohne reif, gekocht","Kidney bean mature, boiled",129,66.5,8.6,1,15.2,11.1,0,<LOQ,38,0.9,0.05,0
S530700,Milchschokolade gefüllt mit Fruchtcreme,Milk chocolate filled with fruit cream,554,1.2,3.8,34,57.3,1.6,0.01,50,110,56.7,18.72,12
T860000,Kaviarcreme/Kaviarpaste,Caviar paste,412,35.8,8.6,36.2,12.72,0.39,1.9,1960,9,9.17,2.6,120
Y114022,Rinderfiletsteak gebraten,Beef fillet steak fried,180,67.5,25.92,8.46,0.02,0.01,0.392,183,4.7,0.0,2.42,64.8
S341000,Karamellbonbon zuckerfrei,Caramel candy sugar-free,275,6,0.224,8.279,83.0,0,0.007,461,234,0.3,5.23,22
X9A6020,Blätterteig (mit Butter) roh,Puff pastry (with butter) raw,465,27.5,5.2,35.67,29.75,2.18,0,78,18,0.382,23.3,148
D187300,Apfel-Streuselkuchen (Rührmasse),Apple crumble tart (cake batter),219,52,3.1,9.09,30.0,2.34,0.1,51,14,14.7,5.57,35
G554152,"Pfefferschote rot, gedünstet","Chilli pepper red, stewed",44,87,2.03,0.48,6.73,1.6,0,10,15,6.73,0.046,0
B526700,Roggenbrötchen mit Kürbiskernen,Rye roll with pumpkin seeds,282,29.755,9.58,5.21,45.0,8.62,0,526,23.5,0.833,1.21,0
S538300,Vollmilchschokolade gefüllt mit Frucht-Vanillecreme,Whole milk chocolate filled with fruit-vanilla cream,560,1.7,5.4,36.08,52.5,1.7,0.02,63,165,52.1,20.15,14.3
S621200,Weinbrand-Bohnen,Pralines with brandy filling,472,10.6,3.57,21.32,54.7,5.01,0,6,27.2,47.4,12.8,1.9
Y184512,Rindersteak gebraten (mit Fett und Salz),Beef steak fried (with fat and salt),183,66.4,29.14,7.37,0.02,0.01,0.378,210,4.7,0.0,2.58,65.6
V487182,"Pute Flügel, mit Haut, gebraten ohne Fett (Pfanne)","Turkey wings, with skin, fried without fat (pan)",264,54.2,27.5,17.1,0.0,0,0.35,65,19,0.0,3.6,97
B723500,Laugengebäck mit Käse,Lye pastry (pretzels) with cheese,279,33,9.2,3.4,51.0,3.51,0,529,32,1.4,1.28,0.98
X522012,Blattspinat gedünstet (mit Fett und Salz),Leaf spinach stewed (with fat and salt),70,84.8,2.401,5.759,1.08,2.1,0,187,94,0.87,0.42,0.112
M175800,"Sprühsahne/Schlagsahne, gesüßt, mind. 30 % Fett","Spray cream/whipping cream, sweetened, min. 30 % fat",309,58.4,2.4,30,7.2,0,0.6,30,90,7.2,18.9,89
F971900,"Fruchtsoße gezuckert, Konserve","Fruit sauce sugared, canned",177,54.9,0.5,0.3,41.7,1.5,0,2,11,41.7,0.0206,0
S472200,Kirsche kandiert (Belegkirsche),Cherry candied,214,50.6,0.513,0.177,48.2,1.1,0,1,8,39.4,0.04,0
X548163,Zwiebeln gebraten,Onions fried,66,82.4,1.72,1.808,9.42,2.2,0,195,39,9.42,0.14,0.032
B276700,Roggenmischbrot mit Kürbiskernen,Rye-wheat bread (> 50 % and < 90 % rye) with pumpkin seeds,238,39,7.98,3.05,41.0,7.3,0,472,18.8,0.741,0.47,0
B6A6000,"Knäckebrot glutenfrei, laktosefrei","Crispbread gluten-free, lactose-free",382,6,8.8,6.1,71.0,3.9,0,484,19,2.3,2.59,0.1
D612000,Schokokekse glutenfrei,Chocolate biscuits gluten-free,483,4,5.21,22.87,62.4,3.5,0.04,156,22,20.6,14.07,45
D421000,"Sandmasse/Sandteig, roh",Sand cake batter raw,407,26,4.94,22.85,44.9,0.78,0.5,83,20,25.2,13.75,140
G520152,Gurke gedünstet,Cucumber stewed,18,96.6,1.154,0.217,2.14,1,0,3,21,2.14,0.073,0
X988212,Mais gekocht (mit Fett und Salz),Maize boiled (with fat and salt),101,72.4,2.21,2.686,16.044,2,0,76,2.2,0.355,0.28,0.033
D701600,Haferflockenplätzchen,Oatmeal biscuits,448,11,8.67,21.87,51.8,4.75,0.3,129,30,22.249,12.34,102
X4A7000,Gemüse-Eintopf/Gemüsepichelsteiner,"Vegetable stew ""Pichelsteiner""",61,86,1.67,2.1,8.0,1.9,0,155,24,2.3,0.2,0.038
X929212,"Pfannkuchen/Eierkuchen, ungesüßt, mit Milch 3,5 % Fett, gebraten","Pancakes unsweetened, with milk 3.5 % fat, fried",267,47,8.34,12.12,30.1,2.04,0.3,132,82,2.51,2.15,73
S571400,Bitterschokolade mit Trüffelfüllung,Dark chocolate filled with truffles,547,3,7.12,37.77,40.0,8.44,0.01,8,55.2,32.6,23.15,16
S581600,Vollmilchschokoladen-Riegel gefüllt mit Joghurt-Erdbeercreme,Whole milk chocolate bar filled with strawberry -yogurt cream,565,0.7,4.6,35.65,55.5,1.8,0.01,56,138,55.0,19.06,7.8
D613000,Zitronenkekse glutenfrei,Lemon biscuits gluten-free,445,9.2,4.427,19.603,60.41,4.578,0.044,35,14,22.995,11.864,47
C515300,"Cornflakes gesüßt, mit Zuckerglasur und Erdnüssen","Cornflakes sweetened, sugar frosted, with peanuts",396,3.2,6.2,3.9,82.5,3,0,329,6,33.5,0.6,0.3
D411200,Rehrücken (Wiener Boden hell),Mock saddle of venison cake (Viennese sponge cake light),493,12,9.76,32.26,38.5,4.8,0.5,108,49,29.1,14.63,129
T020142,Tintenfisch geschmort ohne Fett,Common cuttlefish braised without fat,71,81.7,15.094,1.22,0.0,0,0,426,34,0.0,0.36,344
T420162,Forelle gebraten ohne Fett (Ofen),Trout fried without fat (oven),197,62,28.047,9.2,0.0,0,9.2,52,107,0.0,1.738,77
X538943,Weinkraut mit Apfel gedünstet,White cabbage with white wine and apple stewed,72,86,1.03,4.26,5.2,2.3,0,85,33,4.96,0.33,0.084
B277300,Roggenmischbrot mit Buttermilch,Rye-wheat bread (> 50 % and < 90 % rye) with buttermilk,221,40,6.85,0.81,43.0,7.19,0,497,28.8,1.17,0.12,0.7
Y896143,"Pfitzauf/Kuchenmichel, gebacken",Cake souffle,242,50.1,8.21,9.47,30.07,1.73,0.4,62,79,6.75,4.31,93
B401000,Vollkornbrötchen,Wholemeal roll,282,26.5,9.9,3.18,48.0,10.67,0,583,30,1.5,0.909,0
K717152,Rotkappe gedünstet,Orange birch bolete stewed,48,87.48,3.061,1.099,4.6,6.648,0,0,42,0.746,0.194,0
V311200,"Fasan Fleisch, mit Haut, tiefgefroren","Pheasant meat, with skin, deep-frozen",154,68.49,23.75,6.55,0.0,0,0.3,32,18,0.0,2.13,74
V990100,"Geflügel Frikadelle, roh","Poultry patty, raw",105,76,14.8,3.2,4.0,0.5,0.2,504,18,0.6,0.685,64
X434343,"Schwemmklößchen, Suppeneinlage","""Schwemmklößchen"" small dumplings as soup garnish",164,66.6,6.84,6.88,18.03,1.26,0.4,140,70,1.92,3.59,90
B491100,Dinkelvollkornbrötchen mit Kürbiskernen,Wholemeal spelt roll with pumpkin seeds,299,26.5,12,6.02,45.0,8.05,0,545,42,1.6,1.308,0
B314100,Weizentoastbrot mit Roggen,Wheat toast with rye,263,37,8.38,3.35,48.0,3.65,0,495,15.8,1.6,1.14,0
B723200,Laugengebäck mit Kürbiskernen,Lye pastry (pretzels) with pumpkin seeds,277,34,9.1,3.56,50.0,3.55,0,515,16,1.4,1.08,0
B276500,Roggenmischbrot mit Sonnenblumenkernen,Rye-wheat bread (> 50 % and < 90 % rye) with sunflower seeds,236,39,7.52,3.11,41.0,7.16,0,471,22.6,0.847,0.32,0
X9A2060,"Porridge gesüßt, mit Milch 3,5 % Fett","Porridge sweetened, with milk 3.5 % fat",141,67.3,6.1,4.74,17.4,2.16,0,42,124,7.1,2.437,13.7
K718400,Steinpilz getrocknet,Porcini mushroom dried,270,10.5,31.479,2.332,19.06,35.093,0,35,24.379,3.09,0.414,0
B8A8000,Toastbrot glutenfrei,Toast gluten-free,221,48,1.643,4.023,44.0,1.194,0,438,9,3.97,0.3,0.077
Y410012,Hammelfilet gebraten,Mutton fillet fried,274,53.1,25.64,19.051,0.0,0,0,301,12,0.0,6.95,100
C526000,"Polenta (Maisgrieß mit Wasser, Fett und Salz) gekocht","Polenta (Maize semolina prepared with water, fat and salt) boiled",114,76.9,1.705,6,12.37,1.854,0,155,7,0.274,0.7,0.0035
G311200,Blumenkohl tiefgefroren,Cauliflower deep-frozen,33,92.4,1.3,0.311,5.62,3.2,0,12,22,2.28,0.047,0
B8A4000,Sauerteigbrot glutenfrei,Sourdough bread gluten-free,180,53.9,5.2,1.6,34.4,3.4,0,402,17,1.0,0.22,0
R924000,Mokkasahne für Gebäck/Torten,Mocha cream for pastry/tortes,296,57.2,3.5,25.6,12.7,0.269,0.076,34,68,12.6,13.6,67.6
X472143,Vanille-Milchsuppe gebunden mit Grieß,Vanilla-milk soup thickened with semolina,85,81.6,3.72,3.34,10.0,0.13,0,42,111.6,7.57,2.1,13.2
Y840412,Himbeerkompott zuckerreduziert,Raspberry compote sugar-reduced,56,83.5,0.9,0.259,9.0,4.1,0,1,12,9.0,0.0087,0
G761032,Zuckererbse gekocht,Sugar pea boiled,40,89.9,3.3,0.4,5.0,1.6,0,1,45,3.7,0,0
M2N1400,"Sahnejoghurt mind. 10 % Fett, mit Vanillezubereitung, gesüßt","Yogurt min. 10 % fat, with vanilla preparation, sweetened",140,75.7,2.7,8.305,12.9,0.01,0,39,102,12.0,5.458,26
B561300,Dinkelbrötchen mit Ölsamen,Spelt roll with oilseeds,304,26.5,11.3,5.3,50.0,5.36,0,545,32,1.2,1.15,0
U632072,"Schwein Kamm, mariniert, gegrillt","Pork neck, marinated, grilled",262,55.9,22.87,18.76,0.16,0.2,0.27,500,8.9,0.15,5.07,77.38
D4A4000,Kürbis-Mandel-Kuchen (Biskuitmasse),Pumpkin almond cake (sponge cake),276,46,9.25,13.61,27.0,4.1,0.4,41,36,22.17,1.52,72
U211200,"Rind Filet/Lende, tiefgefroren",Beef fillet (tenderloin) deep-frozen,121,77.1,21.2,4,0.0,0,0.4,40,3.41,0.0,1.802,50.8
X9A2070,"Porridge gesüßt, mit Milch 3,5 % Fett und Kakaopulver","Porridge sweetened, with milk 3.5 % fat and cocoa powder",142,67.2,6.16,4.76,17.4,2.143,0,44,123,7.04,2.453,13.6
X359912,Italian Dressing,Italian dressing,547,36,0.075,59.4,0.5,0.351,0,623,4.8,0.5,7.2,0.0409
V402182,"Baby-Pute Fleisch, mit Haut, gebraten ohne Fett (Pfanne)","Young turkey meat, with skin, fried without fat (pan)",207,59.301,30.489,9.431,0.0,0,0.3,78,21,0.0,2.409,103
N412900,Cappuccino (Getränk) aus gesüßtem Instantpulver,Cappuccino (infusion) made from sweetened instant powder,31,92.5,0.795,0.838,4.65,0.138,0,54,30,3.953,0.815,0.48
B406800,Vollkornbrötchen mit Nüssen,Wholemeal roll with nuts,302,26.5,10.1,6.77,45.0,10.2,0,540,35,1.4,1.177,0
Y231022,"Kalbsschnitzel mehliert, gebraten","Veal schnitzel floured, fried",129,67.4,23.94,2.3,2.5,0.31,0.332,233,19,0.383,0.43,69
N270000,Grapefruitsaftschorle,Grapefruit juice spritzer,18,95.5,0.265,0.05,3.653,0.155,0,2,11,3.653,0.011,0
D281100,Kirschtorte (Mürbeteig und Rührmasse),Cherry torte (shortcrust pastry and cake batter),356,32,6.02,17.81,41.9,2.2,0.3,54,23,21.15,9.66,87
Y637422,Heilbuttfilet pochiert (ohne Sauce),Halibut fillet poached (without sauce),136,75.4,20.079,6.21,0.0,0,7,131,19,0.0,1.321,32.5
G660162,Knollensellerie gebacken,Celeriac baked,35,88.6,1.824,0.388,3.26,4.9,0,91,48,2.483,0.078,0
X9A6000,"Backteig ungesüßt, mit Bier, roh","Frying batter unsweetened, with beer, raw",204,55.2,7.2,6.35,26.52,1.95,1,155,21,0.261,1.09,123
G630132,Meerrettich gekocht,Horseradish boiled,79,73.08,5.566,0.284,11.055,4.197,0,8,78,7.815,0.046,0
M8A5000,"Speisequarkzubereitung mind. 20 % Fett i. Tr., mit Kräutern","Quark preparation min. 20 % fat in dry matter, with herbs",94,78.9,10.09,4.08,3.55,0.1,0.012,358,121,3.53,2.182,13.8
Y880050,"Quarkspeise einfach, mit Erdbeeren","Quark dish simple, with strawberries",82,79.7,6.23,1.24,10.63,0.4,0,26,94,10.62,0.75,5.5
Q590100,"Käsealternative, Basis Pflanzenfett, vegan, angereichert mit Vitamin B12 und Calcium","Plant-based cheese alternative, vegetable fat based, vegan, fortified with vitamin B12 and calcium",293,53.1,0.156,23.043,21.168,0.252,0,861,425,0.0,20.2,0
B107300,Vollkornbrot mit Buttermilch,Wholemeal bread with buttermilk,212,42,7.47,1.06,38.0,10.04,0,483,34.5,1.27,0.16,0.7
E438000,Eier-Frischteigwaren roh,Fresh egg pasta raw,297,29.1,12.05,3.8,51.8,3.56,0.4,401,27,0.428,0.76,88
D611000,Maiskekse glutenfrei,Maize biscuits gluten-free,445,9,4.38,19.395,60.945,4.529,0.043,35,14,23.926,11.739,47
T813900,"Thunfisch in Tomatensauce, Konserve","Tuna in tomato sauce, canned",126,72.8,11.9,5.6,6.6,0.6,0.7338,399,13,5.2,0.48,26.3
V212162,"Hirsch Fleisch, gebraten ohne Fett (Ofen)","Venison meat, fried without fat (oven)",150,65.629,28.779,3.929,0.0,0,0.471,79,13.6,0.0,1.491,96
F900900,"Rote Grütze gezuckert, Konserve","Red fruit jelly sugared, canned",111,71.4,0.6,0.2,25.4,1.6,0,2,15,22.0,0.026,0
X420163,Rinderkraftbrühe mit Tapioka (Sago),Beef consomme with tapioka (sago),11,95,0.4,0.2,1.897,0.018,0,244,4,0.0,0,0
B426700,Roggenvollkornbrötchen mit Kürbiskernen,Wholemeal rye roll with pumpkin seeds,269,29.755,8.92,5.22,40.0,13.2,0,528,28.6,1.196,1.22,0
B491200,Dinkelvollkornbrötchen mit Nüssen,Wholemeal spelt roll with nuts,305,26.5,10.9,7.21,45.0,7.9,0,544,48,1.7,1.205,0
S538000,Milchschokolade mit Erdnüssen,Milk chocolate with peanuts,530,1.6,8.4,30.7,53.4,3.3,0.01,60,120,50.8,15.8,18
W149100,Lammfleisch-Salami,Lamb salami,371,42,21.22,31.75,0.0,0.11,0.35,1500,6,0.0,11.9,83
Y840443,Himbeerkompott,Raspberry compote,70,79.9,0.8,0.248,12.9,3.9,0,1,11,12.9,0.0084,0
B314200,Mehrkorntoastbrot mit Ölsamen,Multigrain toast,282,34,9.58,5.6,46.0,4.6,0,442,24,1.7,1.31,0
K709152,Hallimasch gedünstet,Dark honey mushroom stewed,53,83.3,4.466,0.958,4.2,7.761,0,58.21,5.875,0.3,0.167,0
D753200,Kokosschnitten (Rührmasse),Coconut square (cake batter),473,19,6.81,32.68,36.1,3.87,0.5,192,24,21.4,23.77,137
Y184412,Rinderfilet gebraten im Ofen (mit Fett und Salz),Beef fillet fried in oven (with fat and salt),158,70.3,25.401,6.245,0.0,0,0.349,211,4.1,0.0,1.86,63.4
T411700,Lachs gesalzen,Salmon salted,207,61.7,22.127,13.145,0.0,0,4.7,1198.2,15,0.0,2.814,72
B121200,Roggenvollkornbrot mit Nüssen,Wholemeal rye bread with nuts,214,43,5.98,3.91,33.0,11.4,0,437,30,1.084,0.4,0
U861142,"Schaf Bug/Schulter, mager, geschmort ohne Fett","Sheep shoulder, lean, braised without fat",193,62.5,29.2,8.45,0.0,0,0.2,66,19,0.0,2.9,100
X9A6040,"Hefeteig, gesalzen, mit Milch 3,5 % Fett, roh","Yeast dough, salted, with milk 3.5 % fat, raw",348,29,8.5,12.81,48.0,3.53,0,132,34,1.54,7.44,77
T213182,"Alaska-Pollack/Alaska-Seelachs, gebraten ohne Fett (Pfanne)",Alaska pollock fried without fat (pan),67,79.8,14.6,0.92,0.0,0,0,116,14,0.0,0.167,69
W221100,Bratwurst-Grundbrät,Bratwurst sausage meat,267,60.7,12.47,24.1,0.09,0.05,0.4,762.8,6.2,0.0,8.51,53.24
X951312,Hirse gedünstet (mit Fett und Salz),Millet stewed (with fat and salt),162,63.1,4.37,4.78,24.8,1.26,0,88.1,5,0.213,0.48,0.075
T122200,Weißer Thun tiefgefroren,Albacore deep-frozen,121,69.5,27.2,1.37,0.0,0,2.23,77.7,3.5,0.0,0.24,35.2
U235162,"Rind Hochrippe, gebraten ohne Fett (Ofen)","Beef forerib/prime rib, fried without fat (oven)",204,59.296,29.445,9.612,0.0,0,0.418,65,5.904,0.0,4.316,69.7
B6A2500,Roggenvollkornknäckebrot mit Gerstenmalz,Wholemeal rye crispbread with barley malt,332,6,9.3,1.33,60.6,19.05,0,495,38,4.5,0.146,0
Y241033,Kalbsgulasch,Veal goulash,105,76,15.3,4.2,1.3,0.3,0.242,304,14,0.7,0.54,45
D9A2400,Stollen (Vollkornhefeteig),Wholemeal yeast stollen,378,23,6.9,18.2,43.0,6.2,0.008,216,33,22.8,6.7,8
G620600,Gemüsesaft aus Karotte/Möhre,Carrot juice,22,92.7,0.63,0.32,3.717,0.3,0,36.4,6.5,3.636,0.0744,0
Y238023,Kalbsrücken gebraten im Ofen,Veal loin fried in oven,151,66.5,26.76,4.83,0.01,0,0.373,234,17,0.0,1.25,93
T204172,"Dorsch/Kabeljau, gegrillt",Cod grilled,106,73.8,23.9,1.1,0.0,0,-,99,38,0.0,0.25,47.1
H210710,"Mandel süß, geröstet mit Fett, gesalzen","Sweet almond roasted with fat, salted",557,4.6,21.216,48.643,3.75,9.7,0,332.8,82.8,3.522,5,0
D733500,Schwarz-Weiß-Gebäck (Mürbeteig),Black-and-white chequerboard biscuits (shortcrust pastry),460,8,6.78,19.82,62.2,3,0.2,88,21,30.63,12.17,80
S342000,Fruchtgummi zuckerfrei,Fruit gum sugar-free,220,13,7.7,0,77.0,0.005,0,15,119,0.095,0.003,0
P285100,"Weißwein-Schorle, süß, mit Zitronenlimonade",White wine spritzer with carbonated lemonade,51,90,0.051,0,4.7,0,0,5,5,4.7,0,0
W164100,Schinkenwurst Krakauer Art (Rohwurst),Ham bologna Krakow style raw,293,49.4,24.13,21.75,0.18,0.1,0.43,1500,8,0.0,8.18,86
B717000,Hirsebrot glutenfrei,Millet bread gluten-free,229,44.2,7.4,4.7,37.2,4.3,0,428,27,1.0,0.6,0
B491000,Dinkelvollkornbrötchen,Wholemeal spelt roll,285,26.5,10.8,3.63,48.0,8.16,0,588,45,1.6,0.937,0
F130152,Birne gedünstet,Pear stewed,60,83.1,0.309,0.299,13.56,2.9,0,0.802,8,10.38,0.04,0
Y661012,"Barsch Müllerinart (mehliert, gebraten)","Perch floured, fried",97,75.6,17.6,1.3,2.83,0.38,2.4,137,113,0.439,0.14,71
S135000,Marmelade (hergestellt aus Zitrusfrüchten),Marmalade,240,39,0.5,0.1,57.8,1.2,0,4,20,57.8,0.014,0
X987712,Grünkern gekocht (mit Fett und Salz),Green spelt boiled (with fat and salt),199,49.4,5.65,4.8,30.22,6.21,0,148.5,14.3,1.26814,0.44,0.065
D461700,Butterkuchen/Zuckerkuchen (Hefeteig),German butter cake (yeast dough),429,17,8.96,21.09,49.0,3.5,0.1,31,42,17.56,10.13,61
G570182,Zuckermais gebraten ohne Fett (Pfanne),Sweetcorn fried without fat (pan),77,73,3.77,1.414,10.8,3.2,0,2,2.556,3.91,0.189,0
Y847750,Heidelbeeren gezuckert,Blueberries sugared,82,81.1,0.5,0.562,15.35,4.6,0,2,10,15.35,0.0523,0
D655100,Feiner Honigkuchen,Fine gingerbread cake,337,20.4,7.48,6.7,59.9,3.1,0.2,35,25,36.4,0.75,37
X5A9040,Rote-Bete-Gemüse gedünstet,Beetroot stewed,59,87,1.34,3.4,4.85,1.5,0,126,15,4.85,0.3,0.069
W153100,"Mettwurst luftgetrocknet, energiereduziert","Mettwurst sausage firm air dried, reduced-fat",218,56,26.45,12.47,0.0,0.17,0.26,1500,7.5,0.0,4.45,71.2
Y211022,Kalbsfilet gebraten im Ofen,Veal fillet fried in oven,151,65.5,28.7,3.98,0.02,0.01,0.395,242,16,0.0,0.86,82
S694000,Trockenfrüchte mit Vollmilchschokoladenüberzug,Whole milk chocolate covered dried fruits,426,9.1,4.5,17.8,58.8,3.6,0.01,50,130,57.9,10.5,8.8
D610100,Russisch-Brot (Eiklarmasse),Russian bread letter-shaped biscuits (meringue),383,3.6,9.7,0.92,82.4,3.08,0,119,12,49.052,0.35,0
B121300,Roggenvollkornbrot mit Ölsamen,Wholemeal rye bread with oilseeds,207,43,6.44,2.9,33.0,11.7,0,438,37,1.015,0.39,0
Y311112,"Schweinefilet geschmort, mit Sauce","Pork fillet braised, with sauce",120,77,13.8,6.7,0.83,0.3,0,149,7,0.82,1,35.73
Y497113,"Lammkeule gebraten im Ofen provenzalische Art, mit Sauce","Leg of lamb fried in oven Provencal style, with sauce",180,65,23.55,9.44,0.02,0.36,0,267,6,0.02,2.85,77
Y182912,Gulasch einfach (mit Rindfleisch),Beef goulash simple,133,74,13.2,7.5,3.0,0.3,0.216,275,8,0.7,1.8,36.1
T020172,Tintenfisch gegrillt,Common cuttlefish grilled,107,72.75,23.549,1.46,0.0,0,0,578,40,0.0,0.44,410
B526500,Roggenbrötchen mit Sonnenblumenkernen,Rye roll with sunflower seeds,281,29.755,9.09,5.3,45.0,8.49,0,526,27.8,0.952,1.05,0
D621200,Waffelkekse,Waffle biscuits,295,41.2,5.44,13.02,37.9,2.1,0.2,28,17,18.5,6.21,49
U672800,"Schwein Vordereisbein/Vorderhaxe, Kochpökelware",Pork foreshank (hock) cooked cured,155,71.3,19.74,8.2,0.439,0,0.16,700,5.4,0.439,2.598,71.34
V486172,"Pute Brust, ohne Haut, gegrillt","Turkey breast, without skin, grilled",139,65.522,31.711,1.303,0.0,0,0.15,54,5.9,0.0,0.474,58
T501400,Karpfen gesalzen,Carp salted,136,68.6,20.147,6.12,0.0,0,0,882,83,0.0,1.6,93
G486182,Frühlingszwiebel/Lauchzwiebel (ohne Laub) gebraten ohne Fett (Pfanne),"Spring onion, bulb only, fried without fat (pan)",51,81.4,1.4,0.238,9.5,2.2,0,21,222,9.5,0.04,0
T206152,Schellfisch gedünstet,Haddock stewed,71,82.3,16.4,0.59,0.0,0,-,74,14,0.0,0.102,45.3
B121600,Roggenvollkornbrot mit Quark,Wholemeal rye bread with quark,192,44,6.2,0.84,34.0,11.63,0,458,33.6,1.2,0.13,0.25
C335032,Amaranth gekocht,Amaranth boiled,119,73.6,4.48,1.79,19.88,2.79,0,<LOQ,54.6,0.41375,0.43,0
Y5A3000,Hühnerleber gebraten,Chicken liver fried,149,69.3,19.97,6.39,2.77,0.3,0.77,288,13,1.32,1.49,385.8
S570800,Bitterschokolade gefüllt mit Pfefferminzcreme,Dark chocolate filled with peppermint cream,504,8.7,5.46,24.8,52.1,6.07,0.01,4.8,42.2,30.8,14.99,1.4
D655200,Ostpreußischer Honigkuchen,East-Prussian gingerbread cake,406,10.4,6.44,10.88,69.14,2.46,0.2,37,14,35.752,6.41,60
B227300,Roggenbrot mit Buttermilch,Rye bread with buttermilk,209,42,5.9,0.82,40.0,8.89,0,477,30.3,1.32,0.12,0.7
G350162,Romanesco gebacken,Romanesco broccoli baked,50,86.8,3.414,0.394,7.52,4.1,0,17,34,3.05,0.059,0
X9A2050,"Polenta (Maisbrei mit Wasser, Rapsöl und Salz) gekocht","Polenta (maize porridge prepared with water, rapeseed oil and salt) boiled",114,76.8,1.703,6.035,12.351,1.851,0,173,7,0.274,0.46,0.105
B8B6000,Dinkelknusperbrot,Spelt crackerbread,395,6,13.34,5.7,69.3,6.6,0,312,19,0.5,2.16,0.1
U931900,"Corned Beef, deutsches, mit Schweineschwarten Konserve","German corned beef, with pork rind, canned",159,66.6,25.1,6.4,0.29,0.08,0.34,900,12,0.0,2.5,60
C415000,Mehlmischung für Brot glutenfrei,Flour mix for bread gluten-free,342,12.2,4.1,0.7,78.2,3,0,156,13,2.7,0.107,0
T420252,"Forelle tiefgefroren, gedünstet","Trout deep-frozen, stewed",118,78.379,17.768,5.048,0.0,0,6.66,111,25,0.0,0.844,71
H730132,"Linse reif, gekocht","Lentil mature, boiled",119,71.6,9.083,0.7,15.5,7.23,0,<LOQ,16,0.5,0.1,0
X081943,"Käsebrot überbacken (""Welsh rarebit"")","Cheese toast baked ""Welsh rarebit""",319,36,19.2,17.69,18.64,2.9,0.34,734,465,0.69,9,40
S132100,"Konfitüre extra, mit Fruchtzucker und Süßungsmitteln","Jam extra quality, with fructose and artificial sweeteners",157,60,0.4,0.2,36.9,1.1,0,9,9,36.9,0.0156,0
X441043,Grundsuppe hell,Basic soup light-coloured,39,92,0.7,2.6,3.13,0.19,0.005,323,5,0.6,1.7,6
D4A8300,Marmorkuchen mit Kirschen (Rührmasse),Marble cake (cake batter) with cherries,286,46,5.51,14.79,31.6,2.02,0.3,103,24,14.37,8.74,92
G480600,Gemüsesaft aus Speisezwiebel,Onion juice,25,92.4,0.983,0.12,4.81,0.1,0,8,24,4.81,0.02,0
X081143,"Toastschnitten mit Schinkencreme, gebacken","Toast squares with creamed ham, baked",210,59.6,10.01,11.52,15.46,1.4,0.12,516,57,3.56,7.098,43
X8A1100,Sushi-Reis (Grundrezept),Sushi rice (ground recipe),104,74.1,2.306,0.18,22.7,0.7,0,41,1.9,0.44,0.037,0
R913000,Wasabi-Paste Konserve,Wasabi paste canned,94,66.5,5.4,2.23,10.189,4.1,0,1922,69,7.203,0.19,0.041
X9A1050,Hirsebratlinge gebraten,Millet patties fried,192,64,6.6,12,13.4,1.7,0.2,228,87,0.72,2.2,48
Y847650,Erdbeeren gezuckert,Strawberries sugared,51,86.7,0.789,0.385,9.505,1.9,0,1,15,9.447,0.0301,0
Y890342,"Kaiserschmarren (mit Milch 3,5 % Fett) gebraten","""Kaiserschmarren"" fried (thick pancake with milk 3.5 % fat, cut into pieces)",250,52.7,8.1,13.2,23.4,1.4,1,74,66,7.4,2.3,184
U204000,"Rind Fleisch, grob entsehnt, sichtbarer Fettanteil max. 10 % (R III) roh","Beef meat, tendons coarsly removed, visible fat content max. 10 % (R III) raw",190,66.111,19.93,12.25,0.0,0,0.54,60,27.3,0.0,5.509,60
F323600,Johannisbeersaft schwarz,Black currant juice,55,84.3,1.238,0.176,10.01,0.4,0,0.96,52,10.01,0.021,0
S461000,Nonpareille,Nonpareil,388,8.2,0.129,0.024,91.4,0.3,0,3,3,55.2,0.003,0
U342172,Kalb Schnitzel (Keule) gegrillt,Veal schnitzel (round) grilled,116,69.421,26.854,0.915,0.0,0,0.416,99,17,0.0,0.382,78
X476650,Buttermilchkaltschale gesüßt,"Cold buttermilk soup, sweetened",68,83,3.2,0.6,11.4,0.7,0,53,94,10.1,0.3,6.5
V250182,"Wildschwein Fleisch, gebraten ohne Fett (Pfanne)","Wild boar meat, fried without fat (pan)",214,59.363,28.068,11.273,0.0,0,0.33,121,13.5,0.0,3.937,94.8
X382040,Frankfurter grüne Kräutersauce,Frankfurt green herb sauce,144,78.9,2.8,12.9,3.7,0.1,0.2,210,100,3.7,4.9,32
G542132,"Gemüsepaprika gelb, gekocht","Sweet pepper yellow, boiled",28,93.15,0.809,0.202,4.471,2.299,0,1,6,4.471,0.0517,0
S358100,Schokoladenfondant,Chocolate fondant,383,13,1.8,10.6,69.0,1.99,0,13,13,56.0,4.96,0.7
D1A2300,Rhabarber-Streuselkuchen (Mürbeteig),Rhubarb crumble cake (shortcrust pastry),260,48,3.77,11.74,32.6,3.05,0.1,62,45,13.086,7.24,42
D772100,Schinkenhörnchen (Quarkblätterteig),Ham crescent (puff pastry),437,30.5,11.62,32.62,23.15,1.7,0.2,274,23,0.97,19.99,122
W164000,Schinkenwurst roh,Ham bologna raw,386,40.5,21.84,33.11,0.18,0.1,0.39,1400,6.4,0.0,12.5,81.79
X357160,Meerrettichschaum,Horseradish mousse,174,74,3.21,15.6,4.8,0.61,0.1,140,100,4.3,8.3,47
D432200,Eiserkuchen (Rührmasse),Hollow wafer sticks (cake batter),292,40.9,5.33,11.74,40.56,1.17,0.2,42,63,24.78,7.09,64
M8A4000,"Speisequarkzubereitung mind. 10 % Fett i. Tr., mit Kräutern","Quark preparation min. 10 % fat in dry matter, with herbs",77,81,9.6,2.27,3.8,0.1,0,324,128,3.8,1.468,10
W850100,Schinkentorte,Ham pie,118,73.3,19.1,3.8,1.0,0.4,0,640,40,1.0,1.5,41
C514200,"Knuspermüslimischung, klassisch, gesüßt","Crunchy muesli mix, classic, sweetened",421,7.8,9,15.95,56.4,7.7,0,212,33,19.2,6.82,0.3
B6A1300,Weizenvollkornknäckebrot mit Ölsamen,Wholemeal wheat crispbread with oilseeds,433,6,16.4,20.3,40.0,12.2,0,720,141,1.4,2.3,0.0025
B551500,Weizenmischbrötchen mit Sonnenblumenkernen,Wheat-rye roll (> 50 % and < 90 % wheat) with sunflower seeds,303,26.5,9.6,5.25,51.0,5.95,0,542,24,1.9,1.06,0
X850123,Risotto gedünstet mit Gemüsebrühe,Risotto stewed with vegetable stock,153,65,2.87,4.1,25.8,0.9,0,177,6,0.98,0.4,0.08
X425363,Rinderkraftbrühe mit Gemüse,Beef consomme with vegetables,23,94,0.9,1.5,1.2,0.7,0.003,228,10,1.0,0.837,3
B256000,Weizenmischbrot mit Ölsamen,Wheat-rye bread (> 50 % and < 90 % wheat) with oilseeds,236,41,7.98,3.01,41.0,6.67,0,460,32,0.626,0.37,0
Y341023,Gulasch (mit Schweinefleisch),Pork goulash,150,71,18.2,8.3,0.6,0.2,0,215,7,0.6,1.5,51.42
T720132,Languste gekocht,"Spiny lobster/rock lobster/crawfish, boiled",76,80.052,15.926,1.358,0.0,0,-,191,84,0.0,0.16,173
X568043,"Teltower Rübchen gedünstet, mit Sahne","Turnips ""Teltower Rübchen"" stewed, with cream",77,86,0.95,5,5.81,2,0.007,158,34,4.74,1.5,6.7
M2Q4220,"Milchmischgetränk 1,5 % Fett, mit Kakao/Schokolade, gesüßt, angereichert mit Vitaminen","Milk drink 1.5 % fat, with cocoa/chocolate, sweetened, fortified with vitamins",63,84.3,3.61,1.6,8.4,0.386,0,38,116,8.34,1,6
K706152,Butterpilz gedünstet,Brown-yellow boletus (slippery jack) stewed,44,86.45,3.589,0.507,4.6,6.31,0,8,35,0.746,0.09,0
C317032,"Grünkern Grütze, gekocht","Green spelt groats, boiled",92,73.32,3.08,0.74,16.44,3.38,0,0.2,7.5,0.68987,0.11,0
Y260912,Kalbsbraten ohne Sauce,Veal roast without sauce,114,71.3,21.5,2.2,1.6,0.5,0.299,212,19,1.6,0.34,62
X513263,Steinpilze gebraten mit Tomaten,Porcini mushrooms fried with tomatoes,63,84,5.25,1.74,4.27,6.3,0,111,9,1.67,0.16,0.027
D440500,Nusskuchen (Sandmasse),Nut cake (sand cake batter),500,13,6.84,31.79,45.4,2.6,0.4,66,42,27.4,14.78,117
Y8A4090,Schokoladenflammeri/Schokoladenpudding,Chocolate pudding,126,71.7,3.88,4.04,18.3,0.2,0,56,105,12.08,2.11,12
H765082,"Sojaschnetzel/Sojagranulat, texturiert, eingeweicht, gebraten ohne Fett (Pfanne)","Plant-based mince, made from texturised soya protein, plain, soaked, fried without fat (pan)",99,73.2,14.17,1.8,3.96,5.31,0,2.3,91.8,3.96,0.28,0.1
X890662,Pilaw (Reis mit Zwiebeln und Butter),Pilaf (rice with onions and butter),167,63,3.14,4.7,27.4,1.1,0.01,219,9,1.39,3,12
G520600,Gemüsesaft aus Gurke,Cucumber juice,12,98.4,0.903,0.16,1.57,0.1,0,3,18,1.57,0.053,0
B276000,Roggenmischbrot mit Ölsamen,Rye-wheat bread (> 50 % and < 90 % rye) with oilseeds,236,39,7.52,2.99,41.0,7.47,0,473,32,0.764,0.36,0
C240132,"Emmer ganzes Korn, gekocht","Emmer wheat whole grain, boiled",182,54.08,6.99,1.18,33.77,4.24,0,0.3,18.2,0.59474,0.13,0
D470200,Nusskranz (Quark-Öl-Teig),Nut ring cake (quark oil dough),405,22,9.6,21.25,42.1,3.1,0.2,212,66,20.09,2.1,40
G520132,Gurke gekocht,Cucumber boiled,17,97.1,1.086,0.205,2.01,1,0,3,21,2.01,0.068,0
D7A5600,Schokobrötchen (Hefeteig),Roll with chocolate chips (yeast dough),370,23,8.31,14.33,50.0,4.08,0.1,111,47,15.5,8.56,43
Y991143,Vanillesahneeis,Vanilla cream ice cream,292,57.4,3.6,25.06,13.04,0,1,35,89,13.04,12.7,161
P1A3000,Colabier (Pilsner Bier mit Cola),Pilsner beer mixed with cola,40,91.38,0.211,0,6.259,0,0,1,3,5.204,0,0
U950200,Schweinebraten (Pulled Pork) Konserve,"Pork roast, canned",197,57,26.8,7.6,5.0,0.3,0,787,10,2.9,2.36,82.76
Y610610,Matjes mit Zwiebeln,Matjes herring with onions,170,68.1,14,12.01,0.29,0.1,21.19,3296,69,0.29,2.18,55.43
U623172,"Schwein Kotelett (Rücken/cranial) mariniert, gegrillt","Pork loin (cranial part) marinated, grilled",258,55.1,24.66,17.59,0.16,0.2,0.15,500,11.1,0.15,4.27,67.57
B6A1400,Weizenvollkornknäckebrot mit Ölsamen und Hartkäse,Wholemeal wheat crispbread with oilseeds and hard cheese,442,6,19.3,20.8,39.0,10.79,0,738,221,1.1,4.9,9.19
D6A1000,Basler Leckerli,Basler Leckerli (hard spice biscuit),383,8,6.15,6.9,72.3,3.4,0,67,27,51.7,0.6,0
B291000,Mehrkornbrot mit Ölsamen,Multigrain bread,248,37,7.94,3.62,42.0,7.67,0,455,35,0.779,0.48,0
X435163,Käse-Grießnockerl,Cheese-semolina dumplings,381,37.3,13.75,26.89,20.08,1.44,0.6,389,245,0.549,16.2,162
U281142,"Rind Keule, geschmort ohne Fett","Beef round, braised without fat",188,62.7,28.6,8.2,0.0,0,0.464,47.8,7,0.0,2.577,75.9
B723100,Laugengebäck (Hagelsalz entfernt),Pretzel (visible salt removed),283,25.26,9.203,4.145,50.0,3.775,0,837.4,59.54,1.4,0.98,0
U733182,"Schaf Filetsteak, gebraten ohne Fett (Pfanne)","Sheep fillet steak, fried without fat (pan)",156,63.69,31.38,3.44,0.0,0,0,60.4,6.4,0.0,1.56,84.97
N210000,Fruchtsaftgetränk Apfel,Fruit juice beverage apple,33,91.4,0.029,0,8.174,0.093,0,4,8,7.874,0,0
U867162,"Lamm Bug/Schulter, gebraten ohne Fett (Ofen)","Lamb shoulder, fried without fat (oven)",155,66.525,26.871,5.257,0.0,0,0.2,85,19,0.0,1.803,87
D036000,Butterzwieback,Butter rusk,421,3.9,13.21,9.51,68.0,5.22,0.017,286,61,8.38,5.49,23
X3A5000,Schokoladensauce mit Kuvertüre und Sahne,Chocolate sauce with couverture and cream,317,46.7,3.05,22.44,24.3,2.76,0.036,17,49,23.3,12.65,33.1
Y672713,"Hecht gefüllt, gebacken","Pike filled, baked",104,76,19,2.6,1.0,0.14,5,198,54,0.0,0.3,66
W112300,"Braunschweiger Mettwurst, fettreduziert","Braunschweiger Mettwurst sausage spreadable, reduced-fat",203,61.8,21.54,12.95,0.12,0.07,0.24,1000,5.9,0.0,4.75,62.93
Y141423,Gulasch Esterhazy (mit Rindfleisch),"Beef goulash ""Esterhazy""",135,74,12.04,8.2,2.5,1,0.2,80,20,2.2,2,35
X9A2020,"Hirsebrei ungesüßt, mit Mandeldrink","Millet porridge unsweetened, with almond drink",92,78.5,3.11,1.9,15.12,0.8,0,33,10.7,0.236,0.22,0
W221000,Rheinische Bratwurst,Rhenish bratwurst,215,68.3,10.92,18.96,0.08,0.04,0.3,769,6,0.0,6.64,52
B106700,Vollkornbrot mit Kürbiskernen,Wholemeal bread with pumpkin seeds,231,40,8.54,3.23,37.0,10.03,0,460,24.5,0.846,0.489,0
C111032,"Weizen ganzes Korn, gekocht","Wheat whole grain, boiled",176,54.267,6.8381,0.927,31.6,7.077,0,4,16.5,0.56,0.156,0
Y6A1000,"Heringsfilet mehliert, gebraten","Herring fillet floured, fried",188,69.7,18.4,10.37,5.19,0.39,15,244,57,0.01918,2.32,65
D471700,Quarktaschen (Quark-Öl-Teig),Turnover (quark oil dough) filled with quark,308,35,9,11.4,41.1,1.9,0,143,75,17.8,1.2,30
S539000,Vollmilchschokolade gefüllt mit Mokka-/Kaffeecreme,Whole milk chocolate filled with mocha/coffee cream,538,3.2,6.7,33.6,51.1,1.7,0.15,82,221,50.7,20.8,57
B723400,Laugengebäck mit Sonnenblumenkernen,Lye pastry (pretzels) with sunflower seeds,276,34,9,3.58,50.0,3.51,0,514,17,1.4,1.03,0
X536053,Rosenkohl gedünstet (mit Fett und Salz),Brussels sprouts stewed (with fat and salt),64,83,3.35,4,1.87,3.2,0,113,27,1.37,0.3,0.077
D9A4900,Vollkorncroissant (Plunderteig),Wholemeal Danish pastry croissant,419,22,8.5,24.02,39.0,6.03,0.1,349,56,7.4,13.569,25
V475142,"Gans Schenkel, mit Haut, geschmort ohne Fett","Goose leg, with skin, braised without fat",195,67.75,22.57,11.618,0.0,0,0.28,43.4,6.3,0.0,3.269,139.7
U010100,"Rind Hackfleisch, roh","Beef mince, raw",224,62.87,19.102,16.39,0.0,0,0.59,58,25.6,0.0,7.395,61
X361163,Vanillesauce,Vanilla sauce,118,74.9,4,4.61,15.16,0.035,0,35,114,11.34,2.4,66
X821112,"Reis unpoliert, gedünstet (mit Fett und Salz)",Brown rice stewed (with fat and salt),169,66.3,2.851,6.193,24.78,1.4,0,41,6,0.52,0.54,0.11
G450162,Spargel gebacken,Asparagus baked,33,92.2,2.306,0.184,4.69,1.6,0,2.52,23.465,4.47,0.0329,0
P288100,Erdbeerbowle,Strawberry punch,67,88.9,0.227,0.086,3.56,0.4,0,2,9,3.54,0.0067,0
D752100,Rosinen-Mandel-Schnecken (Hefeteig),Danish swirl (yeast dough) with raisins and almonds,370,23,7.7,15,49.0,3.6,0.1,37,48,19.1,8.1,49
Y384112,Gyros (Schweinefleisch) gebraten,Gyros (pork) fried,230,59,24.35,14.48,0.5,0.3,0.29,206,7,0.5,4.32,83.71
D741400,Buchteln (Hefeteig),"""Buchteln"" baked yeast buns",331,33,7.32,12.46,46.0,2.76,0.1,30,42,8.5,7.54,51
V414162,"Hähnchen ganz, entbeint, mit Haut, gebraten ohne Fett (Ofen)","Chicken whole, boneless, with skin, fried without fat (oven)",208,62.58,24.17,12.37,0.0,0,0.3,69.6,14.3,0.0,3.01,112.32
Y825043,Schokoladenauflauf,Chocolate casserole,292,46.2,7.1,16.81,27.2,1.6,1,54,81,18.78,8.17,136
D755300,Mandelhörnchen (Rührmasse),Almond crescent roll (cake batter),344,35,7.82,19.06,34.2,2.3,0.4,115,26,16.278,8.81,108
C557000,"Fleischersatz gluten-, milch- und sojahaltig","Meat substitute containing gluten, milk and soya",128,70.4,17,2.7,8.7,0.3,0.002,300,116,5.4,0.3,1.5
V997100,"Hähnchenbrustfilet im eigenen Saft, Konserve","Chicken breast fillet in its own juice, canned",117,71.2,24.65,1.91,0.29,0.08,0.13,600,6.4,0.0,0.44,71.9
X490153,Rhabarberkaltschale gebunden mit Stärke,Cold rhubarb soup thickened with starch,41,88.5,0.299,0.07,8.556,1.586,0,3,40,7.819,0.014,0
D032000,Nährzwieback,Fortified rusk,421,3.9,12.82,9.52,69.0,4.14,0.2,496,66,11.55,5.34,50
D7A2300,Schokoladenbrezeln (Mürbeteig),Chocolate pretzels (shortcrust pastry),482,9,7.88,26.44,50.6,5.22,0.2,159,36,23.5,16.16,75
C113032,"Weizen Flocken, gekocht","Wheat flakes, boiled",56,86.351,2.1679,0.31,10.02,2.244,0,1,5,0.179,0.052,0
U362200,Kalb Roulade (Keule) tiefgefroren,Veal meat for olives (round) deep-frozen,89,75.8,20.7,0.72,0.0,0,0.4,86,13,0.0,0.301,58
X545612,Spargel gekocht (mit Fett und Salz),Asparagus boiled (with fat and salt),72,88,2.013,4.88,4.11,1.4,0,202,21.4,3.93,0.37,0.09
B710800,Dinkelbrot mit Ölsamen,Spelt bread with oilseeds,246,40,9.14,3.97,41.0,5.09,0,455,28,0.415,0.74,0
D024000,Dinkelzwieback ungesüßt,Spelt rusk unsweetened,410,3.9,13.77,7.17,69.0,7.18,0,373,23.6,0.523,0.7,0.03
Y650412,Karpfen blau (im Essigsud pochiert),Carp poached in stock with vinegar,96,78.6,13.744,4.2,0.206,0.111,0,66,71,0.203,1.107,76
X351040,Essigmarinade für Salat,Vinegar marinade for salad,399,53.4,0.09,43.4,0.34,0.1,0,330,6.5,0.3,3.12,0.89
S243000,"Speiseeis (Schoko, Vanille) gemischt","Ice cream mixed (chocolate, vanilla)",213,58.5,3,10.32,25.94,1.38,0,39.1,82.3,21.62,5.893,23.8
C222032,"Roggen Backschrot, Type 1800, gekocht","Rye coarse meal, Type 1800, boiled",47,86.69,1.4,0.21,8.43,3.09,0,0.1,5.6,0.278,0.02,0
B255700,Weizenmischbrot mit Kümmel,Wheat-rye bread (> 50 % and < 90 % wheat) with caraway seeds,220,42,7.03,0.84,43.0,6.36,0,480,19.1,0.5628,0.1,0
V481162,"Pute Fleisch, ohne Haut, gebraten ohne Fett (Ofen)","Turkey meat, without skin, fried without fat (oven)",146,64.1,30.067,2.9,0.0,0,0.3,99,13,0.0,0.83,95.9
D610700,Wespennester (Eiklarmasse),"""Wasp nests"" almond meringue",466,5.5,11,23.62,49.69,5.5,0,34,42,49.09,5.15,0.6
Y576312,Entenbrust gebraten im Ofen (mit Fett und Salz),Duck breast fried in oven (with fat and salt),368,41.3,28.68,28.09,0.03,0.01,0.2,242,24.4,0.0,3.73,123.969
G480200,Speisezwiebel tiefgefroren,Onion deep-frozen,37,88.6,1.284,0.167,6.68,1.6,0,10,28,6.68,0.0279,0
S582300,Milchschokolade mit Mandel-Nougat,Milk chocolate with almond-nougat,519,1.5,6.52,28.95,56.44,3.1,0.02,68,155,55.331,16.94,9.1
B551300,Weizenmischbrötchen mit Ölsamen,Wheat-rye roll (> 50 % and < 90 % wheat) with oilseeds,294,26.5,9.2,3.96,52.0,6.19,0,563,28,1.7,0.99,0
X891412,Wildreismischung gedünstet (mit Fett und Salz),Wild rice mix stewed (with fat and salt),170,64.7,4.438,5.61,24.78,1.4,0,42,8,0.52,0.43,0.11
D730800,Teegebäck (Mürbeteig),Tea biscuits (shortcrust pastry),476,10,7.51,23.68,56.8,2.85,0.3,118,17,18.222,14.52,99
X533042,"Chinakohl gedünstet, mit geriebenem Käse","Chinese white cabbage stewed, with grated cheese",56,89.4,2.1,4.32,1.4,1.7,0,135,90,1.25,0.53,0.97
D9B1000,"Butterkekse/Butterplätzchen, kakaohaltig (Vollkornmürbeteig)","Wholemeal shortbread biscuits, containing cocoa",522,4,7.79,30.9,49.4,7.41,0.068,65,32,20.857,19.355,74
G485082,Schalotte gebraten ohne Fett (Pfanne),Shallot fried without fat (pan),53,83.1,3.2,0.2,5.1,8.61,0,17,48,5.1,0.026,0
V489000,"Pute Brust, ohne Haut, mariniert, roh","Turkey breast, without skin, marinated, raw",127,70.8,21.76,3.6,1.66,0.1,0.14,386,6,1.61,0.52,40
S625000,Trüffel-Pralinen,Truffle pralines,547,3,7.12,37.77,40.0,8.44,0.01,8,55.2,32.6,23.15,16
U642300,"Schwein Bauch (wie gewachsen) mariniert, roh",Pork belly (untrimmed) marinated,339,51.1,16.29,30.32,0.11,0.2,0.39,400,8.7,0.1,9.46,55.51
S551200,Sahneschokolade gefüllt mit Karamell,Cream chocolate filled with caramel,541,3.7,5.03,30.99,57.2,2.37,0.02,107,136,52.3,19.11,28
U575162,Schwein Bratenfleisch (Nuss) gebraten ohne Fett (Ofen),Pork meat for roasting (thick flank) fried without fat (oven),143,67.28,29.54,2.78,0.0,0,0,63.6,4.7,0.0,0.83,81.57
E612100,"Eierteigwaren glutenfrei, roh","Egg pasta gluten-free, raw",369,9.45,8.06,3.599,74.7,3.004,0.6,51,27,0.47,0.874,108
Y336132,Fleischspieße (Kalb- und Schweinefleisch) gegrillt,Meat skewer (veal and pork) grilled,120,77,12.69,6.02,3.17,1,0.17,125,11,3.08,1.56,38
X363143,Karamellsauce,Caramel sauce,138,69.8,3.5,4.17,21.54,0.019,0,31,98,19.53,2.09,67
M206300,"Milchmischgetränk 3,5 % Fett, mit Kakao/Schokolade, gesüßt","Milk drink 3.5 % fat, with cocoa/chocolate, sweetened",78,83.2,3.7,3.5,7.6,0.386,0,38,113,7.55,2.3,13.2
G486142,Frühlingszwiebel/Lauchzwiebel (ohne Laub) geschmort ohne Fett,"Spring onion, bulb only, braised without fat",41,84.5,1.1,0.186,7.49,1.8,0,16,173,7.49,0.03,0
C522000,Getreideflakes gesüßt,Cereal flakes sweetened,348,11,9.7,1.6,70.2,7,0,334,19,12.1,0.29,0
T209132,Seehecht pochiert,Hake poached,68,83.45,13.299,1.59,0.0,0,-,92,42,0.0,0.28,35.5
Y710142,Spiegelei gebraten,Fried egg,210,67.3,13.419,17.193,0.353,0,1.8,385,54,0.353,3.11,364
B121500,Roggenvollkornbrot mit Buttermilch,Wholemeal rye bread with buttermilk,190,45,5.77,0.88,34.0,11.63,0,459,34.8,1.41,0.16,0.7
X492343,Pflaumensuppe passiert,"Plum puree soup, strained",72,81,0.29,0.165,16.6,1.7,0,1,8,14.06,0.022,0
R124000,Kräuteressig,Herb vinegar,27,93.5,0,0,0.003,0,0,393,10.2,0.003,0,0
Y7A2040,Schafskäse (Feta) mit Tomaten und Oliven gebacken,Sheep's milk cheese baked with tomatoes and olives,208,68,9.1,17.9,1.71,0.6,0,617,145,1.68,9.23,38.2
U025100,"Schwein Frikadelle, roh","Pork patty, raw",205,66,13.17,15.04,4.0,0.5,0.3,520,13,0.6,4.962,57
G710182,"Bohne grün, gebraten ohne Fett (Pfanne)","Bean green, fried without fat (pan)",32,89.1,2.572,0.276,3.9,2.172,0,2.28,75,2.6,0.081,0
S640000,Rumkugeln,Rum truffles,394,6,2.89,6.3,80.0,1.769,0,48,8,63.0,5,0.008
H702132,"Augenbohne reif, gekocht","Cowpea/black-eyed pea, mature, boiled",114,66.4,8.6,0.47,16.157,3.9,0,5,35,0.717,0.115,0
C117032,"Weizen Grütze, gekocht","Wheat groats, boiled",98,77.88,3.71,0.41,19.15,1.34,0,0.2,6.6,0.29514,0.05,0
P8A2000,Alkopops,Alcopops,66,87.1,0,0,8.93,0,0,1,1,8.93,0,0
D735300,Haselnuss-Dreispitz (Mürbeteig),"""Dreispitz"" hazelnut biscuits (shortcrust pastry)",507,6,9.6,27.82,53.0,3.1,1,74,43,24.405,12.02,162
W154000,Schinkenmettwurst,Schinkenmettwurst sausage firm,436,35.9,20.47,39.27,0.18,0.1,0.47,1400,6.3,0.0,14.8,82.43
X469460,Gazpacho (Spanische Gemüsesuppe),"""Gazpacho"" (cold Spanish vegetable soup)",88,84,1.5,5.7,6.0,1.7,0,142,16,3.2,0.8,0.27
T406182,"Felchen/Maräne/Renke/Schnäpel, gebraten ohne Fett (Pfanne)",Whitefishes fried without fat (pan),132,70,24.492,3.611,0.0,0,8.4,157,75,0.0,0.776,70
W153000,Mettwurst luftgetrocknet,Mettwurst sausage firm air dried,262,52,25.15,17.92,0.0,0.12,0.27,1500,6.9,0.0,6.65,85.15
U783132,"Schaf Kochfleisch (Brust, fett) gekocht","Sheep meat for boiling (breast, fat) boiled",480,33.9,17.5,45.5,0.0,0,0.492,74,14,0.0,20.768,116.9
T406152,"Felchen/Maräne/Renke/Schnäpel, gedünstet",Whitefishes stewed,102,77,18.199,3.021,0.0,0,7.4,148,71,0.0,0.649,66
B551600,Weizenmischbrötchen mit Kümmel und Salz,Wheat-rye roll (> 50 % and < 90 % wheat) with caraway seeds and salt,288,26.5,8.7,2.69,54.0,5.99,0,863,21,1.7,0.84,0
T104162,Sardelle gebraten ohne Fett (Ofen),Anchovy fried without fat (oven),231,70,23.869,15.1,0.0,0,34,110,102,0.0,4.755,136
G620152,"Karotte/Möhre, gedünstet",Carrot stewed,42,87.5,0.875,0.417,6.74,3,0,23.6,22,6.635,0.0968,0
R921000,"Schlagsahne gesüßt, mit Gelatine gebunden, für Gebäck/Torten","Whipped cream sweetened, with gelatine, for pastry/tortes",313,58.1,3.8,29.6,7.8,0,0.088,35,78,7.8,15.776,78.7
Y890463,Salzburger Nockerl gebacken,"""Salzburger Nockerl"" baked (sweet egg dish)",228,57.5,8.4,12.58,19.9,0.29,1,105,49,16.0,6.34,227
B8A3000,Buchweizenbrot glutenfrei,Buckwheat bread gluten-free,208,51.9,8.9,5.1,28.6,5.1,0,399,40,1.6,0.57,0
W222600,Rostbratwurst,Rostbratwurst sausage,178,69.6,15.9,12.66,0.08,0.04,0.22,759.4,4.9,0.0,4.68,59.9
X3A7050,"Mayonnaise, gestreckt mit Joghurt","Mayonnaise, diluted with yogurt",566,33,2.5,60.9,1.26,0.1,1,486,43,1.26,5.42,118
Y692212,Fischklößchen mit Rotbarsch gegart,Small fishcakes with redfish cooked,95,77.8,11.6,3.73,3.564,0.279,2.5,258,30,0.263,0.864,81
B6A5000,"Dinkelvollkornknäckebrot mit Müslizutaten, gesüßt","Wholemeal spelt criscpread with muesli ingredients, sweetened",416,6,14.2,14.5,52.0,9.7,0,189,87,11.4,1.6,0.0026
X201160,Gemischter Salat ohne Salatmarinade,Mixed salad without salad marinade,22,93.2,1.6,0.2,2.4,1.7,0,106,36,2.1,0.03,0
W189000,Schwarzwälder Bauernwürstle,"Black forest farmer's sausage raw, small, firm",365,45,18.49,32.31,0.1,0.06,0.46,1300,5.8,0.0,12.2,71.9
U866142,"Hammel Bug/Schulter, geschmort ohne Fett","Mutton shoulder, braised without fat",374,44.119,23.156,31.25,0.0,0,0.2,91,11,0.0,14.252,100
C522500,"Getreideflakes gesüßt, mit Nüssen, angereichert mit Vitaminen und Mineralstoffen","Cereal flakes sweetened, with nuts, fortified with vitamins and minerals",370,9.8,10.8,6.93,60.9,9.6,0,311,524,19.4,1.21,0
X9A2100,"Porridge ungesüßt, mit Milch 3,5 % Fett","Porridge unsweetened, with milk 3.5 % fat",134,69.4,6.29,4.9,15.0,2.232,0,43.2,128,4.25,2.517,14.1
G553182,"Pfefferschote grün, gebraten ohne Fett (Pfanne)","Chilli pepper green, fried without fat (pan)",69,79.7,3.4,0.3,11.67,2.5,0,12,31,11.04,0.032,0
V484142,"Pute Fleisch, mit Haut, geschmort ohne Fett","Turkey meat, with skin, braised without fat",172,65.216,26.549,7.286,0.0,0,0.3,36,18,0.0,1.862,106
G898200,Sahne-Meerrettich Konserve,Creamed horseradish canned,289,54.7,3.596,25.509,9.555,2.315,0.017,175,53,7.801,4.47,16
Y8A8030,"Mürbeteig gesüßt, roh","Shortcrust pastry sweetened, raw",432,19,6.89,22.28,49.6,2.67,0.2,47,15,13.462,14.36,96
X454343,Eingestreute Grießsuppe,Semolina soup,19,94,0.74,0.1,3.6,0.2,0,296,5,0.59,0.1,0
U741182,"Schaf Schnitzel (Keule, mager) gebraten ohne Fett (Pfanne)","Sheep schnitzel (leg, lean) fried without fat (pan)",168,62.8,31.1,4.87,0.0,0,0,79,17,0.0,2.32,93
D610200,Baiser,Meringue,387,2.4,6.3,0.019,90.5,0,0,121,4,90.5,0,0
B8B4000,Weizenknusperbrot,Wheat crackerbread,381,6,13.2,3.4,71.2,6.28,0,450,60,5.1,0.4,0.8
W002000,Puten-Aufschnitt-Grundbrät mit Schweinefleisch,Sausage meat for turkey cold cuts with pork,161,70,14.12,11.6,0.09,0.05,0.3,800,9,0.0,3.73,53
D740500,Nusshörnchen (Hefeteig),Nut crescent roll (yeast dough),430,19,8.4,22.4,47.0,3.2,0,44,53,20.1,9.3,89
X469213,Irish Stew (Weißkraut-Kartoffel-Eintopf mit Hammelfleisch),Irish stew (white cabbage-potato stew with mutton),113,79,4.76,6.9,7.2,1.6,0,136,23,2.12,2.7,15
T506600,Wels geräuchert,European catfish smoked,138,74.7,16.517,8,0.0,0,-,21,30,0.0,1.96,164
S242600,"Speiseeis (Nuss, Schoko) gemischt","Ice cream mixed (chocolate, nut)",236,54.6,3.51,11.64,28.0,2.09,0,35.5,82.6,23.66,6.412,20.2
X901612,"Porridge ungesüßt, mit Milch 3,5 % Fett und Kakaopulver","Porridge unsweetened, with milk 3.5 % fat and cocoa powder",134,69.2,6.36,4.92,14.9,2.214,0,46,127,4.22,2.532,14
C422032,"Buchweizen Schrot, gekocht","Buckwheat coarse meal, boiled",43,88,1.7,0.39,7.8,0.72,0,0,1.9,0.13259,0.06,0
V212132,"Hirsch Fleisch, gekocht","Venison meat, boiled",171,61.57,32.617,4.453,0.0,0,0.533,63,13.7,0.0,1.691,108
Y131132,"Roastbeef gebraten im Ofen, ohne Sauce","Roast beef fried in oven, without sauce",180,66.9,28.72,7.27,0.02,0.01,0.373,224,4.3,0.0,2.16,64.7
D400400,Schokoladen-Muffins (Rührmasse),Chocolate muffins (cake batter),361,27,7.4,16.54,43.5,4.41,0.1,155,66,21.8,9.78,45
D237100,Rhabarberkuchen (Rührmasse) mit Baiser,Rhubarb cake (cake batter) with meringue,240,53,3.6,11.55,28.5,2.44,0,70,50,17.486,6.77,83
X531612,Blumenkohl gedünstet (mit Fett und Salz),Cauliflower stewed (with fat and salt),75,88,2.01,5.3,4.35,2.3,0,107,21,1.83,0.5,0.105
D0A7000,Kuchenboden/Tortenboden (Rührmasse),Cake base/torte base (cake batter),392,23,8.17,17.28,49.8,2.35,0.5,63,25,18.16,10.05,123
G484162,Perlzwiebel gebacken,Pearl onion baked,39,88,1.36,0.176,7.08,1.6,0,11,29,7.08,0.028,0
B551400,Weizenmischbrötchen mit Sesam,Wheat-rye roll (> 50 % and < 90 % wheat) with sesame seeds,292,26.5,9,3.43,53.0,6.11,0,573,32,1.7,0.95,0
Y840563,Preiselbeerkompott,Lingonberry compote,128,66.6,0.2895,0.223,30.134,1.217,0,3,9,30.082,0.044,0
R481100,"Puddingpulver Vanille, ungezuckert","Pudding powder, vanilla, unsweetened",344,12.5,0.426,0.079,84.911,0.988,0,442,10,0.0,0.01,0
G720132,Wachsbohne gekocht,Wax bean boiled,27,90.3,2,0.2,3.4,1.89,0,1.6,46,2.19,0,0
V4B5172,"Hähnchen Unterschenkel, mit Haut, gegrillt","Chicken drumstick, with skin, grilled",200,62.49,26.24,10.54,0.0,0,0.3,108.2,8.8,0.0,2.28,145.7
V454200,"Perlhuhn Fleisch, mit Haut, tiefgefroren","Guineafowl meat, with skin, deep-frozen",152,68.9,23.4,6.45,0.0,0,0.3,67,11,0.0,1.7,74
D621800,Sahnewaffeln (Rührmasse),Cream waffle (cake batter),534,13,6.6,38.35,39.9,1.3,1,162,47,15.195,22.37,221
B521100,Roggenbrötchen mit Kümmel und Salz,Rye roll with caraway seeds and salt,268,29.755,8.19,2.83,48.0,8.71,0,838,25,0.8119,0.84,0
S621100,Weinbrand-Kirschen,Pralines with brandy-cherry filling,430,17.5,3.81,20.48,49.7,4.77,0.02,12,43,46.1,12.3,2.9
D755200,Mandelkränzchen (Rührmasse),Almond ring cake (cake batter),409,20,10.6,20.28,44.2,3.7,1,102,34,15.484,7.71,127
X571143,Grüne Bohnen gedünstet,Green beans stewed,48,88.6,1.9,2.79,3.1,1.6,0,167,56,2.14,0.23,0.054
Y845552,Apfelschmarren gebraten,"""Apfelschmarren"" fried (thick apple pancake cut into pieces)",215,57.1,5.2,9.93,25.1,2.05,0.2,36,47,7.89,1.47,47
G450132,Spargel gekocht,Asparagus boiled,16,95.5,1.7,0.14,1.31,1.307,0,2,20,1.13,0.0267,0
T603152,Zander gedünstet,Pike-perch stewed,76,80.79,17.647,0.62,0.0,0,2.7,24,64,0.0,0.138,85
X9A6050,"Vollkornhefeteig für Pizza/Vollkornpizzateig, roh","Wholemeal yeast dough for pizza/wholemeal pizza dough, raw",250,39,8.71,4.37,40.0,8.01,0,307,24,1.248,0.36,0.066
T506182,Wels gebraten ohne Fett (Pfanne),European catfish fried without fat (pan),139,74.2,17.1,7.8,0.0,0,-,19,31,0.0,1.922,179
D701700,Haferflocken-Nussplätzchen,Oatmeal-nut biscuits,517,9,9.699,35.161,37.9,4.9,0.3,79,70,22.359,13.432,103
U271132,"Rind Vorderhesse, gekocht","Beef shin/foreshank, boiled",149,68.703,24.904,5.445,0.0,0,0.411,38,4.184,0.0,1.705,77.7
P9B2000,"Cocktail, Campari-Soda","Cocktail, Campari-soda",56,90.5,0,0,5.7,0,0,7,8,5.7,0,0
U931100,"Rindfleisch im eigenen Saft, mit Schweineschwarten, Konserve","Beef in its own juice, with pork rind, canned",217,55,34.44,8.6,0.44,0.12,0.52,655,14,0.0,3.44,92
U421142,"Kalb Rücken, geschmort ohne Fett","Veal loin, braised without fat",130,69.535,26.195,2.795,0.0,0,0.427,74,17,0.0,1.17,93
Y421233,"Lammkoteletts mariniert, gegrillt","Lamb chops marinated, grilled",320,49,24.61,24.5,0.03,0.36,0,264,7,0.03,9.59,95
G613600,Gemüsesaft aus Rote Rübe/Rote Bete,Beetroot juice,37,88.4,1.08,0.08,7.76,0.2,0,51,16,7.76,0.02,0
X8A1030,"Milchreis gesüßt, mit Reisdrink","Rice pudding sweetened, with rice drink",166,64.6,1.92,4.07,30.1,0.6,0.07,38,8,7.1,1.12,0.4
Q999000,Remoulade (Fertigprodukt),Remoulade (ready-made product),567,31.9,0.8,60.004,4.99,0.1,0,548,12,3.67,5.6,63
V634182,"Hähnchen Leber, gebraten ohne Fett (Pfanne)","Chicken liver, fried without fat (pan)",159,67.01,24.36,6.1,1.765,0,0.95,140,8.7,0.0,1.738,476.5
X417813,"Grießsuppe gesüßt, mit Milch 3,5 % Fett","Semolina soup sweetened, with milk 3.5 % fat",107,76.4,4.09,3.45,14.74,0.24,0,34,114.9,10.46,2.15,13.5
Y642112,Forelle blau (im Essigsud pochiert),Trout poached in stock with vinegar,121,76,15.73,5.9,0.21,0.114,7.6,77,80,0.207,1.128,54
S161000,Pflaumenmus,Plum butter (jam),195,42.8,0.94,0.2,45.928,1.66,0,14,5,44.55,0.012,0
R9A3500,Zucker-Butter-Zimt-Füllung für Gebäck/Torten,Sugar-butter-cinnamon filling for pastry/tortes,549,7.285,0.509,35.229,57.388,0,0.084,8,8,57.388,22.568,91
W610000,"Leiterchen/Rippchen/Schälrippchen, Kochpökelware","Pork spare ribs, cooked cured",296,54.4,19.22,24.07,0.554,0,0.31,700,5.6,0.554,8.617,69.95
B256500,Weizenmischbrot mit Sonnenblumenkernen,Wheat-rye bread (> 50 % and < 90 % wheat) with sunflower seeds,237,41,7.97,3.12,41.0,6.36,0,459,22.5,0.707,0.32,0
Y144423,Rinderragout,Beef ragout,178,66,18.59,10.5,2.17,0.2,0.311,285,8,0.52,2.6,52
V516142,"Hammel Herz, geschmort ohne Fett","Mutton heart, braised without fat",213,54.9,30.113,10.3,0.0,0,0,134,6,0.0,3.9,245
P7A1100,"Spirituose mit Anis, verdünnt mit Wasser","Aniseed-flavoured spirit drink, with water",116,82.2,0,0,0.0,0,0,1.2,3.4,0.0,0,0
X573312,Romanesco gedünstet (mit Fett und Salz),Romanesco stewed (with fat and salt),77,87,2.04,5.5,4.46,2.4,0,110,21,1.87,0.5,0.109
Y335012,"Schweinesteak natur, gebraten",Pork steak fried,175,64.5,26.5,7.7,0.02,0.01,0,181.5,4.3,0.0,2.3,61.75
B516500,Weizenbrötchen mit Sonnenblumenkernen,Wheat roll with sunflower seeds,298,26.5,9.6,3.39,55.0,4.24,0,575,19,1.9,0.92,0
Y872460,Erdbeeren mit Schlagsahne,Strawberries with whipped cream,116,81.9,1.256,9.539,5.145,1.4,0.027,11,35,5.102,4.951,24.6
T402200,Stint tiefgefroren,European smelt deep-frozen,85,79.99,17.4,1.7,0.0,0,3.95,156,50,0.0,0.364,71
Y332212,"Schweineschnitzel natur, gebraten",Pork schnitzel fried,156,63.2,32.37,2.92,0.03,0.02,0,205,13,0.0,0.88,74.6
Y847840,Himbeeren gezuckert,Raspberries sugared,65,80.8,0.9,0.281,11.0,4.4,0,1,12,11.0,0.0095,0
Y263123,Kalbsrahmgulasch,Veal goulash with cream,165,71,15.04,11.1,1.06,0.1,0.253,213,28,1.05,4.1,62
B101000,Vollkornbrot,Wholemeal bread,210,42,7.16,1.01,38.0,10.04,0,479,25.2,0.817,0.12,0
B8B3000,Vollkornknusperbrot,Wholemeal crackerbread,348,6,10.4,2.3,63.7,14.99,0,490,60,5.5,0.2,0.6
G484182,Perlzwiebel gebraten ohne Fett (Pfanne),Pearl onion fried without fat (pan),53,84.2,1.835,0.238,9.54,2.2,0,14,40,9.54,0.039,0
Y144512,Rindergeschnetzeltes,Beef ragout with white wine,171,62,27.5,5.9,1.45,0.11,0.37,282,76,0.03,2.1,70
D736100,Käseknusperchen salzig (Mürbeteig),Crispy cheese biscuits salted (shortcrust pastry),460,23,10.4,33.97,25.8,4.19,0.4,189,110,0.507,20.54,121
M832100,"Speisequarkzubereitung < 10 % Fett i. Tr., mit Vanillezubereitung, gesüßt","Quark preparation < 10 % fat in dry matter, with vanilla preparation, sweetened",104,73.9,6.89,0.11,18.26,0.025,0,35,108,16.11,0.069,1.82
Y341113,Szegediner Gulasch (mit Schweinefleisch),"""Szegediner"" pork goulash",89,82,7.8,4.3,3.1,1.9,0,250,30,3.0,0.7,21
C219332,"Hartweizen Grieß, gekocht","Durum wheat semolina, boiled",159,62.46,6.02,0.67,31.05,2.18,0,0.3,10.8,0.47861,0.09,0
B8A1000,Baguette glutenfrei,Baguette gluten-free,224,47,3.2,3.1,45.0,1.1,0,401,12,1.7,1.4,0
X432142,Teigwaren eifrei (mit Salz gekocht),Pasta egg-free (boiled with salt),145,61.2,5.4,0.7,28.596,1.489,0,50.7,11.7,0.838,0.101,0
Y691123,Rotbarschragout,Redfish ragout,106,78,10.7,4.6,1.4,0.6,1.8,184,22,1.4,0.65,19.9
X9A1010,"Haferbratlinge vegan, gebraten","Oat patties vegan, fried",265,46,8.01,15.6,20.0,6,0,192,64,1.28,1.7,0.142
U672700,"Schwein Vordereisbein/Vorderhaxe, Kochpökelware, geräuchert","Pork foreshank (hock) cooked cured, smoked",150,72.4,18.68,8.17,0.437,0,0.16,700,5.4,0.437,2.588,71.1
D050000,Cracker,Crackers,495,4,8.84,24.13,58.5,4.31,0.056,393,16,0.411,15.07,61
E607000,Grießklößchen roh,Semolina dumplings raw,132,72.1,6.64,5.28,14.09,0.8,0.3,162,90,2.89,2.72,68
U541082,Schwein Schnitzel (Oberschale) gebraten ohne Fett (Pfanne),Pork schnitzel (topside) fried without fat (pan),144,65.653,31.015,2.235,0.0,0,0,90,12,0.0,0.841,71.5
B111200,Weizenvollkorntoastbrot,Wholemeal wheat toast,249,39,8.8,3.67,41.0,7.93,0,479,25,1.6,1.157,0
X3A9020,Joghurt-Dip mit Kräutern,Yogurt dip with herbs,93,83.8,3.64,6.6,4.0,0,0,180,110,4.0,3.9,19
Y612110,"Rollmops mariniert, abgetropft","Pickled herring fillet, filled, rolled, drained",146,71.9,11.9,10.11,0.7,0.2,17.82,2860,61,0.7,1.84,46.6
B781400,Weizenbaguette mit Nüssen,Wheat baguette with nuts,277,35,8.7,4.75,48.0,3.8,0,492,21,1.6,0.6,0
G992100,"Gemüsemischung Erbsen-Karotten, roh","Mixed vegetables peas and carrots, raw",64,85.2,3.4,0.44,9.388,4,0,12,24,3.837,0.096,0
X572412,Tofu gebraten (mit Fett und Salz),Tofu fried (with fat and salt),199,61,18.07,13.07,1.31,1.63,0,345,216,1.26,1.43,0.13
D651400,Nussprinten schokoliert,Nut printen with chocolate icing,492,5,8,27.7,50.4,4.5,0.01,144,121,31.2,9.26,14
K713400,Pfifferling getrocknet,Chanterelle dried,243,10.5,36.271,2.514,5.111,30.334,0,28,33.4,1.493,0.455,0
B6A3000,Roggenvollkornknäckebrot mit Ölsamen,Wholemeal rye crispbread with oilseeds,338,6,10.17,3.62,56.6,19.3,0,516,61,1.838,0.455,0
T710200,"Edelkrebs/Flusskrebs, tiefgefroren",Crayfish deep-frozen,64,83.1,15,0.47,0.0,0,-,253,43,0.0,0.0674,158
Y642412,"Forelle Müllerinart (mehliert, gebraten)","Trout floured, fried",174,67.46,21.28,8.3,2.64,0.36,6.8,176.4,59.2,0.329,1.36,56
X6A1010,Kartoffeln mit Schale gekocht,Potatoes boiled with peel,87,82.3,2.09,0.102,18.82,1.448,0,50,4,1.49,0.034,0
X3A8000,"Essigmarinade warm, für gekochte Salate","Vinegar marinade warm, for cooked salad",140,82,0.16,14.2,0.77,0.01,0,350,6,0.75,1.1,0.292
D770200,Käsegebäck salzig (Quarkmürbeteig),Cheese pastry salted (shortcrust pastry with quark),418,25,10.77,25.74,34.4,2.41,0.1,280,125,1.75,16.25,67
B111300,Weizenvollkornbrot mit Kürbiskernen,Wholemeal wheat bread with pumpkin seeds,237,41,9.7,3.31,38.0,7.87,0,450,24,1.0,0.504,0
U512100,"Schwein Filetmedaillon, mariniert, roh","Pork fillet medaillon, marinated, raw",138,70.3,20.8,6,0.11,0.2,0,400,8.8,0.1,0.7,53.21
D461602,Brioches (Hefeteig) ungefüllt,Brioches (yeast dough) without filling,427,23.3,10.4,25.1,38.4,2.8,0.7,233,29,4.586,14.66,176
D623200,Apfelwaffeln (Rührmasse),Apple waffles (cake batter),384,34,7.3,26.39,28.1,2.6,0.4,94,27,9.2,14.39,129
X554543,Paprika-Gurkengemüse gedünstet,Sweet peppers and cucumbers stewed,49,91,1.06,2.5,4.54,1.6,0,90,14,4.53,0.2,0.048
G212182,Gemüseamaranth gebraten ohne Fett (Pfanne),Chinese spinach fried without fat (pan),30,84,3.67,0.49,1.39,2.7,0,30,321,1.12,0.128,0
D1A1000,Apfel-Streuselkuchen (Hefeteig),Apple crumble cake (yeast dough),189,56,3.3,5.99,29.0,2.66,0,16,15,11.5,3.6,23
W234100,Fleischwurst fettreduziert,Bologna reduced-fat,104,78.2,13.9,5.31,0.12,0.07,0.12,800,4.6,0.0,2.02,45.67
S539200,Vollmilchschokolade gefüllt mit Fruchtcreme,Whole milk chocolate filled with fruit cream,550,5.7,4.3,35.3,51.1,1.57,0.02,52,133,46.9,22.2,48
N258000,Fruchtsaftschorle Weintraube,Grape juice spritzer,40,91,0.122,0,9.483,0.18,0,3,11,8.903,0,0
B121100,Roggenvollkornbrot mit Kürbiskernen,Wholemeal rye bread with pumpkin seeds,209,43,6.87,2.95,33.0,11.54,0,438,25.2,0.993,0.48,0
X360040,Sahnesauce süß,Cream sauce sweet,252,60.4,3.8,19.58,15.05,0.04,0,39,109,10.75,10.18,110
D7B5000,"Kekse/Plätzchen, kakaohaltig (Rührmasse)","Biscuits, containig cocoa (cake batter)",521,5,7,29.27,55.7,3.19,1,43,32,27.5,17.36,194
B516000,Weizenbrötchen mit Ölsamen,Wheat roll with oilseeds,300,26.5,9.8,3.96,54.0,4.43,0,565,26,1.9,1,0
R9A2200,Schokoladensahne für Gebäck/Torten,Chocolate cream for pastry/tortes,314,52.7,3.6,26,15.8,1.26,0.064,27,64,15.4,14.12,57.7
X6A3030,Ofenkartoffeln mit Zwiebeln,Baked potatoes with onions,130,74.8,2.37,3.72,20.72,1.7,0,80,8,2.37,0.28,0.074
Y996340,Schokoladencremeeis,Chocolate ice cream (with egg),216,59.1,4.5,11.77,22.5,0.94,0,37,91,21.7,6.13,98
P192000,Radler (Pilsner Bier mit Zitronenlimonade),Pilsner beer mixed with carbonated lemonade,38,91.74,0.211,0,5.744,0,0,5,4,4.689,0,0
U883162,"Schaf Keule, fett, gebraten ohne Fett (Ofen)","Sheep leg, fat, fried without fat (oven)",279,55.6,24.1,20.3,0.0,0,0,80,13,0.0,9.251,99
M861000,"Mousse au chocolat, Milchbasis, gesüßt",Mousse au chocolat (milk-based) sweetened,167,65.2,4.6,7.2,20.3,1.2,0,34,96,19.89,4.7,11.3
M2N6400,"Sahnejoghurt mind. 10 % Fett, gesüßt","Yogurt min. 10 % fat, sweetened",152,72.3,4.43,8.163,14.575,0.006,0,49,103,14.002,5.52,26
C346032,"Mais Grieß, gekocht","Maize semolina, boiled",123,65.274,3.232,1.052,23.448,3.515,0,0,7,0.519,0.134,0
Y841212,Johannisbeerkompott,Red currant compote,74,78.4,1.002,0.139,14.61,2.4,0,2,30,14.61,0.027,0
D470300,Butterkuchen/Zuckerkuchen (Quark-Öl-Teig),German butter cake (quark oil dough),454,16,8.33,25.97,45.2,3,0.022,142,48,20.54,7.9,27
Y173113,Rinderleber gebraten,Beef liver fried,170,61.4,21.11,5.36,9.23,0.24,1.8,210,7.2,0.01389,1.38,291
G490200,Knoblauch tiefgefroren,Garlic deep-frozen,107,61,6.722,0.467,3.0,31.441,0,8.742,16.02,2.3,0.071,0
B309000,Weißbrot glutenfrei,White bread gluten-free,224,46,3.2,3.1,45.0,1.1,0,509,12,1.7,1.396,0
U632200,"Schwein Kamm, tiefgefroren","Pork neck, deep-frozen",175,68.96,19.21,10.9,0.0,0,0.27,54.3,3.7,0.0,4.061,63.1
N630300,"Schwarztee (Getränk) mit Milch 3,5 % Fett und Zucker",Black tea (infusion) with milk 3.5 % fat and sugar,9,97.3,0.12,0.11,1.93,0,0,3,9,1.93,0.072,0.5
X420363,Rinderkraftbrühe nach schottischer Art mit Graupen,Beef consomme Scottish style with pearl barley,126,79,4.2,10.5,3.3,0.9,0.091,213,15,1.2,4.8,21.6
T403182,Bachsaibling gebraten ohne Fett (Pfanne),Brook trout fried without fat (pan),128,71.3,25.2,3.07,0.0,0,10.2,48,31,0.0,0.668,75
V488142,"Pute Innereien, geschmort ohne Fett","Turkey giblets, braised without fat",210,58.7,26.6,11.51,0.0,0,0.96,84,16,0.0,3.02,375
C660500,"Haferdrink gesüßt, aromatisiert, angereichert mit Vitaminen, Calcium und Jod","Oat drink sweetened, flavoured, fortified with vitamins, calcium and iodine",42,87.8,0.71,0.98,7.5,0.43,0,46,120,7.3,0.1202,0.026
C414000,"Mehlmischung eiweißarm, glutenfrei, natriumarm","Flour mix low protein, gluten-free, low sodium",336,12.314,0.431,0.137,82.667,1.19,0,2,0,0.0,0.017,0
D083000,Sachertortenboden,Sacher cake base,396,28,8.69,23.11,37.2,2.43,0.8,109,36,24.8,13.1,186
Y818242,Quarkplinsen gebraten,Small quark pancakes fried,257,51.6,10.59,13.87,21.57,0.97,0.2,53,90,8.49,3.96,63
G450142,Spargel gedämpft,Asparagus steamed,30,92.4,2.9,0.4,3.0,1.3,0,3,23,1.7,0.0276,0
X850133,Risotto mit Butter und Parmesan,Risotto with butter and Parmesan cheese,163,64,4.93,4.9,24.4,0.9,0.05,209,79,0.95,3.2,12
V221172,"Reh Keule, gegrillt","Roe deer leg, grilled",140,65.125,31.127,1.761,0.0,0,0.485,84,7,0.0,0.67,98
D610500,Zimtsterne (Eiklarmasse),Cinnamon stars (meringue),473,6.3,14.3,27.149,39.89,5.8,0,31,51,39.751,2.34,0
U511200,"Schwein Filetmedaillon, tiefgefroren","Pork fillet medaillon, deep-frozen",102,74.2,22.7,1.2,0.0,0,0,49,4.9,0.0,0.3,58.63
G543032,"Gemüsepaprika rot, gekocht","Sweet pepper red, boiled",24,93.3,1.037,0.1,3.312,2.4,0,<LOD or <LOQ,7,3.312,0.0326,0
V414172,"Hähnchen ganz, entbeint, mit Haut, gegrillt","Chicken whole, boneless, with skin, grilled",239,58.21,25.61,15.18,0.0,0,0.3,72.7,14.9,0.0,3.68,120.23
X987612,Bulgur gekocht (mit Fett und Salz),Bulgur boiled (with fat and salt),171,59.6,5.1,3.6,28.2,2.8,0,124,13,0.8,0.31,0.053
U532200,"Schwein Kammsteak, tiefgefroren",Pork steak (neck) deep-frozen,175,68.96,19.21,10.9,0.0,0,0.27,54.3,3.7,0.0,4.05,63.1
P194000,Altbierbowle,Punch with top-fermented dark beer,48,89.2,0.552,0.078,5.282,0.4,0,2,7,3.609,0.0061,0
V464200,"Ente Fleisch, mit Haut, tiefgefroren","Duck meat, with skin, deep-frozen",227,63.7,18.1,17.2,0.0,0,0.3,38,14.6,0.0,5.712,75.917
S560700,"Zartbitter-/Halbbitterschokolade, gefüllt mit Pfefferminzcreme","Bittersweet/semisweet chocolate, filled with peppermint cream",486,8.5,3.97,19.36,61.7,5.56,0,5.2,29.9,41.0,11.64,2
C118122,"Quinoa tricolore, gekocht","Quinoa tricolore, boiled",104,76.6,3.78,1.67,17.06,2.76,0,0.3,11.8,0.49052,0.163,0
K701162,Champignon gebacken,Button mushroom baked,40,87,5.08,0.381,4.1,2.6,0,57.4,8,0.3,0.067,0
D422000,"Rührmasse/Rührteig, roh",Cake batter raw,358,30,6.73,16.76,44.0,1.86,0.4,181,28,18.7,9.92,106
X357413,Joghurtmarinade für Salat,Yogurt marinade for salad,114,81.1,3.07,8.84,3.83,0,0,289,87.1,3.83,2.19,7.05
D490300,Blätterteig (mit Ei) gebacken,"Puff pastry with egg, baked",617,3.4,8,46.64,39.69,2.9,0.3,47,23,0.527,29.22,159
X890733,"Pilaw, Serbisches Reisfleisch","Pilaf ""Serbian"" with meat",191,64,6.9,11.6,14.0,1.3,0.11,192,46,1.1,4.4,21.2
Y344013,Schweineragout,Pork ragout,187,66,16.6,12.3,2.1,0.6,0.18,235,12,2.1,3.6,53.95
M2I3200,"Milchmischgetränk 1,5 % Fett, mit Kaffee und Süßungsmitteln","Milk drink 1.5 % fat, with coffee and artificial sweeteners",33,92,2.4,1,3.6,0.06285,0,30,90,3.6,0.65,4
Y301822,Kasseler Kotelett gebraten,"Pork loin chop cured, fried",153,62.798,30.004,3.683,0.0,0,0,1575,5.37,0.0,1.05,68.9
D077002,Biskuitboden,Sponge cake base,289,33.92,10.92,5.74,47.76,1.47,1.1,95,35,27.978,1.52,213
W520000,Corned Beef,Corned beef,142,69.8,21.7,6,0.28,0.09,0.35,900,33,0.0,2.518,63
G640182,Pastinake gebraten ohne Fett (Pfanne),Parsnip fried without fat (pan),109,66,4.9769,0.796,17.9,3.944,0,15,85,5.669,0.12,0
X475243,"Milchsuppe gesüßt, gebunden mit Haferflocken","Milk soup sweetened, thickened with oat flakes",102,78,4.55,4.22,11.1,0.436,0,51,134,9.04,2.559,15.8
D0A3100,Nuss-Wasserbiskuitboden,Nut water sponge cake base,344,26,9.15,11.12,50.7,2.1,0.7,119,40,34.704,1.57,131
W003000,Aufschnitt-Grundbrät fettreduziert,Sausage meat for cold cuts reduced-fat,151,71.5,15.06,10.06,0.13,0.07,0.22,900,5.7,0.0,3.74,48.95
Y527012,Rehkeule gebraten im Ofen (mit Fett und Salz),Leg of roe deer fried in oven (with fat and salt),177,60.3,31.37,5.7,0.03,0.02,0.53,307,8,0.0,1.8,103
M2A0100,"Milchmischgetränk < 1 % Fett, aromatisiert, mit Zucker und Süßungsmitteln","Milk drink < 1 % fat, flavoured, with sugar and artificial sweeteners",42,89,3.335,0.068,7.047,0.002,0,52,120,6.832,0.043,2
X208312,Tomate-Mozzarella (Caprese),Tomato-mozzarella (Caprese),185,71.9,7.22,15.9,2.51,0.6,0,227,156,2.49,6.5,25.5
W410400,"Schwein Schinkenspeck, Rohpökelware, geräuchert","Pork bacon (ham) raw cured, smoked",121,70,20.82,3.95,0.492,0,0,1800,3.6,0.492,1.304,53.37
D4A8500,Nusskuchen vegan (Rührmasse),Nut cake vegan (cake batter),432,21,7.33,25.87,40.3,4.2,0,195,42,21.613,3.75,0.5
D9A3000,Vollkornmürbeteig süß roh,"Wholemeal shortcrust pastry, sweetened, raw",454,16.8,6.64,26.31,44.85,5.78,0.1,100,18,16.078,10.34,16
Y881842,Quarkkeulchen (gerührter Hefeteig) gebraten,Small quark-yeast pancakes fried,357,31,9.6,17.3,39.0,2.4,0,29,63,13.9,5.3,82
M2R2200,"Joghurt fettarm, mind. 1,5 % bis max. 1,8 % Fett, mit Vanillezubereitung, gesüßt","Yogurt low-fat, min. 1.5 % to max. 1.8 % fat, with vanilla preparation, sweetened",82,81.5,3.275,1.142,14.0,0.012,0.02,46,123,12.8,0.6,5
N500100,Kaffeeersatz (Getränk),Coffee substitute (infusion),5,98.2,0.075,0.002,0.97,0.543,0,4,6,0.144,0,0
F110152,Apfel gedünstet,Apple stewed,60,83.1,0.437,0.515,12.0,2.345,0,1,5,10.811,0.207,0
U912000,"Rindfleisch in Gelee, Konserve","Beef in jelly, canned",87,79.9,15.6,2.6,0.3,0.08,0.181,600,13,0.0,1.11,33
G332162,Rosenkohl gebacken,Brussels sprouts baked,48,80.3,5.235,0.4,2.66,5.2,0,11,41,1.86,0.0601,0
W313000,Frankfurter Leberwurst,Frankfurt liver sausage,291,58,13,26.32,0.54,0.1,0.67,810,6,0.16,11.42,109.59
B251000,Weizenmischbrot,Wheat-rye bread (> 50 % and < 90 % wheat),207,38.32,8.61,1.515,37.326,4.572,0,511,21.11,0.836,0.1,0
S530300,Milchschokolade gefüllt mit Karamell,Milk chocolate filled with caramel,506,4.8,4.5,24,62.1,1.99,0.01,140,120,51.6,13.78,6.6
U255700,"Rind Brustkern/Mittelbrust, Rohpökelware, geräuchert","Beef brisket/centre cut, raw cured, smoked",189,63.9,17.369,13.078,0.492,0,0.315,1800,8.9,0.492,6.057,65
V469000,"Ente Fleisch, mit Haut, mariniert, roh","Duck meat with skin marinated, raw",238,62,16.92,18.83,0.13,0.1,0.3,391,15,0.13,5.52,70.812
P195000,Bier mit Sekt,Beer with sparkling wine,52,92.7,0.263,0,2.18,0,0,1.7,5.9,0.86,0,0
H842400,"Sojadrink gesüßt, aromatisiert","Soya drink sweetened, flavoured",58,87.5,3.01,2.212,5.69,1.64,0,57,13.7,5.68,0.321,0
X362143,Schokoladensauce,Chocolate sauce,126,73.7,4.14,5.52,14.6,0.44,0,39,125,10.04,3.42,14.9
P546000,Eierlikör,Egg liqueur,294,45.6,4,7,27.1,0,1,54,130,27.1,2.5,59
M2H7300,"Milchshake 3,5 % Fett, mit Kakao/Schokolade, gesüßt","Milkshake 3.5 % fat, with cocoa/chocolate, sweetened",78,83.2,3.7,3.5,7.6,0.386,0,38,113,7.55,2.3,13.2
D380900,"Kuchenboden/Tortenboden (Mürbeteig, feiner)","Cake base/torte base (shortcrust pastry, fine)",488,12.1,7,27.53,51.67,2.63,0.3,41,17,16.236,17.04,106
B221000,Roggenbrot,Rye bread,220,44.51,6,1.235,43.04,6.46,0,448,23.22,3.81,0.09,0
U175162,"Rind Rostbraten, gebraten ohne Fett (Ofen)",Beef meat for roasting (sirloin) fried without fat (oven),146,72.4,26.607,4.395,0.0,0,0.346,58,3.546,0.0,1.93,59.9
T306182,"Heilbutt/Weißer Heilbutt, gebraten ohne Fett (Pfanne)","Halibut/white halibut, fried without fat (pan)",155,71.52,23.869,6.56,0.0,0,5,71,18,0.0,1.395,30.5
X434143,"Grießnockerln, Suppeneinlage","""Grießnockerln"" semolina dumplings as soup garnish",364,41.1,8.79,25.86,23.07,1.65,0.6,304,30,0.621,15.34,172
M2H2300,"Milchshake 3,5 % Fett, aromatisiert, gesüßt",Milkshake 3.5 % fat sweetened,78,83.4,3.38,3.33,8.5,0.002,0,33,112,8.29,2.106,13.2
Y730163,Omelett gebraten,Omelette fried,197,69.6,12.23,16.21,0.66,0,1.6,201,58,0.66,2.97,325
D7A7000,Plunderteig roh,Danish pastry raw,386,31,7.08,22.77,37.0,2.32,0.1,322,38,6.369,11.85,17
B781200,Weizenbaguette,Wheat baguette,253,37,8.3,1.31,50.0,3.67,0,641.7,36.31,1.5,0.32,0
Y610512,Matjes-Brötchen,Matjes herring roll,187,58.9,11.87,8.21,15.2,1.1,13.59,2316,62,1.2,1.51,35.54
B6A2600,Roggenvollkornknäckebrot mit Kleie und Ölsamen,Wholemeal rye crispbread with wheat bran and oilseeds,332,6,10.8,2.9,55.3,20.9,0,524,52,1.772,0.3,0
U541200,Schwein Schnitzel (Oberschale) tiefgefroren,Pork schnitzel (topside) deep-frozen,106,74.75,22.2,1.9,0.0,0,0,72,9,0.0,0.715,48.6
G213132,Neuseeländer Spinat gekocht,New Zealand spinach boiled,18,93.3,1.8,0.2,1.11,2.2,0,153,73,0.89,0.036,0
U111700,"Rind Filet/Lende, Rohpökelware, geräuchert","Beef fillet, raw cured, smoked",115,73.9,19.813,3.738,0.492,0,0.315,1800,3.5,0.492,1.685,47.5
D617000,Waffeln (Rührmasse) glutenfrei ,Waffles (cake batter) gluten-free,392,25,5.91,20.24,45.9,1.223,0.5,112,64,18.91,11.917,139
N720400,Kräutertee (Getränk) mit Sahne 30 % Fett,Herbal tea (infusion) with cream 30 % fat,10,98.7,0.077,1.057,0.109,0,0.003,4,9,0.109,0.563,2.8
T201152,"Brosme/Lumb, gedünstet",Cusk stewed,66,83.048,15.446,0.524,0.0,0,-,114,20,0.0,0.14,31
W114000,Grobe Mettwurst,Coarse Mettwurst sausage spreadable,297,52,19.3,24.3,0.14,0.08,0.41,1000,5.2,0.0,8.78,68.74
U486142,"Kalb Unterschale/Schwanzstück, geschmort ohne Fett","Veal silverside, braised without fat",106,71.679,24.946,0.738,0.0,0,0.41,66,17,0.0,0.309,74
W411300,"Schwein Bauchspeck, Rohpökelware, geräuchert","Pork streaky bacon, raw cured, smoked",304,51.4,16.58,26.22,0.492,0,0.34,1800,4.9,0.492,9.391,57.17
D7A7700,Kalter Hund (Kekskuchen ohne Backen),"""Kalter Hund"" biscuits cake without baking",492,12.7,4.41,30.7,47.9,2.95,0,114,36,35.0,25.2,10.1
H230182,"Edelkastanie/Marone, gebraten ohne Fett (Pfanne)",Sweet chestnut fried without fat (pan),228,40.324,3.02,2.065,44.783,9.098,0,2,47.4,15.109,0.31,-
V464132,"Ente Fleisch, mit Haut, gekocht","Duck meat, with skin, boiled",204,62.676,24.682,11.727,0.0,0,0.2,23,18.8,0.0,3.895,115.026
D035000,Kokoszwieback,Coconut rusk,450,3.9,7.6,14.9,69.0,4.83,0,140,30,35.2,11.69,0.5
B781500,Weizenvollkornbaguette,Wholemeal wheat baguette,229,41,8.4,1.67,41.0,8.21,0,486,25,1.5,0.351,0
G490132,Knoblauch gekocht,Garlic boiled,101,64,6.188,0.43,3.0,29.905,0,4.9174,15.57,2.0,0.064,0
G780432,"Limabohne (Butterbohne, Mondbohne) reif, gekocht","Lima bean/butter bean, mature, boiled",130,64.9,8.1,0.569,16.9,11.2,0,<LOQ,31,1.5,0.166,0
N491000,"Kaffee (Getränk) halb und halb, mit Milch 3,5 % Fett","Coffee (infusion) half and half, with milk 3.5 % fat",31,92.9,1.84,1.74,2.01,0.15712,0,19.4,62,2.01,1.105,7
F401600,Preiselbeersaft,Lingonberry juice,34,89.4,0.6188,0.424,5.608,0.289,0,2,16,5.498,0.083,0
Y435112,"Hammelsteak natur, gebraten",Mutton steak fried,498,31.6,20.436,46.199,0.0,0,0,304,12,0.0,16.85,92
X416913,Gemüsesuppe püriert/Gemüsecremesuppe,Vegetable puree soup,32,92,0.86,1.2,4.0,0.8,0,195,15,1.9,0.1,0.02
S380000,"Komprimate (Pastillen, Presslinge)",Compressed sweet/candy,404,6.4,0,0,93.6,0,0,3,0.3,78.8,0,0
B276800,Roggenmischbrot mit Nüssen,Rye-wheat bread (> 50 % and < 90 % rye) with nuts,243,39,7.03,4.08,41.0,7.2,0,471,24,0.838,0.38,0
K410182,"Maniok/Cassava, gebraten ohne Fett (Pfanne)","Manioc/cassava, fried without fat (pan)",166,57.9,1.136,0.261,38.0,3.284,0,1,36.39,1.5,0,0
Y7A2030,Ofenkäse mit Knoblauch und Thymian gebacken,Oven cheese baked with garlic and thyme,270,55,20.55,20.78,0.0,0.119,0,585.3,584.6,0.0,14.39,70.6
U882200,"Schaf Keule, mittelfett, tiefgefroren","Sheep leg, medium fat, deep-frozen",180,68,18.8,11.6,0.0,0,0,60,8,0.0,4.92,67
S210000,Cremeeis/Kremeis,Ice cream (containing egg yolk),171,67.7,4.3,9.31,17.53,0.003,1,39,93,17.23,4.45,129
X320063,"Grundsauce hell/weiß, vegan","Basic sauce white, vegan",57,90,0.73,4.4,3.54,0.22,0,321,5,0.56,0.9,0.12
X327312,Sahne-Käsesauce,Cream-cheese sauce,351,51,9.4,33.17,3.2,0.36,0.19,364,256,3.2,18.5,95
U816162,"Hammel Filet/Lende, gebraten ohne Fett (Ofen)","Mutton tenderloin, fried without fat (oven)",224,60.145,24.007,14.27,0.0,0,-,86,11,0.0,6.508,93
C130032,"Hafer ganzes Korn, gekocht","Oat whole grain, boiled",181,51,6.071,3.585,28.7,5,0,4,31.6,0.576,0.723,0
V420000,"Hähnchen Unterschenkel, mit Haut, mariniert, roh","Chicken drumstick, with skin, marinated, raw",168,69.7,16.76,10.43,1.66,0.1,0.23,430,8,1.61,1.86,91.9
Y8A5030,"Sahneflammeri/Sahnepudding, mit Eigelb",Cream pudding with egg yolk,244,58.9,4,16.96,18.85,0.073,0,59,115,10.99,8.83,104
X8A1040,"Milchreis gesüßt, mit Sojadrink","Rice pudding sweetened, with soya drink",104,74.6,4.24,1.11,18.4,1.8,0,25,13,1.25,0.168,0
X461813,Linsen-Eintopf mit Suppengemüse,Lentil stew with vegetables,127,66,7.49,2.3,15.8,6.1,0,245,30,1.8,0.3,0.031
V250172,"Wildschwein Fleisch, gegrillt","Wild boar meat, grilled",209,61.297,25.644,11.848,0.0,0,0.3,118,12.9,0.0,4.138,85.8
B426500,Roggenvollkornbrötchen mit Sonnenblumenkernen,Wholemeal rye roll with sunflower seeds,268,29.755,8.43,5.3,40.0,13.08,0,528,32.9,1.316,1.06,0
Y881153,Vanillequark,Vanilla quark,138,72.1,7.58,6.54,11.84,0,0.017,46,109,11.84,3.556,20.2
W149200,Hirschsalami mit Schweinefleisch,Venison salami with pork,316,47,22.66,24.93,0.18,0.1,0.61,1500,11.5,0.0,9.5,81
U421200,"Kalb Rücken, tiefgefroren","Veal loin, deep-frozen",107,74.9,20.9,2.62,0.0,0,0.4,93,13,0.0,1.096,70
G750432,"Sojabohne reif, gekocht","Soya bean mature, boiled",157,63.7,15.406,7.517,2.5,9.037,0,2,97,2.3,0.967,0
V654182,"Hähnchen Magen, gebraten ohne Fett (Pfanne)","Chicken stomach, fried without fat (pan)",132,68.23,27.82,2.32,0.0,0,0.1,124.2,15.4,0.0,0.668,321.6
Y710162,Spiegelei gebraten in Butter,Fried egg in butter,204,68.2,13.191,16.615,0.398,0,1.7,377,55,0.398,7.27,374
B231000,Haferbrot,Oat bread,212,43,6.63,1.55,39.0,8,0,470,23.9,0.695,0.25,0
D477100,Schinkenhörnchen (Quark-Öl-Teig),Ham rolls (quark oil dough),268,43,14.38,10.07,28.4,2.14,0.1,537,59,1.47,1.45,49
S230000,Rahmeis/Sahneeis,Ice cream cream-based,281,59.1,3.6,24.04,12.46,0,1,33,85,12.46,12.07,178
X561112,"Kohlrüben/Steckrüben, gedünstet (mit Fett und Salz)",Swede stewed (with fat and salt),50,87,1.17,3.4,2.15,2.632,0,141,33,1.32,0.3,0.067
U951800,"Corned Pork, Konserve","Corned pork, canned",143,66.9,26.2,4.1,0.29,0.08,0.06,900,11,0.0,1.35,62.69
G470042,"Porree/Lauch, geschmort ohne Fett",Leek braised without fat,44,88,2.648,0.309,6.0,2.8,0,0.6,52,4.8,0.054,0
G230132,Mangold gekocht,"Chard/leaf beet, boiled",16,93,1.771,0.268,0.835,1.8,0,203.1,77.5,0.661,0.027,0
S538500,Vollmilchschokolade mit Getreideflakes,Whole milk chocolate with cereal flakes,532,1.5,6.33,31.12,55.29,2.72,0.02,106.8,173.1,45.37,18.62,15.3
G710162,"Bohne grün, gebacken","Bean green, baked",33,88.8,2.633,0.282,4.1,2.224,0,2.33,76,2.66,0.083,0
T305282,"Goldbutt/Scholle, tiefgefroren, gebraten ohne Fett (Pfanne)","Plaice deep-frozen, fried without fat (pan)",82,79.102,17.705,1.227,0.0,0,5,142,19,0.0,0.204,75
N720500,Kräutertee (Getränk) mit Sahne 30 % Fett und Zucker,Herbal tea (infusion) with cream 30 % fat and sugar,17,97,0.076,1.038,1.907,0,0.003,4,9,1.907,0.552,2.8
V636182,"Gans Leber, gebraten ohne Fett (Pfanne)","Goose liver, fried without fat (pan)",165,60.6,24.3,6.69,1.875,0,1.01,186,67,0.0,2.4,805
X962162,Butternockerln,Butter dumplings,309,44.3,9.18,17.63,27.23,2.14,0.7,217,28,0.35,9.9,169
U543182,Schwein Schnitzel (Nuss) gebraten ohne Fett (Pfanne),Pork schnitzel (thick flank) fried without fat (pan),154,64.7,31.82,2.99,0.0,0,0,71,5,0.0,0.89,87.85
G332182,Rosenkohl gebraten ohne Fett (Pfanne),Brussels sprouts fried without fat (pan),81,69.2,8.9,0.68,4.52,8.8,0,18,70,3.16,0.1022,0
H170600,Cashewkern geröstet mit Fett,Cashew nut roasted with fat,599,3.48,19.8,49.995,15.9,3.3,0,13,39,5.0,10.6,0.1
V468182,"Ente Innereien, gebraten ohne Fett (Pfanne)","Duck giblets, fried without fat (pan)",240,55.1,27,14.62,0.0,0,1.03,104,16,0.0,3.84,381
S131100,Fruchtaufstrich,Fruit spread,179,54.7,0.5,0.3,41.7,1.5,0,2,11,41.7,0.0206,0
D657200,Honigkuchenplätzchen,Gingerbread cake biscuits,403,3.6,7.17,5.75,78.7,3.5,0.1,24,18,42.3,1.72,15
R481200,"Puddingpulver Schokolade, ungezuckert","Pudding powder, chocolate, unsweetened",340,10.7,5.98,2.9,68.8,7.34,0,379,47,1.052,1.7,0.1
M2A1100,"Milchmischgetränk < 1 % Fett, aromatisiert, mit Süßungsmitteln","Milk drink < 1 % fat, flavoured, with artificial sweeteners",30,92,2.508,0.129,4.763,0,0,51,104,4.763,0.079,1.6
T207152,"Köhler/Seelachs, gedünstet","Saithe/pollack, stewed",94,79.941,18.112,2.39,0.0,0,0,55.1,26,0.0,0.641,75
X3A6000,"Bechamelsauce vegan, mit Sojadrink","Bechamel sauce vegan, with soya drink",79,86.2,3.33,5.41,3.4,1.65,0,80.2,14.6,0.41,1.03,0.12
U571162,Schwein Bratenfleisch (Bug mit Fett und Schwarte) gebraten ohne Fett (Ofen),Pork meat for roasting (shoulder with fat and rind) fried without fat (oven),240,57.35,27.3,14.56,0.0,0,0.15,65.7,4.7,0.0,4.73,84.94
V481182,"Pute Fleisch, ohne Haut, gebraten ohne Fett (Pfanne)","Turkey meat, without skin, fried without fat (pan)",140,66.1,27.903,3.1,0.0,0,0.3,110,14,0.0,0.865,99.9
F511600,Acerolasaft,Acerola juice,15,89.551,0.189,0.184,2.394,-,0,3,11.7,2.394,0.041,0
N4A2000,"Kaffee (Getränk) mit Sojadrink, ungesüßt","Coffee (infusion) with soya drink, unsweetened",2,98,0.22,0.043,0.012,0.36,0,4.7,7.3,0.012,0.006,0
R9A5200,Schokoladenfettglasur für Gebäck/Torten,Chocolate icing (containing non-cocoa fats) for pastry/tortes,428,25.3,4.14,28.87,35.4,5.26,0,6.4,32.7,33.5,19.89,1.9
M206100,"Milchmischgetränk < 1 % Fett, mit Kakao/Schokolade, gesüßt","Milk drink < 1 % fat, with cocoa/chocolate, sweetened",52,86,3.557,0.2,8.7,0.371,0,55,119,8.561,0.1,2
P571000,Apfelkorn,Apfelkorn (apple flavoured liqueur),127,77.3,0.06,0,6.537,0.191,0,4,4,5.919,0,0
Y882010,Quarkspeise mit Süßkirschen,Quark dish with sweet cherries,120,74.9,5.83,4.91,12.75,0.5,0.013,34,84,12.31,2.643,14.9
E101132,Wachtelei gekocht,Quail egg boiled,135,76.36,13.175,9,0.34,0,1.7,154,52,0.34,2.437,350
D7A3000,Scones (britisches Kleingebäck),Scones (British),360,27,9.46,15.28,44.6,2.81,0.2,413,56,3.74,9.17,70
G093400,"Suppengrün/Suppenkraut, getrocknet",Mirepoix dried,305,9.4,12.473,2.656,45.0,21.7,0,208,301,39.5,0.544,0
U342162,Kalb Schnitzel (Keule) gebraten ohne Fett (Ofen),Veal schnitzel (round) fried without fat (oven),121,68.009,28.389,0.823,0.0,0,0.4,98,18,0.0,0.344,83
S462000,Zuckerperlen (Liebesperlen),Sugar beads/sugar sprinkles,404,6.4,0,0,93.6,0,0,3,0.3,78.8,0,0
B111800,Weizenvollkornbrot mit Quark,Wholemeal wheat bread with quark,223,42,9.2,1.15,40.0,7.79,0,471,32,1.2,0.149,0.26
Y622913,Kabeljaufilet mit Gemüse in Folie gebacken,"Cod fillet with vegetables, baked in foil",97,78.8,13.7,3.8,1.3,0.6,0.007,175,26,0.8,2.145,33
X572512,Topinambur gedünstet (mit Fett und Salz),Topinambur stewed (with fat and salt),72,85,1.63,4.3,2.82,7.3,0,133,12,2.81,0.4,0.084
Y771240,Schnittlauchquark (aus Magerquark),"Quark, < 10 % fat in dry matter, with chives",64,82.8,9.55,1.03,3.73,0,0,183.1,127.6,3.73,0.647,6.5
U693800,"Schwein Hintereisbein/Hinterhaxe, Kochpökelware",Pork hindshank (hock) cooked cured,167,70.5,17.27,10.67,0.439,0,0.18,700,4.8,0.439,3.59,63.47
X538853,Spitzkohl gedünstet (mit Fett und Salz),Pointed cabbage stewed (with fat and salt),58,90,1.01,3.8,3.63,2.2,0,178,36,3.53,0.3,0.076
G582152,Zucchini gedünstet,Courgette stewed,23,95,1.4,0.312,3.0,1.2,0,1.17,22.17,2.2,0.074,0
U151182,Rind Gulasch (Bug) gebraten ohne Fett (Pfanne),Beef goulash (shoulder) fried without fat (pan),179,62.882,28.518,7.171,0.0,0,0.412,62,5.615,0.0,3.147,83.4
T307182,Schwarzer Heilbutt gebraten ohne Fett (Pfanne),Greenland halibut fried without fat (pan),173,73.4,14.772,12.7,0.0,0,15,86,21.8,0.0,2.273,28.7
B821000,Paniermehl/Semmelbrösel/Semmelmehl,Bread crumbs,364,8.5,11.6,3.97,67.48,5.34,0,758.7,32,5.3,0.914,0
H730400,Linsenmehl,Lentil flour,312,16,23.357,1.7,44.8,12.3,0,7,64.667,1.3,0.24,0
X513063,Steinpilze gedünstet,Porcini mushrooms stewed,114,76.6,6.56,6.21,5.53,7.2,0,165,9,1.17,0.49,0.119
D011000,Backerbsen,Soup pearls,469,7.3,9.81,24.09,50.7,5.23,0.001,1084,48,1.76,2.6,0.7
Y141223,Rinderrahmgulasch,Beef goulash with cream,211,65,15.89,15.66,1.5,0.2,0.28,209,25,1.5,5.88,62.8
X518233,Gemüsemischung gebraten,Vegetable mix fried,59,86,2.2,1.9,7.0,2.9,0,161,41,5.3,0.1,0.03
G541082,"Gemüsepaprika grün, gebraten ohne Fett (Pfanne)","Sweet pepper green, fried without fat (pan)",65,86.4,1.831,0.407,11.67,3.4,0,8,12,11.04,0.103,0
V414142,"Hähnchen ganz, entbeint, mit Haut, geschmort ohne Fett","Chicken whole, boneless, with skin, braised without fat",205,62.35,25.61,11.39,0.0,0,0.3,39.1,14.3,0.0,2.77,129.33
G230182,Mangold gebraten ohne Fett (Pfanne),"Chard/leaf beet, fried without fat (pan)",26,89.1,2.761,0.418,1.301,2.7,0,323.7,114.5,1.029,0.041,0
Y790240,Meerrettichbutter,Horseradish butter,557,32.4,2.522,58.691,3.734,1.223,0.14,81,36,2.759,37.555,152
X570143,Grüne Erbsen gedünstet,Green peas stewed,118,79.4,4.9,5.324,10.278,4.2,0,160,25,1.157,0.44,0.102
B561100,Dinkelbrötchen mit Kürbiskernen,Spelt roll with pumpkin seeds,306,26.5,11.7,5.35,50.0,5.15,0,543,17,1.2,1.24,0
S532000,Milchschokolade mit Knusperreis,Milk chocolate with puffed rice,492,1.6,6.99,24.37,59.65,3,0.02,58.5,131.7,40.25,14.35,7.7
X572612,Chinakohl gedünstet (mit Fett und Salz),Chinese white cabbage stewed (with fat and salt),46,91.6,1.438,3.539,1.27,1.4,0,80,60,1.16,0.24,0.07
B561400,Dinkelbrötchen mit Sonnenblumenkernen,Spelt roll with sunflower seeds,304,26.5,11.2,5.44,50.0,5,0,543,22,1.2,1.08,0
D086000,"Biskuitrolle/Biskuitroulade, ungefüllt",Sponge cake roll unfilled,289,33.92,10.92,5.74,47.76,1.47,1.1,95,35,27.978,1.52,213
T124182,Gelbflossen-Thun gebraten ohne Fett (Pfanne),Yellowfin tuna fried without fat (pan),121,68.6,29,0.55,0.0,0,2.9,51,5,0.0,0.192,49
D615000,Löffelbiskuits glutenfrei,Sponge fingers gluten-free,408,6.3,11.666,7.884,72.437,0.397,1.6,286,51,38.37,2.13,305
B710600,Dinkelbrot mit Kürbiskernen,Spelt bread with pumpkin seeds,248,40,9.57,4.02,41.0,4.92,0,455,15.1,0.392,0.84,0
T033600,Dornhai geräuchert,Piked dogfish smoked,195,69.324,13.602,15.653,0.0,0,4.3,18,6,0.0,5.063,25
G332152,Rosenkohl gedünstet,Brussels sprouts stewed,41,82.4,4.541,0.347,2.3,4.5,0,9,36,1.61,0.0522,0
D702000,Baklava,"""Baklava"" filled puff pastry",561,4.1,8.16,38,44.8,3.6,0.043,33,40,27.44,13.36,47
X880113,Reis gedünstet mit Pfifferlingen,Rice stewed with chanterelles,141,67,3.86,4.5,20.2,2.1,0,209,6,0.57,0.4,0.087
F202152,Nektarine gedünstet,Nectarine stewed,53,85,1.2,0.2,10.4,1.9,0,0.6,9,9.3,0,0
G343162,Wirsing gebacken,Savoy cabbage baked,43,86.4,3.269,0.376,4.7,3.3,0,11,75.555,4.0,0.067,0
X351440,Salatmarinade mit Meerrettich,Salad marinade with horseradish,352,56.4,1.21,36.71,2.0,0.3,0.031,230,37,1.84,7.41,28
E612000,"Teigwaren eifrei, glutenfrei, roh","Pasta egg-free, gluten-free, raw",343,10.37,8.416,2.22,68.7,7.362,0,2,15,1.09,0.3,0
V250132,"Wildschwein Fleisch, gekocht","Wild boar meat, boiled",224,57.835,29.405,11.81,0.0,0,0.34,90,12.6,0.0,4.125,99.4
B406500,Vollkornbrötchen mit Sonnenblumenkernen,Wholemeal roll with sunflower seeds,295,26.5,10.7,5.68,45.0,10.24,0,541,33,1.7,1.11,0
X532043,"Broccoli gedünstet, mit gerösteten Mandelblättchen","Broccoli stewed, with roasted almond flakes",112,76.9,4.9,8.294,2.5,3.8,0,109,57,1.58,0.71,0.098
X880213,Gemüsereis mit Wurzelgemüse und Käse,Rice with root vegetables and cheese,134,70,3.8,4.6,18.0,2.2,0.02,238,61,2.3,0.9,2.4
V444200,"Poularde Fleisch, mit Haut, tiefgefroren","Poulard meat, with skin, deep-frozen",175,68.5,19,11,0.0,0,1.5,39,11.1,0.0,2.4,85.36
K706400,Butterpilz getrocknet,Brown-yellow boletus (slippery jack) dried,253,10.5,20.491,2.895,26.29,36.029,0,48,201,4.262,0.514,0
X556243,Tomaten gefüllt mit Oliven und Schafskäse überbacken,"Tomatoes filled with olives and sheep's milk cheese, gratinated",180,72,6.43,15.6,2.37,1.2,0,530,113,2.36,6.72,26.2
X810033,"Milchreis gesüßt, mit Milch 3,5 % Fett","Rice pudding sweetened, with milk 3.5 % fat",140,67.8,4.89,3.22,22.4,0.6,0,43,104.6,5.35,1.983,12.3
T791200,Große Sandklaffmuschel tiefgefroren,Softshell clam deep-frozen,54,83.1,10.5,1.31,0.0,0,8,121,11.6,0.0,0.256,66
D071000,"Ausbackteig (mit Milch) gesüßt, roh","Frying batter (with milk) sweetened, raw",227,54.1,7,9.6,27.36,1.71,0,55,63,4.26,1.93,87
P9B1000,"Cocktail, Campari-Orange","Cocktail, Campari-orange",74,85.6,0.3,0,9.4,0.127,0,7,12,9.4,0,0
X711512,"Eier-Frischteigwaren Spätzle, selbstgemacht, roh","Fresh egg pasta spaetzle, homemade, raw",220,48.6,9.3,3.93,35.54,2.62,1,321,26,0.251,1,136
W343000,Blutwurst-Grundmasse,Blood sausage meat,164,66.9,23.28,7.73,0.36,0.1,0.23,800,12,0.23,2.58,45
T410132,Lachs pochiert,Salmon poached,187,68.309,19.9,11.947,0.0,0,5.1,37.4,15,0.0,2.558,77.7
U624172,Schwein Kotelett (Rücken/caudal) gegrillt,Pork loin (caudal part) grilled,151,65.02,30.98,2.99,0.0,0,0,54,3.6,0.0,0.971,67.9
U020200,"Schwein Hackfleisch, tiefgefroren","Pork mince, deep-frozen",271,59.25,17.88,22.14,0.0,0,0.29,52.7,3.8,0.0,7.391,57.72
D431500,Baumkuchen/Grillkuchen/Schichtkuchen (Rührmasse),Layer cake (cake batter),462,17,6.2,27.38,46.3,2.58,1,122,31,30.3,15.27,162
T311182,Flunder gebraten ohne Fett (Pfanne),Flounder fried without fat (pan),103,77.9,19.6,2.69,0.0,0,5,170,74,0.0,0.621,60
W288132,Geflügelmortadella gekocht,Poultry mortadella boiled,203,67.09,11.716,16.681,0.008,0.47,0,759,15.02,0.0,6.392,76.5
D540400,Quarkstrudel (Strudelteig),Quark strudel (strudel dough),300,38.6,11.1,12.6,34.1,1.9,0,47,94,13.0,7.4,89
D733100,Nusstaler (Mürbeteig),Nut rounds (shortcrust pastry),525,6,8.14,31.47,50.5,3.4,0.2,76,44,19.069,12.34,77
X710213,Milchnudeln (Teigwaren eifrei) mit Rosinen,"Pasta egg-free, boiled with milk and raisins",165,62.1,5.7,4.9,23.9,0.9,0.03,87,111,10.8,3.1,16
K440132,Yamswurzel gekocht,Yam boiled,120,67.9,1.6,0.2,26.8,2.3,0,<LOQ,3,1.9,0.046,0
V614182,"Hähnchen Herz, gebraten ohne Fett (Pfanne)","Chicken heart, fried without fat (pan)",270,54.01,27.89,17.66,0.0,0,1.4,194,11.3,0.0,4.402,358
U891162,"Schaf Hinterhaxe, mager, gebraten ohne Fett (Ofen)","Sheep hindshank, lean, fried without fat (oven)",143,67,27.3,3.77,0.0,0,0,98,6,0.0,1.184,87
V513800,"Schwein Herz, Kochpökelware","Pork heart, cooked cured",170,64.2,26.351,6.83,0.797,0,0.33,700,7.6,0.797,2.56,116.91
Y883340,Schwarzwaldbecher mit Quark (mit Alkohol),"Quarkdish with sour cherries, chocolate and cherry brandy",186,65.5,5.29,9.94,16.1,0.97,0.08,28,62,15.7,5.49,20.6
D039000,Zwieback glutenfrei,Rusk gluten-free,406,3.9,2.1,6.4,84.0,2.1,0,220,11,6.1,2.742,0
V515142,"Lamm Herz, geschmort ohne Fett","Lamb heart, braised without fat",219,58.9,31.5,10.3,0.0,0,0,132,9,0.0,4.4,245
B8B2000,Roggenknusperbrot,Rye crackerbread,354,6,9.5,2.8,66.4,12.45,0,530,40,4.8,0.3,0.3
U741162,"Schaf Schnitzel (Keule, mager) gebraten ohne Fett (Ofen)","Sheep schnitzel (leg, lean) fried without fat (oven)",161,64.3,29.8,4.67,0.0,0,0,76,16,0.0,2.22,89
K702400,Trüffel getrocknet,Black truffle (Perigord black truffle) dried,243,10.5,27.521,1.694,2.0,54.923,0,256,80,2.0,0.299,0
C218032,"Weichweizen Grieß, gekocht","Soft wheat semolina, boiled",39,94.07,1.17,0.1,8.04,0.44,0,0.1,1.6,0.08315,0.01,0
X551343,Auberginen mit Tomaten gedünstet,Aubergines with tomatoes stewed,55,89,0.888,3.647,3.6,1.6,0,190,12,3.5,0.28,0.072
X518412,Karotten und Erbsen gedünstet (mit Fett und Salz),Carrots and peas stewed (with fat and salt),76,84.9,2.4,3.33,7.333,3.1,0,90,21,3.619,0.29,0.062
T415152,Königslachs gedünstet,Chinook salmon stewed,163,72.54,17.355,10.419,0.0,0,3.5,47,30,0.0,2.4,65
X416713,Gemüsesuppe,Vegetable soup,25,94,0.9,1.3,1.9,0.9,0,240,13,1.7,0.1,0.021
U351142,Kalb Gulasch (Bug) geschmort ohne Fett,Veal goulash (shoulder) braised without fat,113,71.608,25.881,1.049,0.0,0,0.416,68,16,0.0,0.44,82
S141000,Schoko-Nuss-Creme,Chocolate-nut cream,581,1.9,10.686,43.397,35.4,2.586,0.124,50,173,34.778,10.005,7.1
U532172,"Schwein Kammsteak, gegrillt",Pork steak (neck) grilled,226,59.83,25.26,13.89,0.0,0,0.31,66.9,3.8,0.0,5.16,86.44
T105172,Sardine gegrillt,Sardine grilled,201,64.9,26.044,10.72,0.0,0,5.41,186,68,0.0,2.4047,70
G510172,Aubergine gegrillt,Aubergine grilled,38,87.4,1.117,0.36,6.04,2.8,0,8,16,5.38,0.078,0
G220152,Bleichsellerie gedünstet,Stalk celery stewed,16,95.6,1.081,0.1,1.5,2.3,0,70,36,1.4,0,0
Y161212,Rinderbraten ohne Sauce,Beef roast without sauce,228,56.9,27.9,12.9,0.02,0.01,0.479,248,5.8,0.0,3.61,80
U831172,"Schaf Hals/Kamm/Nacken, gegrillt","Sheep scrag, grilled",256,55.2,26.3,16.77,0.0,0,-,92,26,0.0,8,105
T604600,"Katfisch/Steinbeißer, geräuchert","Catfish/wolffish, smoked",124,71.2,23,3.58,0.0,0,0.6,701,23,0.0,0.638,35.5
X572312,Mais (Zuckermais) gedünstet (mit Fett und Salz),Sweetcorn stewed (with fat and salt),79,78,2.691,3.643,7.8,2.3,0,66,4,2.91,0.32,0.055
S142100,Apfelkraut (ohne Zuckerzusatz),"Apple butter, unsweetened",205,43.45,1.5,1.7,41.1,8.9,0,3,17,37.1,0.68,0
T305262,"Goldbutt/Scholle, tiefgefroren, gebraten ohne Fett (Ofen)","Plaice deep-frozen, fried without fat (oven)",112,71.678,24.344,1.65,0.0,0,7,195,27,0.0,0.275,103
V481200,"Pute Fleisch, ohne Haut, tiefgefroren","Turkey meat, without skin, deep-frozen",102,74.7,20.5,2.2,0.0,0,0.3,93,10,0.0,0.623,71.9
B6A4100,Mehrkornvollkornknäckebrot mit Ölsamen,Multigrain wholemeal crispbread with oilseeds,415,6,15.8,17.1,43.0,12.8,0,716,89,1.3,2.1,0.0025
Y311712,Schweinelende gebraten im Ofen (mit Fett und Salz),Pork tenderloin fried in oven (with fat and salt),139,68.3,26.06,3.57,0.57,0.1,0,179,8,0.57,0.87,70.29
B6A1000,Weizenknäckebrot mit Sesam,Wheat crispbread with sesame seeds,405,6,14.5,9.43,62.0,7.12,0,474,106,1.115,2.05,0
X359253,Senfmarinade für Salat,Mustard marinade for salad,542,36,0.66,58.73,0.3,1,0,613,14,0.3,4.21,1.193
V050182,Schnecken gebraten ohne Fett (Pfanne),"Snails edible/escargots, fried without fat (pan)",73,79.5,15.5,1.227,0.0,0,0,79,11,0.0,0.219,56
D0A2100,Schoko-Mandelbiskuitboden,Chocolate-almond sponge cake base,389,22,13.934,20.314,35.6,3.8,0.8,108,56,35.281,2.7,163
D655400,Dicker Honigkuchen,Thick gingerbread cake,398,6.9,7.21,8.64,71.0,3.4,0.1,21,22,41.8,2.4,18
E530000,Vollkorneierteigwaren roh,Wholemeal egg pasta raw,353,9.45,14.11,2.69,61.95,12.3,0.2,17,39,0.779,0.468,35
D630500,Butterkekse/Butterplätzchen (Mürbeteig) schokoliert,"Shortbread biscuits, with chocolate icing",518,2.1,6.78,28.1,58.24,2.48,0.01,168.3,134.2,42.37,16.97,20.9
B106800,Vollkornbrot mit Nüssen,Wholemeal bread with nuts,232,41,7.62,4.23,36.0,9.9,0,458,30,0.94,0.401,0
X9A6060,"Pfannkuchenteig/Eierkuchenteig, ungesüßt, mit Milch 3,5 % Fett, roh","Pankcake dough unsweetened, with milk 3.5 % fat, raw",164,63.6,7.5,4.72,22.03,1.48,1,77,73,2.08,1.84,119
X556812,Tomaten gedünstet (mit Fett und Salz),Tomatoes stewed (with fat and salt),47,90.3,1.17,2.26,4.37,1.5,0,107,13,3.59,0.17,0.044
U754182,Schaf Gulasch (Hals/Kamm/Nacken) gebraten ohne Fett (Pfanne),Sheep goulash (scrag) fried without fat (pan),227,59.1,25.3,14,0.0,0,-,82,24,0.0,6.71,101
H130800,Haselnussmus,Hazelnut butter (100 % pure),669,5.6,16.414,63.939,4.3,5.4,0,0,151,3.889,5.32,0
C552000,Mehrkornflocken,Multigrain flakes,326,12.3,11.569,3.071,57.2,11.6,0,8,35,1.231,0.623,0
B629000,Knusperbrot glutenfrei,Crackerbread gluten-free,351,8,7.958,1.606,73.6,5.265,0,567,13,2.22,0.236,0
M2A7200,"Milchmischgetränk 1,5 % Fett, mit Kaffee, gesüßt","Milk drink 1.5 % fat, with coffee, sweetened",54,86.3,2.85,1.2,7.9,0.203,0,30,96,7.84,0.7,5
V475162,"Gans Schenkel, mit Haut, gebraten ohne Fett (Ofen)","Goose leg, with skin, fried without fat (oven)",203,64.89,25.62,11.122,0.0,0,0.22,99.4,8,0.0,3.128,150.5
W115200,Westfälische grobe Mettwurst,Westphalian coarse Mettwurst sausage spreadable,326,50.7,16.65,28.75,0.14,0.08,0.41,1300,5.2,0.0,10.8,57.56
S580600,"Schokolade weiß, mit Getreideflakes","Chocolate white, with cornflakes",533,1.5,6.26,29.98,59.16,0.84,0.03,109.2,205.8,50.63,17.33,11.2
X535043,Kohlrabi gedünstet (mit Fett und Salz) mit Petersilie,Kohlrabi stewed (with fat and salt) with parsley,80,86,1.73,6.3,3.41,1.3,0,139,52,3.25,0.5,0.127
T403152,Bachsaibling gedünstet,Brook trout stewed,99,78.1,18.9,2.6,0.0,0,9.1,46,30,0.0,0.568,71
W511000,"Kasseler Kamm, Kochpökelware, geräuchert","Pork neck, cooked cured, smoked",154,68.2,20.9,7.5,0.611,0,0.22,700,6,0.611,3.166,79.67
T612152,Schwertfisch gedünstet,Swordfish stewed,96,76.71,17.321,2.96,0.0,0,2.12,103,12,0.0,0.556,46
Q6A7100,"Mischfett mit überwiegend Milchfett, gesalzen","Mixed fat spread, mainly milk fat, salted",640,26.1,0.58,70.53,0.638,0,0.18,407.5,29.1,0.638,34.69,143.72
T406600,"Felchen/Maräne/Renke/Schnäpel, geräuchert",Whitefishes smoked,122,72,22.266,3.465,0.0,0,9,160,68,0.0,0.745,60
T209182,Seehecht gebraten ohne Fett (Pfanne),Hake fried without fat (pan),101,75.52,20.425,2.17,0.0,0,-,107,51,0.0,0.38,43
Y610412,Heringsfilet gegrillt,Herring fillet grilled,171,75.2,18.2,10.885,0.0,0,17,222,56,0.0,2.54,65
U421162,"Kalb Rücken, gebraten ohne Fett (Ofen)","Veal loin, fried without fat (oven)",134,68.535,27.114,2.832,0.0,0,0.378,101,17,0.0,1.186,95
T617200,Schafskopf (Meerbrasse) tiefgefroren,Sheepshead deep-frozen,102,78,20.2,2.41,0.0,0,2.9,71,21,0.0,0.596,50
G332200,Rosenkohl tiefgefroren,Brussels sprouts deep-frozen,45,81.2,4.944,0.378,2.51,4.9,0,10,38,1.76,0.0568,0
Y583212,"Putenschnitzel natur, gebraten",Turkey schnitzel fried,152,63.8,31.472,2.923,0.0,0,0.15,148,6.1,0.0,0.58,59
B6A3100,Roggenvollkornknäckebrot mit Sesam,Wholemeal rye crispbread with sesame seeds,350,6,10.48,6.04,53.81,19.07,0,520,110,1.836,0.855,0
X9A2000,"Hirsebrei gesüßt, mit Milch 3,5 % Fett","Millet porridge sweetened, with milk 3.5 % fat",143,67.5,5.86,4.08,20.31,0.65,0,44,117.6,7.02,2.32,13.8
G543042,"Gemüsepaprika rot, geschmort ohne Fett","Sweet pepper red, braised without fat",40,91,1.115,0.218,6.8,2.418,0,1.36,9,6.8,0.0352,0
S242200,Karamelleis,Caramel ice cream,184,63.9,4.1,8.78,22.16,0.005,1,37,87,21.69,4.19,122
V417162,"Hähnchen Flügel, mit Haut, gebraten ohne Fett (Ofen)","Chicken wings, with skin, fried without fat (oven)",226,60.63,24.77,14.13,0.0,0,0.34,102.7,13,0.0,3.052,148.6
T601400,"Barsch/Flussbarsch, gesalzen",European perch salted,89,74.7,20.6,0.7,0.0,0,3.6,903,138,0.0,0.115,90
V354142,"Wachtel Fleisch, ohne Haut, geschmort ohne Fett","Quail meat, without skin, braised without fat",184,55.2,36.5,4.28,0.0,0,0.3,37,20,0.0,1.23,127
T124200,Gelbflossen-Thun tiefgefroren,Yellowfin tuna deep-frozen,102,73.3,24.4,0.49,0.0,0,2.7,48,4,0.0,0.172,39
X432342,"Flädle/Frittaten/Suppenpfannkuchen, gebraten","""Flädle"" fried strips of crepe as soup garnish",253,51.3,8.53,12.69,25.28,1.69,0.4,110,85,2.52,2.3,97
X611143,Bouillonkartoffeln (mit Fleischbrühe),Bouillon potatoes (with meat stock),59,85,1.48,0.1,12.595,1.014,0,65,8,0.636,0.0096,0
X523512,Mangold gedünstet (mit Fett und Salz),Chard stewed (with fat and salt),62,87.1,1.87,5.226,0.881,1.8,0,327.8,77.7,0.697,0.39,0.103
H511900,"Oliven grün, gefüllt mit Mandeln, gesäuert, abgetropft","Olives green, filled with almonds, pickled, drained",206,56.6,5.012,19.5,0.69,3.7,0,1389,53,0.654,2.65,0
G570162,Zuckermais gebacken,Sweetcorn baked,79,73,3.859,1.447,11.1,3.3,0,2,2.616,3.99,0.194,0
X5A3000,"Gemüsemischung Kaisergemüse, gekocht (ohne Sauce)",Vegetable mix boiled (without sauce),31,90.8,1.988,0.366,3.9,2.6,0,110,27,2.74,0.073,0
U543162,Schwein Schnitzel (Nuss) gebraten ohne Fett (Ofen),Pork schnitzel (thick flank) fried without fat (oven),134,69.51,27.58,2.59,0.0,0,0,59.4,4.4,0.0,0.78,76.13
U727182,"Lamm Kotelett, gebraten ohne Fett (Pfanne)",Lamb chop (loin) fried without fat (pan),253,57.344,24.075,17.425,0.0,0,0,70,5,0.0,7.948,95
T797132,Venusmuschel gekocht,Venus clam boiled,73,79.2,13.8,1.2,1.8,0,0,350,49,0.0,0.23,38
H861062,Tofu gebacken,Tofu baked,160,64.156,21.542,7.819,0.0,1.806,0,18,254,0.0,1.283,0
P9B3000,"Cocktail, Campari-Tonic","Cocktail, Campari-tonic",47,91.3,0,0,6.3,0,0,5,5,6.3,0,0
V217200,"Hirsch Rücken, tiefgefroren","Venison saddle, deep-frozen",112,74.7,20.6,3.34,0.0,0,0.4,63,10.3,0.0,1.268,65
U482162,"Kalb Keule, gebraten ohne Fett (Ofen)","Veal round, fried without fat (oven)",114,69.648,26.854,0.778,0.0,0,0.378,93,17,0.0,0.326,78
X432252,"Teigwaren eifrei (mit Salz gekocht), Suppeneinlage",Pasta egg-free (boiled with salt) as soup garnish,145,61.2,5.4,0.7,28.596,1.489,0,50.7,11.7,0.838,0.101,0
M200200,"Milchmischgetränk 1,5 % Fett, aromatisiert, gesüßt","Milk drink 1.5 % fat, flavoured, sweetened",58,86,3.35,1.48,7.71,0,0,34,116.2,7.71,0.973,6
G480182,Speisezwiebel gebraten ohne Fett (Pfanne),Onion fried without fat (pan),53,84.2,1.835,0.238,9.54,2.2,0,14,40,9.54,0.0398,0
G343142,Wirsing geschmort ohne Fett,Savoy cabbage braised without fat,65,79.5,4.913,0.566,7.3,5,0,16,113.535,6.2,0.101,0
V604100,"Hähnchen Innereien, roh","Chicken giblets, raw",106,78.56,16.61,4.37,0.0,0,0.5,103.2,6.6,0.0,1.204,270
T406200,"Felchen/Maräne/Renke/Schnäpel, tiefgefroren",Whitefishes deep-frozen,113,74,20.625,3.21,0.0,0,7.9,148,60,0.0,0.69,56
T417400,Wildlachs gesalzen,Pacific salmon salted,207,61.7,22.127,13.145,0.0,0,4.7,1218,21,0.0,2.814,69
U733200,"Schaf Filetsteak, tiefgefroren","Sheep fillet steak, deep-frozen",118,73.09,22.79,2.97,0.0,0,0,49,4.9,0.0,1.35,58.63
S421000,Marzipan Rohmasse,Marzipan raw paste,415,11.42,8,24.9,37.21,4.988,0,5,43,37.077,2.16,0
P5A2000,Fruchtsahnelikör,Fruit cream liqueur,242,49.1,0.3,3.17,29.0,0,0.009,28,15,29.0,1.688,8.4
E811000,"Frischteigwaren eifrei, roh","Fresh pasta egg-free, raw",145,66.1,6.2,2.65,23.19,1.6,0,422,15,0.61,0.3,0
U672200,"Schwein Vordereisbein/Vorderhaxe, tiefgefroren",Pork foreshank (hock) deep-frozen,200,65.42,22.99,12.06,0.0,0,0.28,100.5,5.8,0.0,3.822,78.73
T604152,"Katfisch/Steinbeißer, gedünstet","Catfish/wolffish, stewed",75,82.08,14.107,2.03,0.0,0,0.5,106,24,0.0,0.484,39.2
U235132,"Rind Hochrippe, gekocht","Beef forerib/prime rib, boiled",181,64.306,26.049,8.504,0.0,0,0.423,40,4.952,0.0,3.819,65.8
S582400,Teigschnitte gefüllt mit Milchcreme,Sponge cake slice filled with milk cream,421,27,8,27.8,34.0,1.11,0,242,202,24.4,13.6,45
D433200,Quarknapfkuchen (Rührmasse),Quark ring cake (cake batter),376,22,8.5,16.1,47.7,2.6,0.2,213,52,26.9,8.2,68
U255132,"Rind Brustkern/Mittelbrust, gekocht","Beef brisket/centre cut, boiled",269,53.944,27.878,17.491,0.0,0,0.5,57,11.9,0.0,8.1,117
K724152,Shiitakepilz gedünstet,Shiitake mushroom stewed,42,85.7,3.5,0.3,3.35,5.87,0,1.41,1.41,3.35,0,0
B8B5000,Weizenknusperbrot (mit Butter),Wheat crackerbread (made with butter),398,6,11.93,5.81,71.8,5.28,0.038,123,42,1.448,3.14,12
B416800,Weizenvollkornbrötchen mit Nüssen,Wholemeal wheat roll with nuts,304,26.5,10.7,6.84,45.0,9.4,0,541,34,1.4,1.188,0
D463100,Dresdner Stollen (Hefeteig) mit Alkohol,Dresden stollen (yeast dough) with alcohol,388,25.04,6.3,17.6,46.2,7.6,0.038,280.1,122.6,34.0,10.7,22.5
Y235022,Kalbssteak gebraten (mit Fett und Salz),Veal steak fried (with fat and salt),124,72.4,22,3.97,0.01,0.01,0.307,188,14,0.0,1.18,77
X5A8000,Grüne Bohnen gekocht,Green beans boiled,28,90.5,2.161,0.232,3.4,1.886,0,88.7,66,2.19,0.068,0
G220142,Bleichsellerie geschmort ohne Fett,Stalk celery braised without fat,18,94.4,1.305,0.1,1.7,2.805,0,85,44,1.6,0,0
T793182,"Pilgermuschel/Jakobsmuschel, gebraten ohne Fett (Pfanne)",Scallop fried without fat (pan),68,78.999,16.652,0.112,0.0,0,8,283,29,0.0,0.034,117
W010000,"Mürbeteig für Fleisch-/Wurstpasteten, roh","Shortcrust pastry for meat/sausage pate, raw",393,29.1,6.4,22.75,39.24,2.89,0.1,386,14,0.33,14.21,67
V654200,"Hähnchen Magen, tiefgefroren","Chicken stomach, deep-frozen",82,81.21,15.9,2,0.0,0,0.1,81.8,8.6,0.0,0.576,180.1
T512182,Schleie gebraten ohne Fett (Pfanne),Tench fried without fat (pan),92,72.979,21.019,0.832,0.0,0,-,35,79,0.0,0.236,94
Y121032,Rinderkotelett gebraten,Beef chop fried,190,64,30.12,7.62,0.03,0.4,0.39,292,5.2,0.03,2.57,67.6
U109182,"Rind Ochsenschwanz, gebraten ohne Fett (Pfanne)","Beef oxtail, fried without fat (pan)",263,53.4,30.1,15.8,0.0,0,0.418,138,16,0.0,7.174,93
Y880312,Quarkspeise mit Ananas,Quark dish with pineapple,121,75.2,5.95,5.06,12.33,0.29,0.013,36,87,12.33,2.751,15.6
F552600,Kapstachelbeersaft/Physalissaft,Cape gooseberry juice,68,86.609,2.07,0.88,12.712,0.246,0,1.4,12,12.712,0.08,0
X547063,"Lauch/Porree, gedünstet (mit Fett und Salz)",Leek stewed (with fat and salt),89,84,2.27,6.04,5.0,2.3,0,276.1,45,4.0,0.45,0.12
F212152,Sauerkirsche gedünstet,Sour cherry stewed,80,82.4,1.034,0.575,15.799,1.3,0,1,10.3,14.65,0.127,0
G350182,Romanesco gebraten ohne Fett (Pfanne),Romanesco broccoli fried without fat (pan),71,79.7,4.848,0.56,10.65,5.8,0,24,48,4.32,0.084,0
Y422032,"Lammkotelett natur, gebraten",Lamb chop fried,291,52.7,23.98,21.69,0.03,0.02,0,241,5,0.0,7.92,94
N257000,Fruchtsaftschorle Orange,Orange juice spritzer,24,93.5,0.435,0,4.931,0.18,0,2,16,4.931,0,0
U121172,Rind Kotelett (Rücken) gegrillt,Beef chop (loin) grilled,151,72,26.283,5.101,0.0,0,0.376,57,3.891,0.0,2.228,59.1
X431242,"Eierstich, Suppeneinlage",Custard royale (diced egg custard) as soup garnish,101,81.8,7.75,6.86,2.1,0,0.8,238,85,2.1,2.858,171
X330043,Grundsauce dunkel/braun (von Fleischbrühe),Basic sauce brown (from meat stock),76,85,1.14,5.4,5.53,0.42,0,257,4,0.02043,0.4,0.098
E131132,Entenei gekocht,Duck egg boiled,182,70.9,12.8,14.4,0.34,0,5,100,63,0.34,3.852,852
M863000,"Obatzter/Obazda, Käsezubereitung 60 % Fett i. Tr.",Obatzter/Obazda (Bavarian cheese spread) 60 % fat in dry matter,298,56.6,11.64,27.19,1.53,0.1,0.05,599,325,1.46,17.476,81
X9A4020,"Pfannkuchen/Eierkuchen, ungesüßt, mit Milch 3,5 % Fett, gebraten in Butter","Pancakes unsweetened, with milk 3.5 % fat, fried in butter",255,48,8.43,10.68,30.2,2.04,0.3,133,83,2.55,5.49,90
U533182,"Schwein Schmetterlingssteak, gebraten ohne Fett (Pfanne)",Pork steak (loin) fried without fat (pan),162,66.3,26.6,6.2,0.0,0,0,46.5,3.9,0.0,2.3,61.96
B521000,Roggenbrötchen,Rye roll,273,29.755,8.27,2.87,49.0,8.81,0,567,24.8,0.8205,0.85,0
U881200,"Schaf Keule, mager, tiefgefroren","Sheep leg, lean, deep-frozen",128,72.2,22.6,4.2,0.0,0,0,64,13,0.0,2,64
G583132,Chayote gekocht,Chayote boiled,34,93.39,0.76,0.098,5.69,3.467,0,2,13.9,5.0,0.025,0
V435132,"Suppenhuhn Schenkel, mit Haut, gekocht","Boiling fowl leg, with skin, boiled",226,61.388,22.5,15.088,0.0,0,0.2,34.9,13,0.0,3.339,115.35
Y846150,Erdbeerschaum (mit Sahne),Strawberry mousse,145,70.8,1.9,6.323,19.236,1,0.018,27,25,19.208,3.279,16.3
F224152,Mirabelle gedünstet,Mirabelle plum stewed,85,79.3,0.839,0.23,19.287,2,0,0,14,16.287,0.03,0
T730200,Hummer tiefgefroren,Lobster deep-frozen,81,79.8,15.9,1.9,0.0,0,-,270,61,0.0,0.2397,88.8
D7A2200,Erdnussplätzchen (Mürbeteig),Peanut biscuits (shortcrust pastry),492,6,10.4,25,54.5,3.5,0.2,186,24,19.8,11.1,73
N410300,"Kaffee (Getränk) mit Milch 3,5 % Fett und Zucker",Coffee (infusion) with milk 3.5 % fat and sugar,10,96.1,0.23,0.11,1.93,0.29831,0,5,10.5,1.93,0.072,0.5
Y446123,Lammcurry,Lamb curry (with sauce),333,48,22.72,26.3,1.2,0.4,0.013,260,39,1.2,10.39,97
Y135432,Rindersteak gegrillt,Beef steak grilled,180,67.5,25.92,8.46,0.01,0.01,0.392,183,4.7,0.0,2.42,64.8
V544132,"Schaf Lunge, gekocht","Sheep lungs, boiled",88,80.4,16.7,2.3,0.0,0,-,105,9,0.0,0.7,-
D710200,Löffelbiskuits,Sponge fingers,399,6.3,12.59,6.5,71.5,1.93,1.2,252,41,33.18,1.71,240
W191000,Landjäger,"Landjäger sausage raw, small, firm",364,42.2,22.33,30.52,0.033,0,0.5,1500,14.1,0.014,11.82,88
G614132,"Weiße Rübe/Wasserrübe/Herbstrübe, gekocht",Turnip boiled,39,90.58,0.958,0.213,6.37,3.49,0,51,45.6,5.49,0.029,0
W144000,"Salami Italienische Art, mit Lammfleisch","Salami Italian-type, with lamb meat",353,44.1,22.36,29.14,0.23,0.13,0.5,1500,8,0.0,11.1,80
M2R8300,"Joghurt mind. 3,5 % Fett, mit Vanillezubereitung, gesüßt","Yogurt min. 3.5 % fat, with vanilla preparation, sweetened",94,79.3,3.51,3.05,12.5,0.01,0,36,98,11.64,2,7.91
H800400,"Mandeldrink gesüßt, aromatisiert, angereichert mit Vitaminen und Calcium","Almond drink sweetened, flavoured, fortified with vitamins and calcium",35,93.55,0.84,2.097,3.08,0.13,0,50,119,3.05,0.18,0
D614000,Müslikekse glutenfrei,Muesli biscuits gluten-free,432,13.3,5.992,20.219,55.2,2.815,0.4,37,51,29.481,9.76,100
X548912,Zwiebeln gedünstet (mit Fett und Salz),Onions stewed (with fat and salt),66,87,0.97,4.4,4.88,1.1,0,144,21,4.88,0.3,0.088
Y341013,Schweinegulasch mit Tomaten und Zwiebeln,Pork goulash with tomatoes and onions,111,76.6,13.27,4.71,3.29,0.9,0,154,14,3.29,0.9,36.17
V224100,"Reh Rücken, mariniert, roh","Roe deer saddle, marinated, raw",114,73,20.7,3.29,0.34,0.2,0.364,427,32,0.34,1.25,60
V485182,"Pute Keule, ohne Haut, gebraten ohne Fett (Pfanne)","Turkey leg, without skin, fried without fat (pan)",166,63.504,29.544,5.309,0.0,0,0.3,108,22,0.0,2.044,105.7
H120610,Walnuss geröstet ohne Fett,Walnut roasted without fat,734,2.7,16.07,72.041,3.0,4.7,0,0,89.1,2.735,6.648,0
X442043,Grundsuppe dunkel,Basic soup dark,47,90,0.84,3.4,3.23,0.24,0,289,4,0.01385,0.3,0.061
B111000,Weizenvollkornbrot,Wholemeal wheat bread,180,53,7.554,0.86,31.9,6.825,0,462,31.3,1.0,0.142,0
Y841263,Süßkirschkompott,Sweet cherry compote,93,76.7,0.686,0.236,21.5,1.4,0,1,12,20.23,0.053,0
H130400,Haselnuss gemahlen,Hazelnut ground,662,6.5,16.25,63.3,4.2,5.3,0,0,149,3.85,5.267,0
D085000,Wiener Tortenboden (hell),Viennese sponge cake base (light),362,27.88,8.45,15.46,46.75,1.04,0.9,78,30,26.822,8.19,198
U872200,"Schaf Vorderhaxe, mittelfett, tiefgefroren","Sheep foreshank, medium fat, deep-frozen",180,68,18.8,11.6,0.0,0,0,60,8,0.0,3.6,67
U452132,"Kalb Brust, gekocht","Veal breast, boiled",232,60.421,23.657,15.214,0.0,0,0.429,98,13,0.0,6.368,97
C327032,"Buchweizen Grütze, gekocht","Buckwheat groats, boiled",89,71.92,3.62,0.431,16.99,1.54,0,0,3,0.097,0.066,0
T506200,Wels tiefgefroren,European catfish deep-frozen,128,76.5,15.3,7.4,0.0,0,-,19,26,0.0,1.816,152
Y7A2020,Lachs-Dillcreme (mit Frischkäse),Salmon-cream cheese with dill weed,230,65.6,10.7,19.5,2.46,0,0.47,636,63,2.46,10.67,60.6
G660152,Knollensellerie gedünstet,Celeriac stewed,27,91.5,1.396,0.297,2.5,3.8,0,69,37,1.901,0.06,0
S155000,Apfeldicksaft,Apple syrup,302,17.6,0.665,0,72.619,2.127,0,41,34,65.758,0,0
D610600,Zuckerlis (Eiklarmasse),"""Zuckerlis"" almond meringue",434,10,12.996,21.721,43.9,5.7,0.4,100,56,34.63,2.87,77
V4A6182,"Hähnchen Brust, ohne Haut, gebraten ohne Fett (Pfanne)","Chicken breast, without skin, fried without fat (pan)",136,68.02,29.28,2.15,0.0,0,0.15,69.4,6.2,0.0,0.487,106.6
X8A1000,Brühreis (mit Gemüsebrühe),Boiled rice (with vegetable stock),142,65,3.15,1.3,28.9,0.9,0.002,236,5,0.5,0.8,2
W288182,Geflügelmortadella gebraten ohne Fett (Pfanne),Poultry mortadella fried without fat (pan),274,55.09,15.398,22.669,0.011,0.6,0,1035,21.49,0.0,8.688,98.5
U522800,"Schwein Stielkotelett, Kochpökelware",Pork chop (loin) cooked cured,135,73,18.01,6.84,0.438,0,0.09,700,5.7,0.438,2.305,50.49
U402000,"Kalb Fleisch, fett- und sehnenfrei (KA I) roh","Veal meat, fat and tendon free (KA I) raw",117,73.983,20.737,3.824,0.0,0,0.44,91,13,0.0,1.673,70
X880453,Curryreis,Curried rice,136,71.5,2.185,4.536,21.3,0.7,0,36.9,1.4,0.08,0.34,0.091
V484162,"Pute Fleisch, mit Haut, gebraten ohne Fett (Ofen)","Turkey meat, with skin, fried without fat (oven)",221,57.837,29.627,11.333,0.0,0,0.3,67,20,0.0,2.898,99
X5A6000,Artischocken gedünstet mit Orangensaft,Artichokes stewed with orange juice,63,84,1.56,3.4,3.5,5.6,0,203,34,3.5,0.3,0.068
T410072,Lachs gegrillt,Salmon grilled,206,64.669,22.944,12.649,0.0,0,4.5,37.5,13,0.0,2.707,68.6
V320200,"Rebhuhn Fleisch, tiefgefroren","Partridge meat, deep-frozen",248,55,35,12,0.0,0,0.3,100,45,0.0,3.9,85.36
N4A1000,"Kaffee (Getränk) mit Mandeldrink, ungesüßt","Coffee (infusion) with almond drink, unsweetened",2,98.1,0.14,0.072,0.006,0.31,0,5.6,7.2,0.006,0.006,0
C515600,"Cornflakes gesüßt, mit Zuckerglasur","Cornflakes sweetened, sugar frosted",383,5.72,4.62,0.54,88.35,3.165,0,298,2.4,35.41,0.073,0.3
X521043,"Spinat gedünstet, mit Sahne","Spinach stewed, with cream",85,83.3,2.388,7.307,1.46,2,0.006,173,92,1.27,1.49,5.6
V531182,"Rind Leber, gebraten ohne Fett (Pfanne)","Beef liver, fried without fat (pan)",159,63.256,22.812,4.575,6.625,0,2,123,7.2,0.0,1.434,321
T309282,"Seezunge tiefgefroren, gebraten ohne Fett (Pfanne)","Sole deep-frozen, fried without fat (pan)",86,79.425,19.831,0.788,0.0,0,5,122,21,0.0,0.129,62
V402162,"Baby-Pute Fleisch, mit Haut, gebraten ohne Fett (Ofen)","Young turkey meat, with skin, fried without fat (oven)",213,57.367,32.853,9.053,0.0,0,0.3,70,20,0.0,2.313,99
T061152,"Hornfisch/Hornhecht, gedünstet",Garfish stewed,96,78.6,17.2,3,0.0,0,4.86,62,92.9,0.0,0.603,100
U852132,"Schaf Brust, mittelfett, gekocht","Sheep breast, medium fat, boiled",239,54.4,28.6,13.8,0.0,0,0.492,79,10,0.0,6.4,116.9
V438132,"Suppenhuhn Innereien, gekocht","Boiling fowl giblets, boiled",204,60.3,25.2,11.51,0.0,0,0.96,72,12,0.0,3.02,375
Y562032,Hähnchenbrustfilet gebraten,Chicken breast fillet fried,145,65.9,30.73,2.44,0.0,0,0.15,156.2,6.2,0.0,0.35,91.7
Y638332,Steinbuttfilet pochiert (ohne Sauce),Turbot fillet poached (without sauce),67,83.8,13.454,1.487,0.0,0,5,150,18,0.0,0.261,26.4
X552153,Schmorgurken,Cucumbers braised,137,81.6,1.59,12.86,3.05,1,0.015,136,36,3.04,3.55,15.1
K701200,Champignon tiefgefroren,Button mushroom deep-frozen,36,88.5,4.58,0.342,3.6,2.4,0,49.08,7,0.2,0.0603,0
X423363,Rinderkraftbrühe mit Perlgraupen,Beef consomme with pearl barley,24,91,1.07,0.3,4.1,0.3,0,235,5,0.115,0.023,0
U221800,Rind Roastbeef (Rücken) Rohpökelware,Beef roastbeef (loin) raw cured,122,73.3,21.119,3.977,0.47,0,0.301,1800,3.1,0.47,1.736,43.3
B781600,Dinkelvollkornbaguette,Wholemeal spelt baguette,227,40,8.8,1.98,40.0,6.91,0,486,38,1.8,0.361,0
D076000,"Ausbackteig (mit Bier) ungesüßt, roh","Frying batter (with beer) unsweetened, raw",214,56.3,5.9,8.45,25.09,1.78,0,44,16,0.262,1.06,84
U563142,Schwein Roulade (Oberschale) geschmort ohne Fett,Pork meat for olives (topside) braised without fat,152,65.63,31.01,3.09,0.0,0,0,41.5,4.3,0.0,0.95,78.62
T615142,"Rotbarsch/Goldbarsch, gedämpft","Ocean perch/redfish, steamed",84,79.7,13.7,3.3,0.0,0,2.8,81,26,0.0,0.679,35.2
S538900,Vollmilchschokolade mit alkoholhaltiger Füllung,Whole milk chocolate with alcoholic filling,490,6.2,8.5,23.5,54.84,1.69,0.01,59,139,54.42,14.15,11.6
N540100,Zichorienkaffee (Getränk),Chicory coffee (infusion),6,98.2,0.129,0.03,0.97,0.543,0,5,7,0.144,0.002,0
U622800,Schwein Kotelett (Rücken/cranial) Kochpökelware,Pork loin (cranial part) cooked cured,135,73,18.01,6.84,0.438,0,0.09,700,5.7,0.438,2.305,50.49
X5A9000,"Karotten/Möhren, gekocht",Carrots boiled,40,88,0.837,0.399,6.53,3,0,125,22.3,6.429,0.0927,0
X5A7010,Kürbis gebacken,Pumpkin baked,69,91.5,1.26,3.23,6.66,3.92,0,148.2,11.3,5.83,0.25,0.063
D651300,Printen,"""Printen"" brown gingerbread biscuits",383,5,5.2,6.6,74.4,2.6,0.015,193,132,41.9,4.01,16
D730600,Spekulatius (Mürbeteig),"""Spekulatius"" spiced almond biscuits (shortcrust pastry)",486,8,8.73,25.41,53.9,3.5,0.2,86,23,19.723,13.24,87
K110143,"Kartoffel geschält, druckgedämpft","Potatoe peeled, pressure-steamed",81,76.63,2.08,0.04,17.353,1.7,0,1.8,7.5,0.873,0.0343,0
B551100,Weizenmischbrötchen mit Kürbiskernen,Wheat-rye roll (> 50 % and < 90 % wheat) with pumpkin seeds,304,26.5,10.1,5.16,51.0,6.1,0,542,20,1.7,1.22,0
V217142,"Hirsch Rücken, geschmort ohne Fett","Venison saddle, braised without fat",140,68.221,26.808,3.66,0.0,0,0.438,52,11.3,0.0,1.389,89
G345600,Gemüsesaft aus Sauerkraut,Sauerkraut juice,18,93.03,0.956,0.248,0.79,0.214,0,428,42,0.616,0.058,0
E112162,"Hühnerei Eigelb, gebacken","Chicken egg yolk, baked",414,41.5,18.4,37.711,0.253,0,8,63,180,0.253,10.24,1512
G570172,Zuckermais gegrillt,Sweetcorn grilled,72,75,3.456,1.323,10.1,3,0,2,2.391,3.65,0.178,0
K740152,Austernpilz gedünstet,Oyster mushroom stewed,45,84.96,4.66,0.31,1.78,8.239,0,8,17,1.56,0.0431,0
D073000,"Brandmasse/Brandteig, roh",Choux pastry raw,178,66.7,6.75,9.29,16.21,1.19,0.6,67,23,0.223,4.76,131
X356050,Quarkdressing,Quark dressing,63,83.7,8.35,1.15,3.61,0.01,0,184,114.1,3.59,0.76,5.18
T601600,"Barsch/Flussbarsch, geräuchert",European perch smoked,85,78,19.86,0.6,0.0,0,3.3,51,125,0.0,0.107,78
Y524233,Rehragout,Roe deer ragout,144,68,20,3.5,2.1,0.9,0.299,206,17,2.1,0.61,61
G760262,"Erbse grün, tiefgefroren, gebacken","Pea green, deep-frozen, baked",92,74.2,5.8,0.824,11.9,6.235,0,5,38,6.4,0.171,0
D041000,Erdnussflips,Peanut puffs,478,2.33,15.2,25,43.6,8.9,0,556,33,2.5,3.5,0.03
U861200,"Schaf Bug/Schulter, mager, tiefgefroren","Sheep shoulder, lean, deep-frozen",140,73.8,19.7,6.76,0.0,0,0.2,70,15,0.0,2.3,64
D730700,Käseplätzchen salzig (Mürbeteig),Shortcake cheese biscuits salted,527,17,14.4,40.54,25.1,1.83,0,113,419,0.315,25.71,167
B121400,Roggenvollkornbrot mit Sonnenblumenkernen,Wholemeal rye bread with sunflower seeds,208,43,6.44,3.01,33.0,11.41,0,437,28.8,1.092,0.33,0
G484152,Perlzwiebel gedünstet,Pearl onion stewed,33,89.9,1.133,0.147,5.89,1.4,0,9,25,5.89,0.024,0
G510142,Aubergine geschmort ohne Fett,Aubergine braised without fat,24,91.7,0.705,0.223,3.78,1.8,0,5,10,3.36,0.048,0
F116600,Apfelnektar mit Süßungsmitteln,Apple nectar with artificial sweeteners,22,94,0.048,0,5.294,0.155,0,5,5,4.794,0,0
V635182,"Ente Leber, gebraten ohne Fett (Pfanne)","Duck liver, fried without fat (pan)",173,61.5,26.1,6.82,1.765,0,0.95,135,16,0.0,2.1,757
K750400,Mischpilze getrocknet,Mixed mushrooms dried,257,10.5,26.8,2.2,16.5,38.86,0,38,80,7.42,0.325,0
Y8A8000,"Backteig gesüßt, mit Milch 3,5 % Fett, roh","Frying batter sweetened, with milk 3.5 % fat, raw",231,53,7.1,9.53,28.36,1.79,0,55,61,4.2,1.9,87
Y243132,Kalbfleischspieße gegrillt,Veal skewer grilled,96,76.7,10.8,3.2,5.1,0.9,0.161,239,19,5.1,0.44,30
D616000,Haselnussplätzchen glutenfrei,Hazelnut biscuits gluten-free,554,4.4,5.2,36.105,50.7,2.6,1,10,49,17.097,16.88,160
X9A6010,"Backteig ungesüßt, mit Milch 3,5 % Fett, roh","Frying batter unsweetened, with milk 3.5 % fat, raw",177,58,7.81,3.61,27.3,1.88,0.3,254,66,1.94,1.49,74
G332132,Rosenkohl gekocht,Brussels sprouts boiled,47,85.8,3.8,0.4,5.0,3.99,0,5,26,3.7,0.0434,0
V432132,"Suppenhuhn Fleisch, mit Haut, gekocht","Boiling fowl meat, with skin, boiled",246,58.005,24.485,16.419,0.0,0,0.2,37.9,14,0.0,5.258,125.53
T615600,"Rotbarsch/Goldbarsch, geräuchert","Ocean perch/redfish, smoked",145,68.4,23.8,5.5,0.0,0,3.3,553,25,0.0,1.033,32
X821212,"Reis poliert, gedünstet (mit Fett und Salz)",White rice stewed (with fat and salt),122,74.4,1.984,4.018,19.0,0.7,0,33,3,0.28,0.3,0.08
Y880040,"Quarkspeise einfach, mit Schokolade","Quark dish simple, with chocolate",117,72.4,7.47,2.77,15.01,0.32,0,31,109.6,14.9,1.72,7
S622300,Pralinen gefüllt mit Pfefferminzcreme,Pralines filled with peppermint cream,486,8.5,3.97,19.36,61.7,5.56,0,5.2,29.9,41.0,11.64,2
B314072,"Weizentoastbrot/Buttertoastbrot, getoastet","Wheat toast/butter toast, toasted",319,21.01,10.11,4.378,57.074,4.813,0,729,19.3,4.513,2.666,4.87
D793100,Müslikekse (Vollkornmürbeteig),Wholemeal muesli biscuits (shortcrust pastry),405,8,8.5,13.2,59.2,6.5,0.2,74,66,35.7,6,57
D026000,Vollkornzwieback,Wholemeal rusk,398,3.9,12.26,6.16,68.0,10.81,0,376,30.3,10.746,2.4,0.1
F545182,Kochbanane gebraten ohne Fett (Pfanne),Plantain fried without fat (pan),193,47.4,1.76,0.1,44.0,3.3,0,4,9,11.5,0.173,0
D6A4000,Florentiner (Mandelmasse),Florentine biscuits (almond mass),536,7.6,10.65,39.48,31.5,5.8,0.038,11,62,30.8,14.08,39
X8A1050,"Milchreis gesüßt, mit Mandeldrink","Rice pudding sweetened, with almond drink",138,68.1,3.57,3.17,23.3,1.1,0,43,15,1.7,0.29,0
Y292012,Kalbfleisch gekocht (mit Fett und Salz),Veal boiled (with fat and salt),305,50.2,25.058,22.719,0.0,0,0.44,335,12.6,0.0,8.16,96
B710900,Dinkelbrot mit Sonnenblumenkernen,Spelt bread with sunflower seeds,247,40,9.13,4.08,41.0,4.79,0,453,18.7,0.494,0.7,0
V468200,"Ente Innereien, tiefgefroren","Duck giblets, deep-frozen",154,69.8,17.9,9.21,0.0,0,0.68,77,10,0.0,2.42,240
U751182,"Schaf Gulasch (Bug, mager) gebraten ohne Fett (Pfanne)","Sheep goulash (shoulder, lean) fried without fat (pan)",182,64.5,27.5,7.95,0.0,0,0.2,88,20,0.0,2.72,94
S242500,"Speiseeis (Nuss, Schoko, Vanille) gemischt","Ice cream mixed (chocolate, vanilla, nut)",222,57.2,3.13,11.15,26.22,1.51,0,37.5,81.6,21.83,6.726,21.9
B256700,Weizenmischbrot mit Nüssen,Wheat-rye bread (> 50 % and < 90 % wheat) with nuts,243,41,7.5,4.07,41.0,6.4,0,459,24,0.698,0.39,0
K130362,"Pommes frites tiefgefroren, gebacken, gesalzen","Potato chips/french fries, deep-frozen, baked, salted",167,56.8,3.01,4.31,27.3,3.333,0,218.2,18.5,0.209,0.4,0
U403100,"Kalb Fleisch, geringer Sehnenanteil, sichtbarer Fettanteil max. 5 % (KA II) roh","Veal meat, low tendon content, visible fat content max. 5 % (KA II) raw",152,70.611,19.951,8.029,0.0,0,0.49,87,12,0.0,3.586,70
T313182,Rotzunge gebraten ohne Fett (Pfanne),Witch fried without fat (pan),84,79.01,18.406,1.12,0.0,0,5,129,36,0.0,0.161,19
D025000,Vollkornzwieback ungesüßt,Wholemeal rusk unsweetened,406,3.9,13.07,9.1,62.0,11.71,0,469,34.7,0.747,2.3,0.1
M2Q8320,"Milchmischgetränk 3,5 % Fett, mit Kakao/Schokolade, gesüßt, angereichert mit Vitaminen","Milk drink 3.5 % fat, with cocoa/chocolate, sweetened, fortified with vitamins",78,83.2,3.7,3.5,7.6,0.386,0,38,110,7.55,2.3,13.2
U255800,"Rind Brustkern/Mittelbrust, Rohpökelware","Beef brisket/centre cut, raw cured",184,64.3,17.484,12.506,0.47,0,0.301,1800,8.5,0.47,5.791,63
C532100,Vollmilchschokolade mit Puffreis und Crispies,Whole milk chocolate with puffed rice and crispies,522,1.4,6.55,29.56,56.3,2.5,0.02,66.7,165.8,43.24,17.61,14.4
V486162,"Pute Brust, ohne Haut, gebraten ohne Fett (Ofen)","Turkey breast, without skin, fried without fat (oven)",164,59.072,37.871,1.414,0.0,0,0.16,53,6.4,0.0,0.515,63
U867132,"Lamm Bug/Schulter, gekocht","Lamb shoulder, boiled",172,63.256,29.857,5.841,0.0,0,0.3,67,19,0.0,2.004,97
U382200,Kalb Kochfleisch (Brust) tiefgefroren,Veal meat for boiling (breast) deep-frozen,200,66.4,18.585,13.993,0.0,0,0.4,62,8.9,0.0,5.857,70
G482142,"Frühlingszwiebel/Lauchzwiebel, geschmort ohne Fett",Spring onion braised without fat,34,86,2.4,0.24,3.7,3.2,0,15,69,3.5,0.04,0
N410400,"Kaffee (Getränk) mit Kondensmilch 7,5 % Fett",Coffee (infusion) with evaporated milk 7.5 % fat,5,97.4,0.33,0.252,0.311,0.30378,0,7,15,0.311,0.138,0.7
U131182,Rind Steak (Rücken) gebraten ohne Fett (Pfanne),Beef steak (loin) fried without fat (pan),166,68.7,29.124,5.532,0.0,0,0.378,63,4.312,0.0,2.49,65.5
X532512,Broccoli gedünstet (mit Fett und Salz),Broccoli stewed (with fat and salt),82,81.9,3.738,5.64,2.4,3.1,0,187,45,1.43,0.48,0.104
G620162,"Karotte/Möhre, gebacken",Carrot baked,47,85.9,0.988,0.471,7.613,3.4,0,26.7,24.8,7.494,0.1094,0
G212152,Gemüseamaranth gedünstet,Chinese spinach stewed,22,87,2.62,0.35,0.98,1.9,0,21,229,0.79,0.092,0
V535182,"Lamm Leber, gebraten ohne Fett (Pfanne)","Lamb liver, fried without fat (pan)",144,69,22.2,5.59,1.1,0,0,65,6,0.0,1.72,431
S491000,Sesam-Krokant,Sesame brittle,488,7.7,10.657,25.704,44.7,5.702,0,24,399,32.9,3.851,0
F140152,Quitte gedünstet,Quince stewed,54,82.6,0.433,0.515,8.4,6.103,0,2,10.4,7.193,0.039,0
X574412,Dicke Bohnen gedünstet (mit Fett und Salz),Broad beans stewed (with fat and salt),92,80.4,4.5,4.9,5.1,4.8,0,147,20,1.0,0.42,0.091
G220132,Bleichsellerie gekocht,Stalk celery boiled,17,97.1,1.227,0.1,1.5,2.698,0,66,43,1.4,0,0
S570500,Bitterschokolade gefüllt mit Gewürzcreme,Dark chocolate with spice cream,531,9.7,7.15,39.78,32.1,8.07,0.02,12,63,29.4,24,24
N630500,Schwarztee (Getränk) mit Sahne 30 % Fett und Zucker,Black tea (infusion) with cream 30 % fat and sugar,17,96.482,0.076,1.038,1.907,0,0.003,3,7,1.907,0.552,2.8
X512053,Pfifferlinge gedünstet,Chanterelles stewed,97,78.1,4.61,7.3,1.5,3.7,0,170,20,1.1,1,3
Y720143,Rührei gebraten,Scrambled eggs fried,203,68.4,12.88,16.61,0.39,0.1,1.7,282,55,0.38,2.98,347
B8A5000,"Sauerteigbrot mit Kürbiskernen, glutenfrei","Sourdough bread with pumpkin seeds, gluten-free",234,47.1,9.1,7.4,30.6,4.2,0,401,16,1.0,1.2,0
Y221232,"Kalbskotelett natur, gebraten",Veal chop fried,138,69.4,24.449,4.414,0.0,0,0.341,200,15,0.0,1.31,85
X930512,"Buchweizenpfannkuchen ungesüßt, gebraten","Pancakes made from buckwheat flour, unsweetened, fried",259,46.9,7.51,10.8,31.53,2.68,0.2,73,18,0.461,1.03,46
T309252,"Seezunge tiefgefroren, gedünstet","Sole deep-frozen, stewed",66,84.512,14.911,0.667,0.0,0,5,116,20,0.0,0.11,60
Q993000,Salatmayonnaise (Fertigprodukt),Salad mayonnaise (ready-made product),490,39.7,0.4,50.751,7.295,0.028,0,515,8,4.891,4.2,36
D7B3000,"Butterkekse/Butterplätzchen, kakaohaltig (Mürbeteig)","Shortbread biscuits, containing cocoa",527,4,6.77,30.63,54.0,4.26,0.069,66,22,20.735,19.38,75
Q4B1000,Pflanzencreme zum Braten und Kochen,Vegetable fat cooking liquid,662,25.9,0,73.5,0.0,0,0,249.7,2,0.0,6.31,1.5
D657300,Pflastersteine,"""Pflastersteine"" thick convex gingerbread biscuits",430,2.9,6.39,10.05,76.7,3.1,0.015,23,17,39.674,4.38,16
X493243,"Holundersuppe mit Apfel, gebunden mit Stärke","Elderberry soup with apple, thickened with starch",67,82.3,1.373,0.948,11.2,2.1,0,2,21,10.69,0.092,0
T204232,"Dorsch/Kabeljau, tiefgefroren, pochiert","Cod deep-frozen, poached",66,82.988,15.148,0.585,0.0,0,-,98,17,0.0,0.142,63
Y687163,Schnecken im Sud gekocht,Snails boiled in stock,78,78.5,16.5,1.289,0.0,0,0,108,13,0.0,0.231,62
G581062,Kürbis Hokkaido (C. maxima) gebacken,Hokkaido pumpkin baked,35,82.905,1.647,0.235,6.233,0.918,0,8,37.2,5.4,0.055,0
D482200,Zwetschgenkuchen (Mürbeteig),Blue plum tart (shortcrust pastry),216,57.1,3.21,9.61,28.12,2.2,0.1,18,12,11.0,5.84,40
S440000,Gelee-Früchte,Jelly fruit,331,21.2,0.015,0,78.6,0.048,0,4,1,70.3,0,0
W512000,"Kasseler Rippenspeer, Kochpökelware, geräuchert","Pork loin spare ribs, cooked cured, smoked",131,74.1,17.07,6.82,0.437,0,0.09,700,5.7,0.437,2.301,50.38
U632700,"Schwein Kamm, Rohpökelware, geräuchert","Pork neck, raw cured, smoked",165,66.3,17.95,10.19,0.492,0,0.21,1800,3.8,0.492,3.795,58.97
X476512,Tsatsiki,Tsatsiki,81,87,2.4,6.02,3.5,0.6,0,123,80,3.5,3.93,18
X991442,Graupen nach Risottoart,Pearl barley prepared like risotto,112,72,3.61,3.3,16.4,1.2,0.01,308,32,1.16,0.7,1.4
D750200,Streuselschnecken (Hefeteig),Danish swirl (yeast dough) with crumbles,393,22,8.1,16.31,52.0,2.93,0,33,36,14.64,9.82,78
D651700,Backoblaten,Round baking wafers,334,16.8,9.53,0.85,69.58,4.87,0,1,11,0.2791,0.11,0
F323152,Johannisbeere schwarz gedünstet,Black currant stewed,60,81.3,1.447,0.232,9.16,3.7,0,1.19,54,9.16,0.027,0
D4A6100,Hefezopf mit Sultaninen,Braided yeast bread with sultanas,349,20,8.9,7.1,60.0,4.1,0.1,32,37,14.8,4,40
X930252,"Quarkpfannkuchen ungesüßt, gebraten","Quark pancakes unsweetened, fried",196,62.9,7.6,10.5,17.15,1.14,0,60,69,1.78,1.5,90
V413182,"Hähnchen Fleisch, ohne Haut, gebraten ohne Fett (Pfanne)","Chicken meat, without skin, fried without fat (pan)",156,68,27.5,5.1,0.0,0,0.1,93,15,0.0,0.883,93
M208000,"Milchmischgetränk 3,5 % Fett, mit Kaffee, gesüßt","Milk drink 3.5 % fat, with coffee, sweetened",76,84.2,2.75,3.72,7.92,0.05342,0.003,28,91,7.92,2.238,13.3
Y842253,Reneclaudenkompott,Greengage compote,75,78.5,0.6,0,17.5,1.618,0,2,12,15.6,0,0
X702042,"Vollkorn-Eier-Frischteigwaren selbstgemacht, roh","Fresh wholemeal egg pasta, homemade, raw",222,45.7,10.77,3.62,33.35,6.6,0.5,217,34,0.5,0.84,104
K701152,Champignon gedünstet,Button mushroom stewed,41,86.8,5.15,0.386,4.2,2.7,0,58.21,8,0.3,0.0679,0
G331182,Kohlrabi gebraten ohne Fett (Pfanne),Kohlrabi fried without fat (pan),53,84.1,3.593,0.296,7.19,2.8,0,37,109,6.859,0.052,0
X4B1000,Pfirsichkaltschale gebunden mit Stärke,Cold peach soup thickened with starch,61,82.4,0.7,0.081,13.57,1.3,0,1,10,11.71,0.008,0
S580300,"Schokolade weiß, mit Kokoschips","Chocolate white, filled with coconut chips",564,1.2,6.28,36.06,52.699,1.73,0.03,94.3,212.5,52.643,22.91,11.5
V514182,"Schaf Herz, gebraten ohne Fett (Pfanne)","Sheep heart, fried without fat (pan)",159,67.5,24.1,6.99,0.0,0,0,116,8,0.0,2.67,208
T020132,Tintenfisch gekocht,Common cuttlefish boiled,71,81.7,15.094,1.22,0.0,0,0,411,34,0.0,0.36,344
T615200,"Rotbarsch/Goldbarsch, tiefgefroren","Ocean perch/redfish, deep-frozen",92,77.9,15.3,3.47,0.0,0,2.9,80,22,0.0,0.712,29.6
G230162,Mangold gebacken,"Chard/leaf beet, baked",20,91.1,2.176,0.329,1.026,2.1,0,255.2,90.2,0.812,0.033,0
S463000,Dragee-Streusel,Hundreds and Thousands sprinkles,408,1.3,0.237,1.8,96.2,0.284,0,8,2,92.1,1.5,0.002
T305162,"Goldbutt/Scholle, gebraten ohne Fett (Ofen)",Plaice fried without fat (oven),104,74.8,23.7,1,0.0,0,6,75.4,38,0.0,0.18,91
G480162,Speisezwiebel gebacken,Onion baked,39,88,1.36,0.176,7.08,1.6,0,11,29,7.08,0.0294,0
T720200,Languste tiefgefroren,"Spiny lobster/rock lobster/crawfish, deep-frozen",79,79.1,17.2,1.1,0.0,0,-,182,68,0.0,0.13,140
F110700,Apfelnektar,Apple nectar,37,90.4,0.048,0,8.894,0.155,0,4,5,8.394,0,0
G898300,Tafel-Meerrettich Konserve,Horsereadish canned,171,67.6,3.172,11.922,9.451,2.315,0,188,41,7.697,0.88,0.247
B822000,Paniermehl glutenfrei,Bread crumbs gluten-free,376,8.5,6.461,3.8,78.0,1.974,0,501,14,0.23,1.677,0
X655022,"Kartoffelpuffer/Reibekuchen, gebraten",Potato pancakes fried,206,63.5,4.23,12.61,18.08,1.5,0.3,208,18,1.15,1.12,60
G520062,Gurke gebacken,Cucumber baked,20,96.1,1.249,0.235,2.32,1.1,0,4,22,2.32,0.078,0
S538800,Vollmilchschokolade gefüllt mit Kokoscreme,Whole milk chocolate filled with coconut cream,575,1.1,5.36,38.94,49.5,2.72,0.01,63,156,49.1,24.06,14
T861700,Kaviarersatz (Seehase),Caviar substitute (lumpfish),136,71.2,19.4,6.45,0.0,0,4.99,2160,19.5,0.0,0.3,313
W415000,"Schwein Frühstücksspeck, Rohpökelware, geräuchert","Pork breakfast bacon, raw cured, smoked",304,51.4,16.58,26.22,0.492,0,0.34,1800,4.9,0.492,9.391,57.17
G553152,"Pfefferschote grün, gedünstet","Chilli pepper green, stewed",44,86.7,2.2,0.2,7.48,1.6,0,8,20,7.08,0.02,0
M2A0200,"Milchmischgetränk 1,5 % Fett, aromatisiert, gesüßt, angereichert mit Vitaminen","Milk drink 1.5 % fat, flavoured, sweetened, fortified with vitamins",58,86,3.35,1.48,7.71,0,0,34,116.2,7.71,0.973,6
E113132,"Hühnerei Eiklar, gekocht","Chicken egg white, boiled",42,88,9.9,0.03,0.41,0,0,185,6,0.41,0,0
K703400,Morchel getrocknet,Morel dried,231,10.5,19.689,2.532,4.7,55.475,0,16,87,4.7,0.436,0
T102132,Hering pochiert,Herring poached,147,79.1,16.3,9.119,0.0,0,20,107,66,0.0,2.372,76
K410432,"Maniok/Cassava, gekocht","Manioc/cassava, boiled",146,63.2,1.032,0.23,33.5,2.92,0,1,32.02,1.4,0,0
B227700,Roggenbrot mit Quark,Rye bread with quark,210,41,6.35,0.78,40.0,8.89,0,476,29,1.1,0.09,0.26
C532200,Weiße Schokolade mit Puffreis und Crispies,White chocolate with puffed rice and crispies,522,1.5,6.41,28.16,60.24,0.87,0.02,89,194.2,47.71,16.19,10.4
U291200,"Rind Hinterhesse, tiefgefroren","Beef leg/hindshank, deep-frozen",140,71.4,21.4,6,0.0,0,0.4,75,5,0.0,1.9,52.4
U554182,Schwein Gulasch (Restbug) gebraten ohne Fett (Pfanne),Pork goulash (shoulder strips) fried without fat (pan),166,63.76,30.96,4.64,0.0,0,0,79.5,5.5,0.0,1.48,91.38
G230152,Mangold gedünstet,"Chard/leaf beet, stewed",18,91.9,1.968,0.298,0.927,1.9,0,230.7,81.6,0.733,0.03,0
V421000,"Hähnchen Brustfilet, mariniert, roh","Chicken breast fillet, marinated, raw",130,71.6,20.99,4.34,1.66,0.1,0.14,391,6,1.61,0.56,61.3
U231132,"Rind Hals/Kamm/Nacken, gekocht","Beef neck/chuck, boiled",199,66.1,27.944,9.738,0.0,0,0.484,31,8.36,0.0,4.373,97
V432200,"Suppenhuhn Fleisch, mit Haut, tiefgefroren","Boiling fowl meat, with skin, deep-frozen",257,60,18.5,20.3,0.0,0,0.3,64.5,11,0.0,6.5,85.36
W225000,Stockwurst/Münchner Stockwurst,Stockwurst sausage,195,70,10.98,16.76,0.02,0.07,0.29,800,12.1,0.02,6.94,59
S621000,Pralinen mit alkoholhaltiger Füllung,Pralines with alcoholic filling,472,10.6,3.57,21.32,54.7,5.01,0,6,27.2,47.4,12.8,1.9
G230142,Mangold geschmort ohne Fett,"Chard/leaf beet, braised without fat",30,87.2,3.271,0.495,1.557,3.2,0,383.4,135.6,1.232,0.05,0
D712000,"Kekse/Plätzchen, eiweißarm",Biscuits low protein,466,2.7,0.368,16.504,78.5,0.762,0,46,12,20.7,6.65,0
S537000,Vollmilchschokolade mit Mandeln,Whole milk chocolate with almonds,554,1.1,10.3,38,39.97,5.3,0.02,88,207,39.44,16.85,13
G582172,Zucchini gegrillt,Courgette grilled,46,88,2.8,0.638,6.0,2.4,0,2.4,45.33,4.5,0.151,0
Y841743,Pflaumenkompott/Zwetschgenkompott,Plum compote,66,82.7,0.21,0.121,15.57,1.2,0,2,7,13.71,0.016,0
T213152,"Alaska-Pollack/Alaska-Seelachs, gedünstet",Alaska pollock stewed,51,83.6,11,0.78,0.0,0,0,110,13,0.0,0.141,65
W424032,"Schwein Kochschinken, Kochpökelware, gekocht","Pork ham, cooked cured, boiled",150,65.61,27.237,3.554,0.89,0,0,833,9.28,0.89,1.276,79
B6A2900,Roggenvollkornknäckebrot mit Leinsamen und Weizenkeimen,Wholemeal rye crispbread with linseed and wheat germ,338,6,11.53,4.01,54.0,20.1,0,517,50,1.891,0.44,0
K740182,Austernpilz gebraten ohne Fett (Pfanne),Oyster mushroom fried without fat (pan),52,82.32,5.43,0.361,2.08,9.59,0,10,20,1.82,0.0501,0
K703182,Morchel gebraten ohne Fett (Pfanne),Morel fried without fat (pan),48,82.3,4.079,0.525,1.0,11.492,0,3,18,1.0,0.09,0
T710132,"Edelkrebs/Flusskrebs, gekocht",Crayfish boiled,61,84.039,13.889,0.58,0.0,0,-,265,53,0.0,0.0831,195
X545063,Spargel gekocht (ohne Sauce),Asparagus boiled (without sauce),28,93.7,1.912,0.152,3.93,1.4,0,91,20.7,3.75,0.0272,0
Y864112,Apfelmus ungesüßt,Apple sauce unsweetened,51,85.8,0.37,0.436,10.2,1.984,0,2,6,9.146,0.176,0
Y840643,Brombeerkompott,Blackberry compote,80,79.6,0.91,0.1,18.6,2.2,0,2,12,15.3,0,0
R940000,"Vanillecreme/Vanilleflammeri, eihaltig, für Gebäck/Torten","Vanilla cream/vanilla flummery, with egg, for pastry/tortes",122,73.6,3.6,4.35,17.09,0.06,0,31,101,10.66,2.17,71
W121400,Geflügelteewurst mit Schweinefleisch,"Teewurst sausage made from poultry and pork, spreadable",195,62.9,20.77,12.35,0.1,0.06,0.4,1100,13,0.0,4.66,77.5
V486182,"Pute Brust, ohne Haut, gebraten ohne Fett (Pfanne)","Turkey breast, without skin, fried without fat (pan)",148,63.204,33.74,1.414,0.0,0,0.16,56,6.4,0.0,0.515,63
K430132,"Topinambur/Erdartischocke, gekocht","Jerusalem artichoke/topinambur, boiled",52,85,2.288,0.384,3.75,11.693,0,-,15,3.75,0.089,0
Y840743,Stachelbeerkompott,Gooseberry compote,94,76.1,0.63,0.108,21.467,2.123,0,3,22,19.589,0.0099,0
G263152,Sauerampfer gedünstet,Sorrel stewed,26,88.69,3.394,0.383,1.234,2.074,0,-,62,0.769,0.038,0
X924012,"Pfannkuchen/Eierkuchen, ungesüßt, mit Milch 1,5 % Fett, gebraten ohne Fett","Pancakes unsweetened, with milk 1.5 % fat, fried without fat",195,53,8.89,2.87,32.2,2.19,0.3,142,90,2.58,1.06,73
X471443,Schokoladen-Milchsuppe gebunden mit Stärke,Chocolate-milk soup thickened with starch,115,76.1,3.82,5.24,12.97,0.41,0,44,117,10.97,3.24,14
W411000,"Schwein Speck (Rückenspeck) Rohpökelware, geräuchert","Pork bacon (loin) raw cured, smoked",699,15.3,4.13,75.8,0.0,0,0.79,1804.7,6.5,0.0,29,64.26
T420152,Forelle gedünstet,Trout stewed,144,73,19.243,7.27,0.0,0,7.5,46,93,0.0,1.374,67
X434442,Weißbrotwürfel geröstet in Butter (Croutons),"Croutons, white bread cubes toasted in butter",492,14.5,7.44,32.43,40.84,3.21,0.07,460,27,3.43,19.793,86
X5A8010,Grüne Erbsen in Sahne gedünstet,Green peas stewed in cream,182,71.5,5.4,11.893,10.956,4.2,0.019,166,40,1.835,3.94,17.5
G311162,Blumenkohl gebacken,Cauliflower baked,50,86.8,3.414,0.394,7.52,4.1,0,17,34,3.05,0.06,0
G346100,Weinsauerkraut roh,Wine sauerkraut raw,23,90.7,1.104,0.304,0.99,2.097,0,467,43,0.77,0.071,0
G561132,Tomate gekocht,Tomato boiled,22,94.4,0.994,0.115,3.4,1.4,0,3,11,3.4,0.0226,0
K724400,Shiitakepilz getrocknet,Shiitake mushroom dried,270,9.5,22.8,1.8,21.74,38.09,0,9.13,9.13,21.74,0,0
U574162,Schwein Bratenfleisch (Bug ohne Fett und Schwarte) gebraten ohne Fett (Ofen),Pork meat for roasting (shoulder without fat and rind) fried without fat (oven),169,65.45,27.44,6.57,0.0,0,0,74.1,5.4,0.0,2.03,88.48
D0A4100,Schoko-Wasserbiskuitboden,Chocolate water sponge cake base,306,27,9.12,4.65,55.6,2.88,0.7,134,31,34.312,1.58,131
U4A3100,"Kalb Fleisch, sichtbarer Fettanteil max. 15 % (KA III) roh","Veal meat, visible fat content max. 15 % (KA III) raw",215,64.458,18.516,15.704,0.0,0,0.59,80,11,0.0,7.08,70
F092100,"Beerenmischung mit Sauerkirschen, ungesüßt, roh","Berry mix with sour cherries, unsweetened, raw",50,86.2,1.1,0.3,7.9,3.5,0,1,23,7.0,0.032,0
F090400,Fruchtmischung getrocknet (Trockenfrucht-Mix),Mixed fruit dried,261,26.3,2.58,0.35,55.5,8.7,0,30.3,76.3,52.2,0.052,0
S582000,"Knusperpraline mit Milchschokolade, Cornflakes und Mandelstückchen","Crispy praline with milk chocolate, cornflakes and almond bits",493,2.3,7.31,24.85,58.11,3.8,0.01,137.3,126.6,38.5,13.73,7.4
B254000,Weizenmischtoastbrot,Mixed wheat toast,246,39,7.6,2.76,45.0,5.18,0,480,18,1.5,0.91,0
X320243,Bechamelsauce,Bechamel sauce,88,84,2.5,6.2,5.42,0.22,0.009,199,64,2.44,4,18
T601152,"Barsch/Flussbarsch, gedünstet",European perch stewed,70,81.7,16.24,0.6,0.0,0,2.7,47,129,0.0,0.093,85
U333172,"Kalb Filetsteak, gegrillt","Veal tenderloin steak, grilled",144,72.2,25.44,4.7,0.0,0,0.385,42,4.05,0.0,1.793,63.5
S241700,"Speiseeis Schokolade, überzogen mit Schokolade","Chocolate ice cream, covered with chocolate",315,39.8,4.47,16.34,35.4,3.48,0,38.2,91.9,31.9,8.46,18
F516400,Mango getrocknet,Mango dried,322,16.7,3.8,2.44,65.0,9.2,0,49,136,59.8,0.548,0
T512400,Schleie gesalzen,Tench salted,87,71.7,19.812,0.874,0.0,0,0,886,80,0.0,0.247,93
V552132,"Kalb Magen/Gekröse, gekocht","Veal stomach/pluck, boiled",156,70.814,19.029,8.893,0.0,0,0.2,57,103,0.0,3.674,171
G542182,"Gemüsepaprika gelb, gebraten ohne Fett (Pfanne)","Sweet pepper yellow, fried without fat (pan)",48,86.68,1.356,0.339,7.495,3.729,0,2,10,7.495,0.0867,0
W114100,Grobe Mettwurst fettreduziert,"Coarse Mettwurst sausage spreadable, reduced-fat",182,64,22.24,10.21,0.15,0.08,0.21,1000,6,0.0,3.68,60.05
U852200,"Schaf Brust, mittelfett, tiefgefroren","Sheep breast, medium fat, deep-frozen",179,66,19.6,11.2,0.0,0,0.4,86,8,0.0,5.2,76
Y134022,Rinderrumpsteak gebraten,Beef rump steak fried,180,66.8,28.7,7.26,0.02,0.01,0.373,279,4.7,0.0,2.55,64.6
G670182,Wurzelpetersilie gebraten ohne Fett (Pfanne),Parsley root fried without fat (pan),140,65.7,5.333,0.87,25.5,3.944,0,22,72,11.203,0.14,0
G543072,"Gemüsepaprika rot, gegrillt","Sweet pepper red, grilled",39,91.4,1.08,0.215,6.65,2.366,0,1.34,9,6.65,0.0348,0
U080132,"Rind Leberhack, gekocht","Beef liver mince, boiled",174,59.453,26.195,4.436,7.227,0,2.3,105,7,0.0,1.391,389
W223100,Geflügelbratwurst,Poultry bratwurst,184,71.6,10.9,15.52,0.08,0.04,0.1,757,10,0.0,4.38,63
M2A6100,"Milchmischgetränk < 1 % Fett, mit Kakao/Schoko, Zucker und Süßungsmitteln","Milk drink < 1 % fat, with cocoa/chocolate, sugar and artificial sweeteners",44,88,3.174,0.2,7.2,0.356,0,54,112,7.116,0.2,1.8
V416162,"Hähnchen Brustfilet, gebraten ohne Fett (Ofen)","Chicken breast fillet, fried without fat (oven)",144,65.56,31.85,1.86,0.0,0,0.15,57.5,6,0.0,0.421,93.2
V413200,"Hähnchen Fleisch, ohne Haut, tiefgefroren","Chicken meat, without skin, deep-frozen",131,75,20.2,5.6,0.0,0,0.1,79,11,0.0,0.979,67
H190700,"Macadamianuss geröstet ohne Fett, gesalzen","Macadamia nut roasted without fat, salted",752,1.6,9.12,75.5,5.1,7.9,0,309,70,4.1,11.1,0
G680152,Rettich gedünstet,Radish stewed,20,94.6,1.029,0.147,2.91,1.2,0,22,24,1.942,0.032,0
T302200,Steinbutt tiefgefroren,Turbot deep-frozen,82,80.4,16.7,1.73,0.0,0,5,114,17,0.0,0.303,24.6
S332000,Sahnekaramelle,Cream caramel,434,7.6,3.8,7.7,79.4,0,0.18,58,152,64.0,4.7,22
T502182,"Blei/Brachsen/Brasse, gebraten ohne Fett (Pfanne)",Common bream fried without fat (pan),112,73.1,19.712,3.72,0.0,0,-,35,65.8,0.0,0.965,94
H800200,"Mandeldrink gesüßt, aromatisiert","Almond drink sweetened, flavoured",31,94.6,0.85,2.12,1.99,0.13,0,50,12.3,1.961,0.183,0
X0A1010,"Cornflakes mit Milch 3,5 % Fett und Honig gesüßt","Cornflakes with milk 3.5 % fat, honey sweetened",160,61.2,4.06,2.79,29.07,1.12,0,116,79,8.2,1.536,9.4
G561082,Tomate gebraten ohne Fett (Pfanne),Tomato fried without fat (pan),36,89.7,1.61,0.186,5.5,2.2,0,7,17,5.5,0.0365,0
G090100,"Gemüsemischung Kaisergemüse, roh","Mixed vegetables (carrots, cauliflower and broccoli florets) raw",37,89.1,2.309,0.427,4.7,2.9,0,20,30,3.28,0.085,0
U271200,"Rind Vorderhesse, tiefgefroren","Beef shin/foreshank, deep-frozen",128,73.1,20.2,5.3,0.0,0,0.4,50,3.818,0.0,1.66,56.7
G640162,Pastinake gebacken,Parsnip baked,70,77.3,3.1618,0.506,11.4,2.506,0,9,54,3.601,0.076,0
C518000,Popcorn gesalzen,Popcorn salty,395,9.7,7.531,14.706,54.671,6.7,0,616,8.1,1.209,6.064,0.2
P3A2000,Sekt mit Orangensaft,Sparkling wine with orange juice,58,91,0.375,0,5.3,0.155,0,2,14,5.3,0,0
G331162,Kohlrabi gebacken,Kohlrabi baked,34,90.1,2.282,0.188,4.56,1.8,0,24,69,4.358,0.033,0
C236032,"Dinkel ganzes Korn, gekocht","Spelt whole grain, boiled",177,55.07,7.52,1.22,31.05,6.09,0,0.3,14.3,0.54903,0.12,0
U881142,"Schaf Keule, mager, geschmort ohne Fett","Sheep leg, lean, braised without fat",181,60.1,33.5,5.25,0.0,0,0,60,16,0.0,2.5,100
Y860940,Buttercreme (zum Füllen und Überziehen),Butter-cream filling,581,14,2,47.72,35.83,0,1,14,24,35.83,30.83,256
Y710352,Spiegelei gebraten mit Kochschinken,Fried egg with boiled ham,204,65,17.71,14.35,0.57,0,0.9,578,34,0.56,2.49,216
G670400,Wurzelpetersilie getrocknet,Parsley root dried,339,9.4,12.852,2.097,61.5,9.505,0,54,174,26.998,0.337,0
G561072,Tomate gegrillt,Tomato grilled,26,92.9,1.149,0.136,4.01,1.6,0,5,12,4.01,0.0266,0
V414200,"Hähnchen ganz, entbeint, mit Haut, tiefgefroren","Chicken whole, boneless, with skin, deep-frozen",186,68.52,18.37,12.53,0.0,0,0.3,64.5,11.1,0.0,3.05,85.36
V444162,"Poularde Fleisch, mit Haut, gebraten ohne Fett (Ofen)","Poulard meat, with skin, fried without fat (oven)",190,63.8,24.1,10.4,0.0,0,1.4,40,13.8,0.0,2.3,108.05
G312152,Broccoli gedünstet,Broccoli stewed,39,86.7,3.937,0.6486,2.5,3.3,0,28,47,1.5,0.1292,0
G480152,Speisezwiebel gedünstet,Onion stewed,33,89.9,1.133,0.147,5.89,1.4,0,9,25,5.89,0.0246,0
X9A2120,"Porridge ungesüßt, mit Wasser","Porridge unsweetened, with water",71,81.9,2.687,1.351,10.8,2.232,0,10,14,0.15,0.273,0
U452800,"Kalb Brust, Rohpökelware","Veal breast, raw cured",186,64.2,17.326,12.702,0.471,0,0.301,1800,10,0.471,5.317,61
S581400,Milchschokoladen-Riegel gefüllt mit Karamell und Knusperkeks,Milk chocolate bar filled with caramel and crispy biscuit,497,2.9,5.5,21.4,65.7,2.14,0.01,235,93,43.9,12.9,17.9
X434243,"Grießklößchen, Suppeneinlage",Small semolina dumplings as soup garnish,152,68.2,6.93,5.7,17.59,1.23,0.4,227,49,1.46,2.77,86
F501152,Ananas gedünstet,Pineapple stewed,47,86.2,0.5,0.1,9.7,1.4,0,4,17,9.7,0.0214,0
W110000,Braunschweiger Mettwurst Ia,"Braunschweiger Mettwurst sausage high quality, spreadable",405,46.1,21.08,35.6,0.12,0.07,0.29,1090,13,0.0,5.52,63.63
T121162,Thunfisch gebraten ohne Fett (Ofen),Tuna fried without fat (oven),165,64,27.3,6.23,0.0,0,4.95,47,51,0.0,1.76,105
T615152,"Rotbarsch/Goldbarsch, gedünstet","Ocean perch/redfish, stewed",84,79.7,13.7,3.3,0.0,0,2.8,81,26,0.0,0.679,35.2
T118182,"Schildmakrele/Stöcker, gebraten ohne Fett (Pfanne)",Atlantic horse mackerel fried without fat (pan),132,72.14,22.336,4.78,0.0,0,2.26,65,77,0.0,1.553,41.9
U070162,"Rind Tatar/Schabefleisch, gebraten ohne Fett (Ofen)","Beef mince, lean, fried without fat (oven)",147,66.167,29.333,3.333,0.0,0,0.389,64,8,0.0,1.234,81
N256000,Fruchtsaftschorle Apfel,Apple juice spritzer,26,93.1,0.056,0,6.139,0.18,0,5,7,5.559,0,0
G582142,Zucchini geschmort ohne Fett,Courgette braised without fat,23,95,1.4,0.312,3.0,1.2,0,1.17,22.19,2.2,0.074,0
W510082,"Kasseler, Rohpökelware, geräuchert, gebraten ohne Fett (Pfanne)","Pork loin chop, raw cured, smoked, fried without fat (pan)",144,63.737,30.13,2.604,0.0,0,0,1581,5.39,0.0,1.022,69.1
V584132,"Schaf Bries, gekocht","Sheep sweetbread, boiled",91,78.6,15.4,3.28,0.0,0,0.7,46,4,0.0,1.7,273
N630800,Schwarztee (Getränk) mit Alkohol,Black tea (infusion) with alcohol,15,97.19,0,0,0.0,0,0,2,5,0.0,0,0
U522172,"Schwein Stielkotelett, gegrillt",Pork chop (loin) grilled,223,58.85,27.27,12.67,0.0,0,0.17,59.2,6.3,0.0,4.28,75.45
X573012,Auberginen gedünstet (mit Fett und Salz),Aubergines stewed (with fat and salt),46,90,0.66,3.2,2.8,1.4,0,101,10,2.7,0.3,0.063
K717182,Rotkappe gebraten ohne Fett (Pfanne),Orange birch bolete fried without fat (pan),56,84.74,3.562,1.279,5.36,7.738,0,0,49,0.869,0.227,0
U891200,"Schaf Hinterhaxe, mager, tiefgefroren","Sheep hindshank, lean, deep-frozen",112,74.5,20.4,3.35,0.0,0,0,82,5,0.0,1.05,62
Y381352,Schweinebauch gekocht (Wellfleisch),Pork belly boiled,354,46.2,22.32,29.42,0.0,0,0.45,438.3,5.9,0.0,10.535,85.51
V536182,"Hammel Leber, gebraten ohne Fett (Pfanne)","Mutton liver, fried without fat (pan)",146,67.977,22.886,4.489,3.409,0,2,92,4.9,0.0,1.409,367
H230400,Kastanienmehl,Sweet chestnut flour,359,5.52,4.995,3.244,70.354,14.293,0,3,74.5,23.736,0.487,-
U891132,"Schaf Hinterhaxe, mager, gekocht","Sheep hindshank, lean, boiled",169,61.5,32.3,4.47,0.0,0,0,82,7,0.0,1.4,103
U57A172,"Schwein Grillbauch, gegrillt","Pork belly for grilling, grilled",421,38.88,23.65,36.24,0.0,0,0.5,76.1,5,0.0,12.98,84.96
G420132,"Stielmus/Rübstiel, gekocht","Turnip tops/greens, boiled",18,93,1.5,0.3,0.78,3.2,0,38,194,0.78,0.07,0
S231200,Speiseeis durchzogen mit Schokolade,Ice cream streaked with chocolate,231,55.6,2.85,12.59,25.5,1.32,0,37.8,76.3,21.2,8.68,22.8
G510162,Aubergine gebacken,Aubergine baked,22,92.1,0.671,0.212,3.56,1.6,0,5,9,3.17,0.046,0
N720600,Kräutertee (Getränk) mit Zucker,Herbal tea (infusion) with sugar,7,98.1,0,0,1.861,0,0,3,6.9,1.861,0,0
U867142,"Lamm Bug/Schulter, geschmort ohne Fett","Lamb shoulder, braised without fat",169,63.652,29.391,5.75,0.0,0,0.2,66,19,0.0,1.973,95
U485162,"Kalb Kugel/Nuss, gebraten ohne Fett (Ofen)","Veal thick flank, fried without fat (oven)",114,69.648,26.854,0.778,0.0,0,0.378,93,17,0.0,0.326,78
U471100,"Kalb Haxe, roh","Veal shank, raw",118,74.9,19.3,4.51,0.0,0,0.42,115,12,0.0,1.913,63
C351032,"Reis unpoliert, gekocht",Brown rice boiled,128,70.8,3.006,0.917,26.32,1.4,0,1.179,5.2,0.26,0.1613,0
U371200,Kalb Bratenfleisch (Bug) tiefgefroren,Veal meat for roasting (shoulder) deep-frozen,94,76.2,21.2,1.01,0.0,0,0.4,87,12,0.0,0.423,63
T424200,Meerforelle tiefgefroren,Sea trout deep-frozen,108,77,18.4,3.61,0.0,0,7.9,58,18,0.0,0.88,83
U863132,"Schaf Bug/Schulter, fett, gekocht","Sheep shoulder, fat, boiled",408,42,27.2,33.3,0.0,0,0.3,97,11,0.0,15.201,107
G331152,Kohlrabi gedünstet,Kohlrabi stewed,30,91.1,2.042,0.168,4.09,1.6,0,21,62,3.899,0.029,0
C352032,"Reis poliert, gekocht",White rice boiled,117,67.52,3.3,0.35,24.8,0.61,0,9.77,24,0.1,0.04,0
G344152,Spitzkohl gedünstet,Pointed cabbage stewed,34,91.6,1.32,0.2,4.93,3.3,0,20,51,4.78,0.024,0
G350152,Romanesco gedünstet,Romanesco broccoli stewed,38,90.7,2.635,0.304,5.79,3.2,0,13,26,2.34,0.045,0
X651443,Kümmelkartoffeln gebacken,Potatoes with caraway seeds baked,138,73.4,2.51,3.801,22.63,1.741,0,130,5,1.79,0.3,0.076
X535312,Kohlrabi gedünstet (mit Fett und Salz),Kohlrabi stewed (with fat and salt),80,86,1.71,6.3,3.42,1.3,0,139,52,3.27,0.5,0.128
K410162,"Maniok/Cassava, gebacken","Manioc/cassava, baked",187,52.2,1.282,0.295,43.0,3.705,0,1,41.05,1.8,0,0
U579162,"Schwein Schwartenbraten (Krustenbraten) gebraten, ohne Fett (Ofen)",Pork meat for roasting (silverside) fried without fat (oven),256,56.49,25.55,17.07,0.0,0,0.22,63.6,4.4,0.0,5.54,81.01
D623000,Marmorwaffeln (Rührmasse),Marble waffles (cake batter),505,12,9.89,31.64,44.2,2.1,0.8,167,35,20.267,18.65,223
K430162,"Topinambur/Erdartischocke, gebacken","Jerusalem artichoke/topinambur, baked",70,77.5,3.128,0.526,5.128,15.474,0,-,19,5.128,0.122,0
U863142,"Schaf Bug/Schulter, fett, geschmort ohne Fett","Sheep shoulder, fat, braised without fat",383,45.7,25.5,31.2,0.0,0,0.2,91,10,0.0,14.252,100
M2S8300,"Ayran, Joghurtgetränk, gesalzen","Ayran, yogurt drink, salted",39,91.4,2.29,1.96,2.69,0,0,256,69.5,2.69,1.28,5.08
N720200,"Kräutertee (Getränk) mit Milch 3,5 % Fett",Herbal tea (infusion) with milk 3.5 % fat,2,99.6,0.12,0.12,0.13,0,0,3.6,10.7,0.13,0.073,0.5
G420152,"Stielmus/Rübstiel, gedünstet","Turnip tops/greens, stewed",19,92,1.6,0.3,0.86,3.4,0,43,202,0.86,0.08,0
F601600,Zitronensaft,Lemon juice,30,90.7,0.63,0.3,1.7,0.129,0,3.74,14,1.7,0.105,0
Y373012,"Schweineleber mehliert, gebraten","Pork liver floured, fried",165,65.1,22.45,6.46,4.27,0.23,0.38,189.5,6.6,0.01357,1.73,192.51
V250162,"Wildschwein Fleisch, gebraten ohne Fett (Ofen)","Wild boar meat, fried without fat (oven)",191,63.759,25.034,10.054,0.0,0,0.29,108,12,0.0,3.511,84.6
K430182,"Topinambur/Erdartischocke, gebraten ohne Fett (Pfanne)","Jerusalem artichoke/topinambur, fried without fat (pan)",62,80.5,2.773,0.466,4.545,13.716,0,-,17,4.545,0.108,0
Y730243,Omelett gebraten mit Käse,Omelette fried with cheese,213,67.2,13.2,17.53,0.66,0,1.6,211,92,0.66,3.62,333
G480142,Speisezwiebel geschmort ohne Fett,Onion braised without fat,42,87.4,1.431,0.186,7.52,1.8,0,11,31,7.52,0.0309,0
V242162,"Wildkaninchen Fleisch, gebraten ohne Fett (Ofen)","Wild rabbit meat, fried without fat (oven)",125,68.7,25.8,2.41,0.0,0,0,55,13,0.0,0.75,104
P288300,Ananasbowle,Pineapple punch,66,88.4,0.2,0,4.2,0.3,0,3,10,4.2,0.0052,0
G321152,Chinakohl gedünstet,Chinese white cabbage stewed,20,93.8,1.957,0.217,1.5,1.8,0,14,82,1.35,0.013,0
X9A2080,"Porridge gesüßt, mit Sojadrink","Porridge sweetened, with soya drink",103,74.4,5.32,2.38,13.3,3.5,0,32,25,2.9,0.418,0
W234032,Fleischwurst gekocht,Bologna boiled,270,61.65,11.287,24.728,0.23,0,0,805,25,0.22,9.651,57
T780200,Europäische Auster tiefgefroren,European oyster deep-frozen,67,83,9,2.94,1.09,0,8,160,82,0.0,0.79,123
H410600,Leinsamen geröstet ohne Fett,"Linseed/flax seed, roasted without fat",477,6.4,22.27,37.245,1.7,23.163,0,55.1,210,1.235,3.67,0
V575142,"Lamm Niere, geschmort ohne Fett","Lamb kidney, braised without fat",159,63.3,30.6,4.06,0.0,0,0.2,223,16,0.0,1.231,684
U522162,"Schwein Stielkotelett, gebraten ohne Fett (Ofen)",Pork chop (loin) fried without fat (oven),203,61.63,26.63,10.75,0.0,0,0.16,53.2,7.6,0.0,3.62,74.44
T633152,Meeräsche gedünstet,Grey mullet stewed,98,76.41,18.214,2.75,0.0,0,2.8,70,63,0.0,0.884,96
T070182,Seeteufel gebraten ohne Fett (Pfanne),Anglerfish fried without fat (pan),79,80.57,17.694,0.86,0.0,0,5,116,8,0.0,0.174,31.1
G345062,"Sauerkraut abgetropft, gebacken","Sauerkraut drained, baked",26,89.39,1.324,0.365,1.17,2.518,0,560,52,0.906,0.085,0
B6A2400,Roggenvollkornknäckebrot mit Dinkel,Wholemeal rye crispbread with spelt,331,6,10.11,1.54,59.73,18.81,0,550.1,39.2,1.8,0.17,0
T213232,"Alaska-Pollack/Alaska-Seelachs, tiefgefroren, pochiert","Alaska pollock deep-frozen, poached",76,82.53,17.324,0.789,0.0,0,0,84,17,0.0,0.143,66
Y842712,"Pflaumenkompott/Zwetschgenkompott, zuckerreduziert",Plum compote sugar-reduced,52,86.2,0.22,0.126,12.05,1.3,0,2,7,10.12,0.017,0
U432162,"Kalb Hals/Nacken/Kamm, gebraten ohne Fett (Ofen)",Veal scrag fried without fat (oven),136,68.543,27.503,2.876,0.0,0,0.378,119,19,0.0,1.203,95
M206200,"Milchmischgetränk 1,5 % Fett, mit Kakao/Schokolade, gesüßt","Milk drink 1.5 % fat, with cocoa/chocolate, sweetened",63,84.3,3.61,1.6,8.4,0.386,0,38,116,8.34,1,6
U452700,"Kalb Brust, Rohpökelware, geräuchert","Veal breast, raw cured, smoked",190,63.8,17.212,13.283,0.492,0,0.315,1800,11,0.492,5.559,64
V468142,"Ente Innereien, geschmort ohne Fett","Duck giblets, braised without fat",210,58.7,26.6,11.51,0.0,0,0.96,84,16,0.0,3.02,375
U080182,"Rind Leberhack, gebraten ohne Fett (Pfanne)","Beef liver mince, fried without fat (pan)",159,63.256,22.812,4.575,6.625,0,2,123,7.2,0.0,1.434,321
C219132,"Hartweizen Vollkorngrieß, gekocht","Durum wheat wholemeal semolina, boiled",156,61.95,6.49,1.05,27.45,5.3,0,0.3,15.9,0.4824,0.16,0
H130610,Haselnuss geröstet ohne Fett,Hazelnut roasted without fat,679,2.8,16.25,64.592,4.3,7.8,0,0,152,3.929,5.375,0
G484132,Perlzwiebel gekocht,Pearl onion boiled,33,89.9,1.156,0.15,6.01,1.4,0,6,26,6.01,0.024,0
G510152,Aubergine gedünstet,Aubergine stewed,21,92.6,0.62,0.196,3.28,1.5,0,4,9,2.92,0.043,0
X699412,Folienkartoffeln gebacken,Jacket potatoes baked,90,81.2,2.15,0.105,19.35,1.489,0,170,4,1.53,0.035,0
T305182,"Goldbutt/Scholle, gebraten ohne Fett (Pfanne)",Plaice fried without fat (pan),90,78.3,20.4,0.9,0.0,0,5,65,32,0.0,0.15,79
D079000,Pizzateig (mit Hefe) roh,"Pizza dough with yeast, raw",246,45,6.47,5.13,42.0,3.18,0,147,8.9,0.935,0.39,0.094
U323172,Kalb Kotelett (Rücken) gegrillt,Veal chop (loin) grilled,131,69.568,25.723,3.157,0.0,0,0.395,101,16,0.0,1.322,90
X320053,Grundsauce hell/weiß,Basic sauce white,58,90,0.79,4.5,3.57,0.22,0.009,314,5,0.59,2.8,10
X554043,Paprika-Tomaten-Gemüse gedünstet,Sweet peppers and tomatoes stewed,44,91,1.056,1.618,5.0,1.9,0,261,10,4.9,0.14,0.03
T121132,Thunfisch pochiert,Tuna poached,134,71,21,5.52,0.0,0,5.68,47,50,0.0,1.559,102
Y840143,Rhabarberkompott,Rhubarb compote,75,79.4,0.472,0.11,15.892,2.517,0,3,60,15.711,0.023,0
H740132,"Gartenbohne reif, gekocht","Haricot bean mature, boiled",131,70.72,9.0845,0.6,17.812,6.94,0,1,36,0.79,0.103,0
T415600,Königslachs geräuchert,Chinook salmon smoked,195,66.7,21.483,12.091,0.0,0,4.3,52,30,0.0,2.7,60
U564162,Schwein Dicke Rippe gebraten ohne Fett (Ofen),Pork breast tip cut fried without fat (oven),228,59.63,25.24,14.13,0.0,0,0.27,77.1,9.9,0.0,4.59,89.84
C118032,"Quinoa weiß, gekocht","Quinoa white, boiled",104,74.1,3.491,1.8,16.92,3.08,0,2.28,19.78,0.49629,0.173,0
V132162,"Kaninchen Fleisch, gebraten ohne Fett (Ofen)","Domestic rabbit meat, fried without fat (oven)",154,65.6,25.7,5.7,0.0,0,0,59,16,0.0,2.2,88
U721172,"Schaf Kotelett, gegrillt",Sheep chop (loin) grilled,464,35.746,20.434,42.514,0.0,0,0,118,12,0.0,19.392,91
V526132,"Hammel Hirn, gekocht","Mutton brain, boiled",126,77.665,12.182,8.565,0.0,0,-,79,5.1,0.0,2.166,2588
R912000,Sushi Ingwer (Gari) Konserve,Sushi ginger (Gari) canned,65,81,1.2,0.47,12.6,1.2,0,660,12,8.74,0.13,0
M2D1100,"Joghurt aus entrahmter Milch, max. 0,5 % Fett, mit Vanillezubereitung, Zucker und Süßungsmitteln","Yogurt from skimmed milk, max. 0.5 % fat, with vanilla preparation, sugar and artificial sweeteners",46,89,3.661,0.086,7.1,0.01,0,52,137,6.2,0.051,1
W141100,Deutsche Salami/Schinkensalami,German salami,386,40.5,21.81,33.08,0.18,0.1,0.39,1500,35,0.0,12.5,81.71
T305232,"Goldbutt/Scholle, tiefgefroren, pochiert","Plaice deep-frozen, poached",63,83.663,13.37,1.043,0.0,0,5,141,18,0.0,0.173,72
G480400,Speisezwiebel getrocknet,Onion dried,315,10.8,10.832,1.406,56.33,13.1,0,84,234,56.33,0.2346,0
G485142,Schalotte geschmort ohne Fett,Shallot braised without fat,41,87.1,2.5,0.1,4.0,6.7804,0,14,37,4.0,0.02,0
N410600,Kaffee (Getränk) mit Zucker,Coffee (infusion) with sugar,9,96.4,0.12,0,1.861,0.3084,0,4,6.9,1.861,0,0
B561200,Dinkelbrötchen mit Nüssen,Spelt roll with nuts,312,26.5,10.7,6.54,50.0,5,0,542,24,1.2,1.14,0
T093400,Kabeljaurogen gesalzen,Cod roe salted,126,66.1,24.8,3,0.0,0,6.4,1434,14,0.0,0.423,402
B6A2700,Roggenvollkornknäckebrot mit Kümmel,Wholemeal rye crispbread with caraway seeds,328,6,9.45,1.4,59.37,19.92,0,530.9,39.2,1.906,0.153,0
G321182,Chinakohl gebraten ohne Fett (Pfanne),Chinese white cabbage fried without fat (pan),34,89.1,3.396,0.377,2.6,3.2,0,25,142,2.342,0.023,0
T410082,Lachs gebraten ohne Fett (Pfanne),Salmon fried without fat (pan),208,64.001,23.631,12.6,0.0,0,4,33.9,14,0.0,2.698,72.9
T207600,"Köhler/Seelachs, geräuchert","Saithe/pollack, smoked",98,73.6,22.8,0.81,0.0,0,0,648,24,0.0,0.214,65
G210600,Gemüsesaft aus Spinat,Spinach juice,10,95.4,1.4,0.24,0.44,0.2,0,73,1,0.29,0.024,0
U323162,Kalb Kotelett (Rücken) gebraten ohne Fett (Ofen),Veal chop (loin) fried without fat (oven),134,68.535,27.114,2.832,0.0,0,0.378,101,17,0.0,1.186,95
C354100,"Reismischung mit Wildreis, roh","Rice mix with wild rice, raw",360,12.1,9.573,2.263,73.43,4,0,4.38,15.2,0.73,0.397,0
H861042,Tofu geschmort ohne Fett,Tofu braised without fat,116,72.843,16.422,5.233,0.0,1.529,0,10,198,0.0,0.86,0
U583200,Schwein Kochfleisch (Bauch) tiefgefroren,Pork meat for boiling (belly) deep-frozen,324,53.05,17.74,28.06,0.0,0,0.43,60.9,4.8,0.0,10.05,61.17
K120164,"Kartoffel ungeschält, gebacken","Potatoe unpeeled, baked",100,74.2,2.5,0.2,20.717,2.6,0,2,12,1.444,0.043,0
V635200,"Ente Leber, tiefgefroren","Duck liver, deep-frozen",121,71.8,18.7,4.64,1.2,0,0.68,108,11,0.0,1.4,515
E141132,Gänseei gekocht,Goose egg boiled,177,70.4,13.9,13.3,0.34,0,1.6,138,60,0.34,3.6,852
T200152,Grenadier gedünstet,Grenadier stewed,69,82.494,15.625,0.667,0.0,0,-,114,24,0.0,0.162,31
U331182,Kalb Steak (Rücken) gebraten ohne Fett (Pfanne),Veal steak (loin) fried without fat (pan),142,67.237,27.867,3.348,0.0,0,0.389,78,17,0.0,1.401,97
C333132,"Hirse Flocken, gekocht","Millet wholegrain flakes, boiled",67,82.4,2.23,0.59,12.77,0.62,0,0.1,1.6,0.10494,0.1,0
G710200,"Bohne grün, tiefgefroren","Bean green, deep-frozen",28,87.933,1.9,0.267,3.7,2.1,0,1.98,71,2.39,0.079,0
Y843212,Johannisbeerkompott ungesüßt,Red currant compote unsweetened,30,88.8,1.13,0.157,3.38,2.7,0,2,33,3.38,0.03,0
N720300,"Kräutertee (Getränk) mit Milch 3,5 % Fett und Zucker",Herbal tea (infusion) with milk 3.5 % fat and sugar,9,97.8,0.12,0.11,1.93,0,0,4,10.5,1.93,0.072,0.5
F130600,Birnensaft,Pear juice,64,83.6,0.27,0.232,15.8,0.3,0,9.75,8.215,13.0,0.031,0
V217162,"Hirsch Rücken, gebraten ohne Fett (Ofen)","Venison saddle, fried without fat (oven)",140,67.973,26.808,3.66,0.0,0,0.438,73,12.7,0.0,1.389,89
G430182,Gemüsefenchel gebraten ohne Fett (Pfanne),"Fennel/Florence fennel, fried without fat (pan)",51,84.1,2.642,0.377,6.46,6.2,0,51,71.07,5.6,0.084,0
H430610,Sonnenblumenkern geröstet ohne Fett,Sunflower seeds roasted without fat,573,2.7,26.11,48.571,4.9,5.918,0,0,87.4,3.52,4.85,0
U686162,Schwein Unterschale (mit Rolle) gebraten ohne Fett (Ofen),"Pork silverside, fried without fat (oven)",256,56.49,25.55,17.07,0.0,0,0.22,63.6,4.4,0.0,5.663,81.01
F301400,Erdbeere getrocknet,Strawberry dried,323,9.58,7.059,3.443,50.932,17.2,0,9,138,50.416,0.2694,0
G211182,Spinat gebraten ohne Fett (Pfanne),Spinach fried without fat (pan),28,88.1,3.085,0.448,1.39,2.7,0,75,121,1.12,0.045,0
T422272,"Forelle tiefgefroren, gegrillt","Trout deep-frozen, grilled",161,69.485,25.003,6.523,0.0,0,8.96,141,27,0.0,1.089,77
H170610,Cashewkern geröstet ohne Fett,Cashew nut roasted without fat,629,2.7,21.01,48.061,26.5,3.1,0,10,39,6.276,9.45,0
R943000,"Ganache/Canache, Überzug für Gebäck/Torten",Ganache for pastry/tortes,405,31.9,4.27,29.04,29.5,4.19,0.04,19,59,28.0,16.54,36.9
Y397812,Schweinebauch gebraten im Ofen (mit Fett und Salz),Pork belly fried in oven (with fat and salt),431,38.1,22.69,37.77,0.02,0.01,0.46,230.9,6.4,0.0,10.82,82.33
X0A3000,"Knuspermüsli (Granola) gesüßt, gebacken","Crunchy muesli (granola) sweetened, baked",416,8.2,12.3,18,46.6,8.9,0,7,48,15.7,4.7,0.09
U432142,"Kalb Hals/Nacken/Kamm, geschmort ohne Fett",Veal scrag braised without fat,132,69.558,26.571,2.837,0.0,0,0.427,83,18,0.0,1.186,93
T121172,Thunfisch gegrillt,Tuna grilled,169,64,27.4,6.62,0.0,0,5.68,54,50,0.0,1.872,102
D618000,Gewürzplätzchen glutenfrei,Spiced biscuits gluten-free,471,8,3.232,22.104,64.0,1.75,0.2,41,22,25.517,13.563,92
S570900,Bitterschokolade mit Kaffee,Dark chocolate filled with coffee,563,1.1,9.1,41.33,33.7,10.11,0.02,8,70.3,30.0,24.97,2.3
U522182,"Schwein Stielkotelett, gebraten ohne Fett (Pfanne)",Pork chop (loin) fried without fat (pan),206,61.11,26.99,10.9,0.0,0,0.16,55.9,7.5,0.0,3.67,75.45
G898100,Gemüse-Meerrettich (ohne Salz) Konserve,Horseradish (unsalted) canned,123,73,4.112,7.56,7.76,3.001,0,6,50,5.486,0.55,0.154
T207172,"Köhler/Seelachs, gegrillt","Saithe/pollack, grilled",127,72.409,24.913,3.019,0.0,0,0,68.3,28,0.0,0.81,79
H180610,Paranuss geröstet ohne Fett,Brazil nut roasted without fat,716,0.8,16.96,69.49,2.8,5.9,0,22.9,164,2.439,17.009,0
U131172,Rind Steak (Rücken) gegrillt,Beef steak (loin) grilled,151,72,26.283,5.101,0.0,0,0.376,57,3.891,0.0,2.297,59.1
U221162,Rind Roastbeef (Rücken) gebraten ohne Fett (Ofen),Beef roastbeef (loin) fried without fat (oven),160,69.4,29.124,4.811,0.0,0,0.378,63,3.881,0.0,2.099,65.5
N002000,"Nearwater/Aqua Plus Getränk, aromatisiert, gesüßt","Nearwater/Aqua Plus beverage, flavoured, sweetened",13,96.8,0,0,3.2,0,0,3,10,3.2,0,0
V475182,"Gans Schenkel, mit Haut, gebraten ohne Fett (Pfanne)","Goose leg, with skin, fried without fat (pan)",206,65.24,24.49,11.96,0.0,0,0.39,95,7.6,0.0,3.364,143.8
U892200,"Schaf Hinterhaxe, mittelfett, tiefgefroren","Sheep hindshank, medium fat, deep-frozen",180,68,18.8,11.6,0.0,0,0,60,8,0.0,3.6,67
V466182,"Ente Brust, mit Haut, gebraten ohne Fett (Pfanne)","Duck breast, with skin, fried without fat (pan)",192,64.192,24.051,10.603,0.0,0,0.3,44,20,0.0,3.522,103.996
G670162,Wurzelpetersilie gebacken,Parsley root baked,89,80.1,3.388,0.553,16.2,2.506,0,14,46,7.117,0.089,0
V573142,"Schwein Niere, geschmort ohne Fett","Pork kidney, braised without fat",113,75.585,19.938,3.719,0.0,0,0.1,127,8.9,0.0,1.145,500
Y885150,Erdbeerjoghurt mit Sahne,Strawberry yogurt with cream,96,81,2.56,4.8,9.65,0.7,0.008,24,70,9.63,2.72,12.3
C211132,"Weizen Vollkornschrot, gekocht","Wheat coarse meal, boiled",50,87.881,1.9931,0.276,8.928,2.063,0,1,4.6,0.158,0.034,0
D623400,Schinkenwaffeln (Rührmasse),Ham waffles (cake batter),334,38,12.42,18.94,27.3,2,0.6,313,28,0.92,10.71,163
G541072,"Gemüsepaprika grün, gegrillt","Sweet pepper green, grilled",41,93.7,1.138,0.258,7.4,2.2,0,5,8,7.0,0.065,0
M8C3300,"Speisequarkzubereitung mind. 20 % Fett i. Tr., mit Vanillezubereitung, gesüßt","Quark preparation min. 20 % fat in dry matter, with vanilla preparation, sweetened",114,75.3,7.28,3.66,12.32,0.021,0.041,31,80,10.51,2.12,9.6
H760600,"Sojabohne reif, geröstet ohne Fett (Sojakerne)",Soya bean mature (soya kernel) roasted without fat,392,7.6,38.2,18.64,6.7,22.408,0,5,283,6.1,2.398,0
W184000,Bratwurst geräuchert,"Bratwurst sausage smoked, raw, small, firm",264,56.2,19.74,20.53,0.12,0.07,0.32,1000,6.2,0.0,7.73,71.18
U284132,"Rind Hüfte, gekocht","Beef rump, boiled",174,58.5,36.2,3.2,0.0,0,0.545,57,6,0.0,1.39,100
V464172,"Ente Fleisch, mit Haut, gegrillt","Duck meat, with skin, grilled",268,55.085,24.983,18.654,0.0,0,0.3,49,20.6,0.0,6.194,106.925
X431143,"Ei-Einlauf, Suppeneinlage",Egg added to soups,134,73.2,10.32,6.28,8.72,0.66,1.2,217,38,0.27,1.69,240
U742182,"Schaf Schnitzel (Keule, mittelfett) gebraten ohne Fett (Pfanne)","Sheep schnitzel (leg, medium fat) fried without fat (pan)",224,59,25.9,13.4,0.0,0,0,74,10,0.0,5.7,97
T213162,"Alaska-Pollack/Alaska-Seelachs, gebraten ohne Fett (Ofen)",Alaska pollock fried without fat (oven),77,77.1,16.9,1.05,0.0,0,0,134,16,0.0,0.188,80
R944000,Trüffelfüllcreme für Gebäck/Torten,Truffle cream filling for pastry/tortes,428,30.8,4.04,32.59,27.7,3.94,0.047,18,55,26.3,19.06,47
U020142,"Schwein Hackfleisch, geschmort ohne Fett","Pork mince, braised without fat",393,40.11,27.71,31.36,0.0,0,0.39,52.7,5.2,0.0,10.471,96.2
U771142,"Schaf Bratenfleisch (Bug, mager) geschmort ohne Fett","Sheep meat for roasting (shoulder, lean) braised without fat",193,62.5,29.2,8.45,0.0,0,0.2,66,19,0.0,2.89,100
H320600,Pinienkern geröstet ohne Fett,Pine nut roasted without fat,673,1,16.4,63.2,6.3,6.5,0,173,11.1,4.1,4.42,0
G211162,Spinat gebacken,Spinach baked,22,90.4,2.432,0.353,1.08,2.1,0,59,95,0.87,0.036,0
X9A2110,"Porridge ungesüßt, mit Sojadrink","Porridge unsweetened, with soya drink",96,76.3,5.5,2.458,11.2,3.62,0,32.4,22,0.538,0.431,0
T612182,Schwertfisch gebraten ohne Fett (Pfanne),Swordfish fried without fat (pan),124,70.39,23.038,3.5,0.0,0,2.37,108,12,0.0,0.657,49
Y842912,Süßkirschkompott ungesüßt,Sweet cherry compote unsweetened,59,85.3,0.75,0.258,12.77,1.6,0,0.9,13,11.38,0.058,0
Y8A4050,"Grießflammeri/Grießpudding, ohne Ei",Semolina pudding without egg,118,73.5,4.32,3.21,17.66,0.44,0,48,106.2,9.81,1.99,12.4
U287162,"Rind Oberschale, gebraten ohne Fett (Ofen)","Beef topside/top round, fried without fat (oven)",159,67.3,28.205,5.101,0.0,0,0.394,56,8,0.0,2.318,69.9
U871172,"Schaf Vorderhaxe, mager, gegrillt","Sheep foreshank, lean, grilled",161,63.5,29.7,4.72,0.0,0,0,114,7,0.0,1.47,94
U861132,"Schaf Bug/Schulter, mager, gekocht","Sheep shoulder, lean, boiled",206,60.1,31.2,9.01,0.0,0,0.3,70,20,0.0,3.1,107
K703152,Morchel gedünstet,Morel stewed,41,85,3.504,0.451,0.8,9.873,0,3,15,0.8,0.076,0
C414100,Mehlmischung glutenfrei,Flour mix gluten-free,348,12.9,2.6,0.68,81.8,2,0,4,13,0.4,0.091,0
Y461132,Lammbraten ohne Sauce,Lamb roast without sauce,166,64.9,26.77,6.55,0.02,0.01,0.2,258,20,0.0,1.79,87
T501182,Karpfen gebraten ohne Fett (Pfanne),Carp fried without fat (pan),138,70.09,21.375,5.83,0.0,0,-,32,82,0.0,1.524,94
V574142,"Schaf Niere, geschmort ohne Fett","Sheep kidney, braised without fat",162,62.8,29.8,4.72,0.0,0,0.2,218,26,0.0,1.57,674
V546132,"Hammel Lunge, gekocht","Mutton lungs, boiled",92,78.622,18.4,2.044,0.0,0,-,137,15,0.0,0.63,239
T512200,Schleie tiefgefroren,Tench deep-frozen,77,76.5,17.7,0.74,0.0,0,-,33,63,0.0,0.21,75
E604300,"Eierteigwaren mit Weizenkeimen, roh","Egg pasta with wheat germ, raw",367,9.45,15.46,2.69,67.47,5.52,0.2,16,32,1.172,0.52,34
V416172,"Hähnchen Brustfilet, gegrillt","Chicken breast fillet, grilled",140,66.98,30.29,2.05,0.0,0,0.16,53.9,5.6,0.0,0.465,89.5
C242032,"Gerste Schrot, gekocht","Barley coarse meal, boiled",51,86.4,1.749,0.317,9.5,1.4,0,2,5.4,0.257,0.08,0
T307600,Schwarzer Heilbutt geräuchert,Greenland halibut smoked,232,65.9,17.3,18.1,0.0,0,17,520,18,0.0,2.606,26.3
V484200,"Pute Fleisch, mit Haut, tiefgefroren","Turkey meat, with skin, deep-frozen",157,70.35,20.2,8.5,0.0,0,0.3,63,15,0.0,2.173,74
T207262,"Köhler/Seelachs, tiefgefroren, gebraten ohne Fett (Ofen)","Saithe/pollack, deep-frozen, fried without fat (oven)",119,72.496,26.348,1.512,0.0,0,0,90,11,0.0,0.246,73
G650132,Schwarzwurzel gekocht,Black salsify boiled,51,82.1,1.3,0.4,6.6,5,0,4,47,2.074,0.045,0
B257300,Weizenmischbrot mit Buttermilch,Wheat-rye bread (> 50 % and < 90 % wheat) with buttermilk,222,42,7.34,0.89,43.0,6.36,0,483,28.5,1.02,0.14,0.7
T601132,"Barsch/Flussbarsch, pochiert",European perch poached,73,81,16.83,0.6,0.0,0,3.5,50,134,0.0,0.096,88
B780500,Pumpernickel,Pumpernickel,176,44.022,4.845,1.455,31.1,9.352,0,428,23.51,1.5,0.14,0
X654042,Pommes frites,Potato chips,239,51.6,3.368,10.656,31.077,2.465,0,382.7,16,1.562,0.79,0.215
U651142,"Schwein Brustspitze, geschmort ohne Fett","Pork breast tip, braised without fat",251,56.33,26.5,16.1,0.0,0,0.29,60.5,9.5,0.0,6.051,96.35
T633182,Meeräsche gebraten ohne Fett (Pfanne),Grey mullet fried without fat (pan),126,69.84,24.225,3.25,0.0,0,3.1,73,66,0.0,1.046,101
T600182,Meerbarbe gebraten ohne Fett (Pfanne),Goatfish fried without fat (pan),116,72.175,23.869,2.25,0.0,0,3.1,75,26,0.0,0.255,62
V132200,"Kaninchen Fleisch, tiefgefroren","Domestic rabbit meat, deep-frozen",133,70.8,20.8,5.5,0.0,0,0,53,14,0.0,2.1,68
U871142,"Schaf Vorderhaxe, mager, geschmort ohne Fett","Sheep foreshank, lean, braised without fat",159,63.7,30.3,4.19,0.0,0,0,77,6,0.0,1.31,97
S241600,"Speiseeis Vanille, überzogen mit Schokolade und Mandeln","Vanilla ice cream, covered with chocolate and almonds",326,39.9,4.9,20.1,30.07,1.9,0.01,57,125.3,27.01,11.2,21.1
Y6A3010,Rotbarschfilet pochiert (ohne Sauce),Redfish fillet poached (without sauce),90,78.5,14.5,3.51,0.0,0,3.7,119,28,0.0,0.72,37.4
U342200,Kalb Schnitzel (Keule) tiefgefroren,Veal schnitzel (round) deep-frozen,89,75.8,20.7,0.72,0.0,0,0.4,86,13,0.0,0.301,58
D0A6000,"Kuchenboden/Tortenboden (Mürbeteig, einfacher)","Cake base/torte base (shortcrust pastry, simple)",480,10.5,7.83,24.68,55.04,2.97,0.3,45,18,14.957,15.13,103
M248000,"Joghurt mind. 3,5 % Fett, mit Kaffeezubereitung, gesüßt","Yogurt min. 3.5 % fat, with coffee preparation, sweetened",101,78.3,3.8,3.1,13.7,0.1,0.06,54,142,13.3,1.6,11
C532800,Reiswaffeln gesalzen,Puffed rice waffles salted,372,3.8,8.1,2.89,76.48,3.69,0,120,17,0.43,0.49,0
F225152,Reineclaude gedünstet,Greengage stewed,72,77.7,0.99,0,15.8,2.647,0,1,16,12.7,0,0
P5A5000,"Kaffeelikör/Schokoladenlikör, cremig, mit Milch/Sahne","Coffee/chocolate liqueur, with milk/cream",262,56,0.75,10.178,18.0,0.03153,0.03,12,27,18.0,5.421,27
G486152,Frühlingszwiebel/Lauchzwiebel (ohne Laub) gedünstet,"Spring onion, bulb only, stewed",32,87,0.9,0.147,5.87,1.4,0,13,137,5.87,0.025,0
C492000,Mehrkornschrot,Grain mix coarse meal,329,12.2,10.97,3.09,58.0,12.6,0,9,39.6,1.317,0.61,0
T061182,"Hornfisch/Hornhecht, gebraten ohne Fett (Pfanne)",Garfish fried without fat (pan),125,72,23.2,3.6,0.0,0,5.48,65.9,98.8,0.0,0.72,106
D710300,Biskuitplätzchen,Small sponge biscuits,414,2,12.44,5.4,77.47,2.64,1,106,35,41.833,1.4,192
D733200,Streuselplätzchen (Mürbeteig),Crumble biscuits (shortcrust pastry),490,8,7.05,24.71,58.5,2.8,0.2,83,16,20.621,15.28,92
F211400,Süßkirsche getrocknet,Sweet cherry dried,277,25,3.537,1.218,60.25,7.5,0,0.927,55,53.69,0.275,0
X4B2000,"Haferflockensuppe gesüßt, mit Milch 3,5 % Fett","Oat flakes soup sweetened, with milk 3.5 % fat",103,77.7,4.75,4.32,10.9,0.62,0,50,135,7.91,2.57,15.7
N414000,"Cappuccino (Getränk) mit Milch 3,5 % Fett",Cappuccino (infusion) with milk 3.5 % fat,50,89.6,2.9,2.79,3.22,0.084,0,29,95,3.22,1.768,11.1
U950100,"Schweinefleisch im eigenen Saft, mit Schwarten Konserve","Pork in its own juice, with rind, canned",297,55.2,17.6,25,0.42,0.11,0.19,600,25,0.0,10.868,92.05
G322132,Grünkohl gekocht,Curly kale boiled,38,88.4,2.7,1.3,2.0,3.5,0,6,280,1.0,0.096,0
D790100,"Kekse/Plätzchen, salzig (Vollkornmürbeteig)","Wholemeal biscuits, salted",497,4,9.42,27.44,48.4,9.2,0,582,25,0.664,10.663,0
T603172,Zander gegrillt,Pike-perch grilled,105,73.65,24.5,0.79,0.0,0,3.6,30,68,0.0,0.175,90
N410200,"Kaffee (Getränk) mit Milch 3,5 % Fett",Coffee (infusion) with milk 3.5 % fat,3,97.8,0.23,0.12,0.13,0.30378,0,5,10.7,0.13,0.073,0.5
G581142,Kürbis Pumpkin (C. pepo) geschmort ohne Fett,Pumpkin (C. pepo) braised without fat,39,95.71,1.197,0.141,6.39,3.769,0,0.969,10.471,5.61,0.037,0
V465200,"Ente Schenkel, mit Haut, tiefgefroren","Duck leg, with skin, deep-frozen",212,72.3,17.17,15.96,0.0,0,0.35,103,5.2,0.0,5.3,97.8
B526400,Roggenbrötchen mit Mohn,Rye roll with poppy seeds,275,29.755,8.45,3.43,48.0,8.93,0,556,45,0.85,0.91,0
V488182,"Pute Innereien, gebraten ohne Fett (Pfanne)","Turkey giblets, fried without fat (pan)",236,55.8,26.6,14.39,0.0,0,1.01,102,16,0.0,3.78,375
F403600,Schlehensaft,Sloe fruit juice,42,85.8,0.675,0.176,7.04,0.4,0,0.96,52,7.04,0,0
G480072,Speisezwiebel gegrillt,Onion grilled,54,84,1.827,0.242,9.69,2.3,0,15,40,9.69,0.0405,0
T305132,"Goldbutt/Scholle, pochiert",Plaice poached,66,84,15,0.7,0.0,0,6,62.6,30,0.0,0.13,73
K440182,Yamswurzel gebraten ohne Fett (Pfanne),Yam fried without fat (pan),140,64.2,2.273,0.148,29.2,6.318,0,11,28,0.8,0.052,0
G660600,Gemüsesaft aus Knollensellerie,Celeriac juice,18,95.1,1.318,0.264,2.22,0.4,0,69,39,1.688,0.053,0
U802000,"Schaf Fleisch, fett- und sehnenarm, roh","Sheep meat, low in fat and tendons, raw",125,73.8,20,5,0.0,0,0,92,12,0.0,2,65
U753142,"Schaf Gulasch (Bug, fett) geschmort ohne Fett","Sheep goulash (shoulder, fat) braised without fat",372,47.4,24.8,30.3,0.0,0,0.2,88,10,0.0,13.8,97
H844500,"Soja-Joghurtalternative gesüßt, aromatisiert, angereichert mit Vitaminen und Calcium","Plant-based yogurt alternative, made from soya, sweetened, flavoured fortified with vitamins and calcium",62,86.8,3.96,2.54,5.4,0,0,33,124,5.2,0.434,0
Y599012,Hähnchenschenkel gekocht (mit Fett und Salz),Chicken thigh boiled (with fat and salt),292,54.1,22.86,22.32,0.0,0,0.37,181.6,7,0.0,4.73,130.2
Y311612,"Schweinemedaillon natur, gebraten",Pork medaillon fried,129,67.6,28.6,1.6,0.0,0,0,247.3,6.1,0.0,0.3,77.85
T420182,Forelle gebraten ohne Fett (Pfanne),Trout fried without fat (pan),181,65,25.593,8.58,0.0,0,8.4,48,98,0.0,1.624,70
F211600,Süßkirschsaft,Sweet cherry juice,60,86,0.81,0.248,13.8,0.2,0,0.201,14,12.3,0.056,0
U261142,"Rind Bug/Schulter, geschmort ohne Fett","Beef shoulder, braised without fat",163,65.446,27.126,6.057,0.0,0,0.457,39,4.363,0.0,2.657,81
U203000,"Rind Fleisch, grob entsehnt, sichtbarer Fettanteil max. 5 % (R II) roh","Beef meat, tendons coarsly removed, visible fat content max. 5 % (R II) raw",156,69.352,20.758,8.11,0.0,0,0.48,63,29.1,0.0,3.624,59
U109142,"Rind Ochsenschwanz, geschmort ohne Fett","Beef oxtail, braised without fat",241,56.1,29.5,13.7,0.0,0,0.478,98,15,0.0,6.238,93
G430152,Gemüsefenchel gedünstet,"Fennel/Florence fennel, stewed",26,92.6,1.373,0.196,3.37,3.2,0,26,36.928,2.92,0.043,0
U522700,"Schwein Stielkotelett, Kochpökelware, geräuchert","Pork chop (loin) cooked cured, smoked",131,74.1,17.07,6.82,0.437,0,0.09,700,5.7,0.437,2.301,50.38
T507152,"Pangasius/Schlankwels, gedünstet",Striped catfish stewed,68,86.461,13.156,1.713,0.0,0,0,234,12,0.0,0.7429,50.4
V512200,"Kalb Herz, tiefgefroren","Veal heart, deep-frozen",109,77,15.9,5.06,0.0,0,0,104,16,0.0,1.933,125
G542172,"Gemüsepaprika gelb, gegrillt","Sweet pepper yellow, grilled",30,92.3,0.843,0.215,4.755,2.366,0,1,6,4.755,0.0551,0
T102162,Hering gebraten ohne Fett (Ofen),Herring fried without fat (oven),171,74.2,20.4,9.906,0.0,0,17,102,65,0.0,2.576,75
H861132,Seidentofu gargezogen,Silken tofu poached,41,90.5,4.2,2.5,0.0,0.6,0,5,19,0.0,0.39,0
G410132,Artischocke gekocht,Artichokes boiled,54,78.9,2.919,0.146,3.27,13.56,0,48,68,3.05,0,0
C660300,"Haferdrink gesüßt, aromatisiert","Oat drink sweetened, flavoured",41,88.1,0.72,0.98,7.18,0.44,0,46,4.2,7.01,0.1204,0.026
U693200,"Schwein Hintereisbein/Hinterhaxe, tiefgefroren",Pork hindshank (hock) deep-frozen,222,63.6,20.12,15.7,0.0,0,0.32,84.9,5.1,0.0,5.281,70.04
T617182,Schafskopf (Meerbrasse) gebraten ohne Fett (Pfanne),Sheepshead fried without fat (pan),120,73.8,24,2.71,0.0,0,3.1,75,26,0.0,0.671,62
X465553,Grüne-Bohnen-Suppe mit Gemüsebrühe und Kartoffeln,Green bean soup with vegetable stock and potatoes,33,90,1.57,0.2,5.5,1.4,0,153,34,1.97,0.1,0
U452162,"Kalb Brust, gebraten ohne Fett (Ofen)","Veal breast, fried without fat (oven)",234,59.641,23.87,15.351,0.0,0,0.378,114,14,0.0,6.426,92
U721182,"Schaf Kotelett, gebraten ohne Fett (Pfanne)",Sheep chop (loin) fried without fat (pan),393,44.31,19.39,35.068,0.0,0,0,105,11,0.0,15.996,88
F302400,Himbeere getrocknet,Raspberry dried,302,3.88,7,2.103,36.2,32.9,0,3.5,91,36.2,0.0708,0
W441032,Parmaschinken gekocht,Parma ham boiled,323,40.63,32.345,20.939,0.16,0,0,1953,15.6,0.16,7.756,114.2
D9A1000,"Vollkornblätterteig eifrei, roh","Wholemeal puff pastry egg-free, raw",405,35.6,4.9,31.28,23.72,4.71,0,153,13.9,0.28552,12.45,0
U816172,"Hammel Filet/Lende, gegrillt","Mutton tenderloin, grilled",260,55.109,25.646,17.537,0.0,0,-,99,12,0.0,8,99
P285000,Weißwein-Schorle mit Mineralwasser,White wine spritzer with mineral water,33,94.4,0.051,0,0.16,0,0,2.3,9,0.16,0,0
W163100,Schinkenplockwurst/Schinkenplockwurst luftgetrocknet,Schinkenplockwurst sausage air dried,243,54.3,25.55,15.53,0.18,0.1,0.32,1500,7,0.0,5.82,83
S560500,"Zartbitter-/Halbbitterschokolade, mit Mokka/Kaffee","Bittersweet/semisweet chocolate, filled with mocha/coffee",523,1,7,31.4,48.3,9.6,0,10,53,45.6,18.89,3.2
G581042,Kürbis Hokkaido (C. maxima) geschmort ohne Fett,Hokkaido pumpkin braised without fat,33,83.601,1.523,0.218,5.821,0.857,0,8,34.4,5.043,0.051,0
H730032,"Linse rot, reif, gekocht","Lentil red, mature, boiled",113,66.6,8.8,0.76,16.3,3,0,2,13,0.4,0.133,0
S622400,Pralinen gefüllt mit Kokoscreme,Pralines filled with coconut cream,575,1.1,5.36,38.94,49.5,2.72,0.01,63,156,49.1,24.06,14
G341162,Rotkohl gebacken,Red cabbage baked,33,88.6,1.839,0.212,4.391,2.9,0,13,42,4.306,0.0393,0
V112142,"Pferd Fleisch, geschmort ohne Fett","Horse meat, braised without fat",145,66.565,28.476,3.259,0.541,0,0.476,40,11.44,0.0,1.177,96
V232142,"Hase Fleisch, geschmort ohne Fett","Hare meat, braised without fat",155,63.646,30.627,3.594,0.0,0,0,39,16.547,0.0,1.373,97
V413172,"Hähnchen Fleisch, ohne Haut, gegrillt","Chicken meat, without skin, grilled",172,66,27.8,6.7,0.0,0,0.1,88,15,0.0,1.17,93
T311152,Flunder gedünstet,Flounder stewed,79,83.3,14.7,2.28,0.0,0,5,162,70,0.0,0.528,57
P1A3110,Radler sauer (Pilsner Bier mit Mineralwasser),Pilsner beer mixed with mineral water,19,96.2,0.211,0,1.108,0,0,2.1,8,0.053,0,0
V634200,"Hähnchen Leber, tiefgefroren","Chicken liver, deep-frozen",112,76.7,17.44,4.15,1.2,0,0.68,112,5.9,0.0,1.182,324
W156000,Landmettwurst,Landmettwurst sausage firm,265,51.7,25.27,18.21,0.0,0,0.35,1500,5.2,0.0,6.62,76.39
K701400,Champignon getrocknet,Button mushroom dried,261,10.5,33.22,2.487,26.9,17.2,0,375.15,54,2.0,0.438,0
H842600,"Sojadrink gesüßt, aromatisiert, angereichert mit Vitaminen und Calcium","Soya drink sweetened, flavoured, fortified with vitamins and calcium",58,87.5,3.01,2.212,5.69,1.64,0,57,116,5.68,0.321,0
X987512,Weizen gekocht (mit Fett und Salz),Wheat boiled (with fat and salt),202,51.6,6.6158,4.416,30.575,6.847,0,154,15.4,0.544,0.41,0.066
G213152,Neuseeländer Spinat gedünstet,New Zealand spinach stewed,18,92.7,1.8,0.2,1.12,2.2,0,157,70,0.9,0.036,0
T424182,Meerforelle gebraten ohne Fett (Pfanne),Sea trout fried without fat (pan),126,73,21.8,4.06,0.0,0,8.4,62,22,0.0,0.99,104
D734800,Haselnusskugeln (Mürbeteig),Hazelnut balls (shortcrust pastry),553,6.2,9.6,37.75,41.8,4,0.1,30,56,18.496,13.16,67
G342152,Weißkohl gedünstet,White cabbage stewed,35,91,1.502,0.207,4.93,3.3,0,5,48,4.78,0.0363,0
X0A1020,Cornflakes mit Sojadrink und Ahornsirup gesüßt,"Cornflakes with soya drink, maple syrup sweetened",134,66.1,3.81,1.34,25.4,2.28,0,110,17,4.6,0.187,0.1
G342132,Weißkohl gekocht,White cabbage boiled,29,95.9,1.282,0.176,4.21,2.9,0,8,29,4.08,0.0311,0
U163142,Rind Roulade (Oberschale) geschmort ohne Fett,Beef meat for olives (topside/top round) braised without fat,163,66.4,28.836,5.326,0.0,0,0.471,38,7.4,0.0,2.42,72.9
K420182,"Batate/Süßkartoffel, gebraten ohne Fett (Pfanne)","Batata/sweet potato, fried without fat (pan)",135,64.9,1.852,0.682,28.6,3.568,0,5,25.488,6.2,0,0
D753500,Vanillehörnchen/Vanillekipferl (Mürbeteig),Vanilla crescents (shortcrust pastry),543,2.5,8.5,32.96,51.4,3.4,0,8,33,27.6,15.87,143
V272142,"Rentier Fleisch, geschmort ohne Fett","Reindeer meat, braised without fat",144,63.5,31.6,2,0.0,0,0.471,56,12,0.0,0.8,110
Q6A6000,Joghurtbutter,Butter with yogurt,611,31.2,1.98,66.19,1.59,0,0.158,20,43,1.59,42.4,172
G322142,Grünkohl gedämpft,Curly kale steamed,44,87.31,3.437,0.553,2.75,6.858,0,18,236,2.1812,0.086,0
U857132,"Lamm Brust, gekocht","Lamb breast, boiled",372,44.769,23.823,30.769,0.0,0,0.492,74,14,0.0,14.032,115
U291132,"Rind Hinterhesse, gekocht","Beef leg/hindshank, boiled",161,66.7,26.4,6.2,0.0,0,0.411,56.5,5.48,0.0,1.9,71.8
U872142,"Schaf Vorderhaxe, mittelfett, geschmort ohne Fett","Sheep foreshank, medium fat, braised without fat",242,56,27.9,14.5,0.0,0,0,56,10,0.0,4.4,105
V485172,"Pute Keule, ohne Haut, gegrillt","Turkey leg, without skin, grilled",176,61.244,31.538,5.554,0.0,0,0.4,119,23,0.0,2.139,110.6
Q6A4000,Butter gesalzen,Butter salted,732,16.7,1.164,80.556,0.56,0,0.192,774,20,0.56,51.603,209
V533200,"Schwein Leber, tiefgefroren","Pork liver, deep-frozen",131,71.46,20.96,4.77,1.0,0,0.36,99.7,5.4,0.0,1.497,174.3
G760162,"Erbse grün, gebacken","Pea green, baked",103,78,6.9,0.565,14.474,5.9,0,2,32,1.533,0.116,0
U121200,Rind Kotelett (Rücken) tiefgefroren,Beef chop (loin) deep-frozen,130,76.4,22.45,4.45,0.0,0,0.4,55,3.191,0.0,1.943,48.5
S229000,Parfait/Halbgefrorenes,Parfait,340,43.1,4,22.921,29.3,0,1,29,70,29.3,10.77,267
F304152,Heidelbeere gedünstet,Blueberry stewed,64,85.6,0.5,0.632,10.21,5.2,0,2,11,10.21,0.0587,0
X537112,Rotkohl gedünstet (mit Fett und Salz),Red cabbage stewed (with fat and salt),45,90.2,0.977,2.753,2.85,1.5,0,83,24,2.81,0.21,0.055
V485200,"Pute Keule, ohne Haut, tiefgefroren","Turkey leg, without skin, deep-frozen",114,74.7,20.5,3.61,0.0,0,0.3,86,15,0.0,1.39,71.9
U371162,Kalb Bratenfleisch (Bug) gebraten ohne Fett (Ofen),Veal meat for roasting (shoulder) fried without fat (oven),120,69.874,27.503,1.092,0.0,0,0.378,94,15,0.0,0.457,85
K713182,Pfifferling gebraten ohne Fett (Pfanne),Chanterelle fried without fat (pan),43,81.068,6.41,0.444,0.903,5.361,0,5,5.9,0.264,0.081,0
G324132,Pak Choi gekocht,Pak choi boiled,15,93,1.653,0.184,1.0,1.6,0,12,73,0.8,0.011,0
T612200,Schwertfisch tiefgefroren,Swordfish deep-frozen,106,74.5,19.4,3.11,0.0,0,2.23,102,10,0.0,0.584,39
F603700,Orangennektar,Orange nectar,38,90.1,0.375,0,8.551,0.155,0,2,12,8.551,0,0
X0A1000,"Cornflakes mit Milch 1,5 % Fett und Honig gesüßt","Cornflakes with milk 1.5 % fat, honey sweetened",148,62.6,4.02,1.49,28.95,1.12,0,116,82,8.08,0.738,4
W441082,Parmaschinken gebraten ohne Fett (Pfanne),Parma ham fried without fat (pan),319,41.46,30.178,21.544,0.15,0,0,2245,13.1,0.15,7.979,102.1
S790000,Kakaomasse,Cocoa mass,672,2,9.609,65.915,4.6,11.186,0,124,65,0.382,39.7,1.6
F406600,Holundersaft,Elderberry juice,57,86.5,2.02,1.36,6.91,0.4,0,1,5,6.88,0.104,0
E607100,Grießklößchen getrocknet,Semolina dumplings dried,431,9.45,21.67,17.22,45.97,2.61,0.9,529,293,9.43,8.87,221
T800100,"Klippfisch 1/1 trocken (gesalzen, getrocknet)","Fish salted, dried",185,34.1,44.7,0.72,0.0,0,0,7600,60,0.0,0.397,71.9
S320000,Hartkaramelle (Bonbon) gefüllt,Boiled sweets filled/hard candy filled,408,12.7,0,0,87.3,0,0,2,0.2,57.7,0,0
V511200,"Rind Herz, tiefgefroren","Beef heart, deep-frozen",121,75.5,16.8,6,0.0,0,0,108,6.99,0.0,2.291,125
P1A1120,"Weizen-Radler, alkoholfrei (Weizenbier, alkoholfrei, mit Zitronenlimonade)","Wheat beer, alcohol-free, mixed with carbonated lemonade",30,90.4,0.242,0,6.996,0,0,5,4,5.836,0,0
G341152,Rotkohl gedünstet,Red cabbage stewed,27,90.6,1.489,0.171,3.555,2.4,0,10,34,3.486,0.0318,0
S475100,Ananas kandiert,Pineapple candied,208,46.7,0.3,0,51.1,0.8,0,4,9,51.1,0.0112,0
U990400,"Sauce Hollandaise, Konserve","Sauce Hollandaise, canned",100,82.3,2.7,7.24,5.998,0.071,0,620,21,0.056,3.59,112
U611172,"Schwein Filet/Lende, gegrillt","Pork tenderloin, grilled",154,65,29.97,3.78,0.0,0,0,60.4,5,0.0,1.159,80.32
Y569122,"Hähnchenschenkel/Hähnchenkeule, gebraten im Ofen",Chicken thigh fried in oven,307,51.2,24.8,23.05,0.0,0,0.38,246.1,7.6,0.0,3.83,141.3
T206172,Schellfisch gegrillt,Haddock grilled,92,77.1,21.5,0.71,0.0,0,-,87,14,0.0,0.122,45.3
B411000,Weizenvollkornbrötchen,Wholemeal wheat roll,288,26.5,10.5,3.26,49.0,9.79,0,584,29,1.4,0.922,0
H926100,Soja-Bratlinge gebraten ohne Fett (Pfanne),Soya burgers fried without fat (pan),287,51,20.1,20.13,6.0,0.5,0,694,49,3.2,2.1,0.1
C334032,Hirse gekocht,Millet boiled,139,64.6,4.67,1.17,26.76,1.31,0,0.1,3.4,0.21971,0.228,0
U773162,"Schaf Bratenfleisch (Bug, fett) gebraten ohne Fett (Ofen)","Sheep meat for roasting (shoulder, fat) fried without fat (oven)",351,50.3,23.3,28.6,0.0,0,0.2,118,10,0.0,13,91
P9A8000,"Cocktail, Kir Royal","Cocktail, Kir royale",90,89,0,0,4.8,0,0,4,7,4.8,0,0
C238032,"Dinkel Grieß, gekocht","Spelt semolina, boiled",37,90.71,1.36,0.2,7.14,0.67,0,0.1,1.9,0.0725,0.022,0
K718152,Steinpilz gedünstet,Porcini mushroom stewed,65,82.05,7.606,0.563,4.6,8.479,0,8,5.89,0.746,0.1,0
Y890512,"Kaiserschmarren (mit Milch 1,5 % Fett) gebraten","""Kaiserschmarren"" fried (thick pancake with milk 1.5 % fat, cut into pieces)",244,53.4,8.1,12.6,23.3,1.4,1,74,67,7.3,2,181
K704182,Birkenpilz gebraten ohne Fett (Pfanne),Brown birch bolete fried without fat (pan),76,77.93,7.705,1.016,5.36,10.639,0,3,3.1,0.869,0.181,0
Y841412,Aprikosenkompott ungesüßt,Apricot compote unsweetened,38,87,0.7,0.116,7.323,1.372,0,2,20.7,6.61,0.0092,0
Y362012,"Schweinshaxe geschmort, ohne Sauce","Pork hock braised, without sauce",300,49.7,29.71,20.15,0.02,0.01,0.3,319.3,8.1,0.0,5.29,103.88
D730300,Spritzgebäck mit Mandeln (Rührmasse),Spritz biscuits with almonds (cake batter),528,5.2,7.07,31.18,53.08,3.3,0.062,13,20,23.038,17.06,67
S142300,Birnenkraut (ohne Zuckerzusatz),"Pear butter, unsweetened",191,43.45,1,0.9,42.9,9.9,0,2.44,25,33.2,0.1215,0
V272162,"Rentier Fleisch, gebraten ohne Fett (Ofen)","Reindeer meat, fried without fat (oven)",144,63.3,31.6,2,0.0,0,0.471,80,13,0.0,0.8,110
V402142,"Baby-Pute Fleisch, mit Haut, geschmort ohne Fett","Young turkey meat, with skin, braised without fat",183,61.491,31.705,6.268,0.0,0,0.3,41,20,0.0,1.601,114
U892162,"Schaf Hinterhaxe, mittelfett, gebraten ohne Fett (Ofen)","Sheep hindshank, medium fat, fried without fat (oven)",219,60,25.2,13.1,0.0,0,0,72,10,0.0,4,94
T753132,"Garnele/Granat/Krabbe, gekocht",Common shrimp boiled,94,77.131,19.11,1.973,0.0,0,-,170,126,0.0,0.43553,184.349
T208182,"Merlan/Wittling, gebraten ohne Fett (Pfanne)",Whiting fried without fat (pan),100,76.8,21.8,1.47,0.0,0,1.5,86,49,0.0,0.265,70
T207272,"Köhler/Seelachs, tiefgefroren, gegrillt","Saithe/pollack, deep-frozen, grilled",107,75.589,23.507,1.427,0.0,0,0,92,9,0.0,0.233,64
K707182,Edel-Reizker gebraten ohne Fett (Pfanne),Saffron milk cap (red pine mushroom) fried without fat (pan),59,81.6,4.644,1.098,4.8,9.066,0,10,10,0.3,0.192,0
K702182,Trüffel gebraten ohne Fett (Pfanne),Black truffle (Perigord black truffle) fried without fat (pan),120,57.7,13.587,0.836,1.0,27.115,0,126,39,1.0,0.148,0
K110162,"Kartoffel geschält, gebacken","Potatoe peeled, baked",117,70.478,2.732,0.141,25.211,2,0,4.8,13,1.267,0.0499,0
F301600,Erdbeersaft,Strawberry juice,30,92.7,0.738,0.32,5.325,0.2,0,3.904,4.193,5.271,0.025,0
Y851512,Rhabarberkompott zuckerreduziert,Rhubarb compote sugar-reduced,49,85.8,0.508,0.119,9.13,2.71,0,2,64,8.935,0.024,0
T313200,Rotzunge tiefgefroren,Witch deep-frozen,71,82.1,15.5,1,0.0,0,5,121,29,0.0,0.143,15
C359042,"Reis parboiled, poliert, geschmort ohne Fett","Rice parboiled, braised without fat",101,68.8,2.405,0.27,22.1,0.5,0,0,2,0.1,0.076,0
T204152,"Dorsch/Kabeljau, gedünstet",Cod stewed,74,81.5,16.7,0.84,0.0,0,-,76,35,0.0,0.19,43
U853132,"Schaf Brust, fett, gekocht","Sheep breast, fat, boiled",480,33.9,17.5,45.5,0.0,0,0.492,74,14,0.0,20.768,116.9
G482182,"Frühlingszwiebel/Lauchzwiebel, gebraten ohne Fett (Pfanne)",Spring onion fried without fat (pan),43,83,3,0.3,4.7,4.1,0,19,89,4.4,0.051,0
U632162,"Schwein Kamm, gebraten ohne Fett (Ofen)","Pork neck, fried without fat (oven)",205,62.78,24.66,11.78,0.0,0,0.29,60.2,4.6,0.0,4.391,85.27
T121182,Thunfisch gebraten ohne Fett (Pfanne),Tuna fried without fat (pan),153,67,25,5.84,0.0,0,4.54,43,47,0.0,1.652,96
F602600,Limettensaft,Lime juice,24,92,0.45,0.2,1.52,0.129,0,1.9,13,1.52,0,0
V594132,"Schaf Zunge, gekocht","Sheep tongue, boiled",229,63.9,18.6,17.2,0.0,0,0.1,58,9,0.0,5.6,195
C350222,"Reis poliert, gedämpft",White rice steamed,108,73.2,2.446,0.181,23.8,0.8,0,4.1,1.6,0.09,0.038,0
H030432,"Glasnudeln aus Mungbohnenstärke, gekocht","Glass noodles made from mung bean starch, boiled",92,74.62,0.07,0.01,22.236,1.57,0,3.69,13.03,0.0,0,0
U342182,Kalb Schnitzel (Keule) gebraten ohne Fett (Pfanne),Veal schnitzel (round) fried without fat (pan),126,66.989,29.224,0.974,0.0,0,0.412,76,18,0.0,0.407,85
U231200,"Rind Hals/Kamm/Nacken, tiefgefroren","Beef neck/chuck, deep-frozen",149,76.1,19.25,8.05,0.0,0,0.4,43,6.48,0.0,3.615,60
Y576113,"Ente gebraten im Ofen, mit Orangen und Sauce","Duck fried in oven, with oranges and sauce",307,50,21.5,23.3,2.01,0.6,0.3,206,27,1.99,6.7,87.306
T506252,"Wels tiefgefroren, gedünstet","European catfish deep-frozen, stewed",117,78.7,13.5,7,0.0,0,-,19,31,0.0,1.71,179
V485142,"Pute Keule, ohne Haut, geschmort ohne Fett","Turkey leg, without skin, braised without fat",136,68.773,26.943,3.094,0.0,0,0.3,49,18,0.0,1.191,102.7
E105182,Wachtelei gebraten ohne Fett (Pfanne),Quail egg fried without fat (pan),151,73.765,14.507,10.112,0.382,0,1.9,173,58,0.382,2.738,393
U611162,"Schwein Filet/Lende, gebraten ohne Fett (Ofen)","Pork tenderloin, fried without fat (oven)",144,67.01,28.87,3.17,0.0,0,0,53.6,6,0.0,0.97,78.17
U733172,"Schaf Filetsteak, gegrillt","Sheep fillet steak, grilled",170,61.03,33.15,4.18,0.0,0,0,68.3,7.1,0.0,1.91,88.83
V122162,"Ziege Fleisch, gebraten ohne Fett (Ofen)","Goat meat, fried without fat (oven)",154,66.379,26.382,5.411,0.0,0,0,74,11.6,0.0,1.726,91
C320032,Buchweizen gekocht,Buckwheat boiled,115,68.5,4.43,1.01,20.99,1.88,0,0.1,5.4,0.35657,0.172,0
G101182,Chicoree gebraten ohne Fett (Pfanne),Witloof chicory fried without fat (pan),38,84.5,4.509,0.34,2.4,2.5,0,87,151,1.72,0.058,0
V4B5182,"Hähnchen Unterschenkel, mit Haut, gebraten ohne Fett (Pfanne)","Chicken drumstick, with skin, fried without fat (pan)",178,64.84,26.35,8.08,0.0,0,0.28,116.7,9.4,0.0,1.75,147.8
V464162,"Ente Fleisch, mit Haut, gebraten ohne Fett (Ofen)","Duck meat, with skin, fried without fat (oven)",203,61.115,27.011,10.585,0.0,0,0.2,50,22.5,0.0,3.515,116.795
T420232,"Forelle tiefgefroren, pochiert","Trout deep-frozen, poached",110,80.019,16.583,4.711,0.0,0,7.77,108,23,0.0,0.788,67
E112132,"Hühnerei Eigelb, gekocht","Chicken egg yolk, boiled",345,51.1,15.6,31.3,0.21,0,7,52,149,0.21,8.51,1255
T070152,Seeteufel gedünstet,Anglerfish stewed,60,85.12,13.304,0.72,0.0,0,5,110,7,0.0,0.147,29.6
V464182,"Ente Fleisch, mit Haut, gebraten ohne Fett (Pfanne)","Duck meat, with skin, fried without fat (pan)",264,50.702,33.126,14.604,0.0,0,0.4,61,27.5,0.0,4.85,143.24
F312600,Traubensaft weiß,Grape white juice,64,84.92,0.63,0.16,13.99,0.06,0,4.31,3.62,13.99,0.036,0
C219232,"Hartweizen ganzes Korn, gekocht","Durum wheat whole grain, boiled",184,54.58,7.69,1.17,32.52,6.28,0,0.3,20.2,0.57156,0.18,0
Y740162,Eier gekocht,Eggs boiled,135,76.36,13.175,9,0.34,0,1.7,154,52,0.34,2.437,350
U121182,Rind Kotelett (Rücken) gebraten ohne Fett (Pfanne),Beef chop (loin) fried without fat (pan),166,68.7,29.124,5.532,0.0,0,0.378,63,4.312,0.0,2.415,65.5
G261152,Brennnessel gedünstet,Stinging nettle stewed,49,82.38,7.84,0.649,1.392,3.309,0,-,759,0.901,0.097,0
V524132,"Schaf Hirn, gekocht","Sheep brain, boiled",119,78.9,11.6,8.08,0.0,0,-,79,8,0.0,2.05,1588
T306200,"Heilbutt/Weißer Heilbutt, tiefgefroren","Halibut/white halibut, deep-frozen",133,76.1,20.1,5.83,0.0,0,5,67,14,0.0,1.24,24.4
V464142,"Ente Fleisch, mit Haut, geschmort ohne Fett","Duck meat, with skin, braised without fat",213,60.799,26.019,12.094,0.0,0,0.3,24,19.4,0.0,4.015,118.62
U751142,"Schaf Gulasch (Bug, mager) geschmort ohne Fett","Sheep goulash (shoulder, lean) braised without fat",187,63.6,28.4,8.19,0.0,0,0.2,64,18,0.0,2.81,97
C147032,"Gerste Grütze, gekocht","Barley groats, boiled",88,73.354,2.362,0.417,17.225,2.861,0,1,4,0.475,0.105,0
G570200,Zuckermais tiefgefroren,Sweetcorn deep-frozen,73,74,3.3,1.367,10.5,3.1,0,2,2.471,3.77,0.183,0
T305272,"Goldbutt/Scholle, tiefgefroren, gegrillt","Plaice deep-frozen, grilled",111,71.979,23.988,1.719,0.0,0,7,219,25,0.0,0.286,99
G640152,Pastinake gedünstet,Parsnip stewed,58,80.5,2.6348,0.422,9.5,2.088,0,8,45,3.001,0.064,0
Y622112,Kabeljau pochiert (ohne Sauce),Cod poached (without sauce),67,83.1,14.7,0.8,0.159,0.065,0,105,33,0.159,0.176,37.8
V478142,"Gans Innereien, geschmort ohne Fett","Goose giblets, braised without fat",210,58.7,26.6,11.51,0.0,0,0.96,84,16,0.0,3.02,375
U261162,"Rind Bug/Schulter, gebraten ohne Fett (Ofen)","Beef shoulder, fried without fat (oven)",161,65.806,26.933,5.889,0.0,0,0.389,59,4.772,0.0,2.583,78.8
T793162,"Pilgermuschel/Jakobsmuschel, gratiniert ohne Fett (Ofen)",Scallop gratinated without fat (oven),69,78.633,16.987,0.111,0.0,0,8,329,29,0.0,0.034,116
E632200,"Dinkelvollkornteigwaren eifrei, roh","Wholemeal spelt pasta egg-free, raw",347,9,13.88,2.38,62.19,10.5,0,2,58,1.081,0.245,0
G490500,Knoblauch Pulver,Garlic powder,240,6.45,15.042,1.044,7.0,70.355,0,19.5619,35.85,5.1,0.158,0
G430132,Gemüsefenchel gekocht,"Fennel/Florence fennel, boiled",27,92.6,1.4,0.2,3.43,3.4,0,22,39.76,2.97,0.044,0
X5A9030,Röstzwiebeln,Fried onions,161,69.2,2.47,9.5,15.13,2.3,0,11,31,7.29,0.69,0.189
U866132,"Hammel Bug/Schulter, gekocht","Mutton shoulder, boiled",399,40.567,24.7,33.333,0.0,0,0.3,97,12,0.0,15.201,107
T793200,"Pilgermuschel/Jakobsmuschel, tiefgefroren",Scallop deep-frozen,63,80,15.6,0.1,0.0,0,8,296,26,0.0,0.03,104
V212200,"Hirsch Fleisch, tiefgefroren","Venison meat, deep-frozen",112,74.7,20.6,3.34,0.0,0,0.4,63,10.3,0.0,1.268,65
T313152,Rotzunge gedünstet,Witch stewed,64,83.8,13.839,0.95,0.0,0,5,122,35,0.0,0.136,18
G312162,Broccoli gebacken,Broccoli baked,50,83.2,5.101,0.8404,3.3,4.2,0,37,61,1.94,0.1674,0
U693162,"Schwein Hintereisbein/Hinterhaxe, gebraten ohne Fett (Ofen)",Pork hindshank (hock) fried without fat (oven),271,54.3,27.31,17.94,0.0,0,0.37,99.5,6.7,0.0,6.035,100.06
F120152,"Apfel geschält, gedünstet","Apple peeled, stewed",51,87.3,0.2,0.3,11.02,1.7,0,1,3,9.619,0.02,0
V416132,"Hähnchen Brustfilet, gekocht","Chicken breast fillet, boiled",116,72.64,26.16,1.24,0.0,0,0.1,25.6,4.8,0.0,0.282,85
V596132,"Hammel Zunge, gekocht","Mutton tongue, boiled",197,66.861,16.031,14.8,0.0,0,0.1,79,19,0.0,4.837,184
V416182,"Hähnchen Brustfilet, gebraten ohne Fett (Pfanne)","Chicken breast fillet, fried without fat (pan)",137,66.91,30.79,1.59,0.0,0,0.15,58.8,6.1,0.0,0.36,91.9
E632300,Dinkelvollkorneierteigwaren roh,Wholemeal spelt egg pasta raw,353,9.45,14.11,2.69,61.95,12.3,0.2,17,39,0.779,0.468,35
U684162,"Schwein Nuss, gebraten ohne Fett (Ofen)","Pork thick flank, fried without fat (oven)",135,69.09,27.95,2.63,0.0,0,0,60.2,4.5,0.0,0.795,77.16
H310600,Kürbiskern geröstet ohne Fett,Pumpkin seed roasted without fat,597,4.3,35.49,47.286,2.87,8.837,0,26.9,10.146,1.367,7.849,-
W514032,"Kasseler, Rohpökelware, geräuchert, gekocht","Pork loin chop raw cured, smoked, boiled",146,63.73,31.096,2.437,0.0,0,0,1325,6.19,0.0,0.956,74.5
F405600,Sanddornsaft,Sea buckthorn berry juice,33,91.5,0.94,2.33,1.9,0.4,0,6,9,1.8,0.3,0
T213272,"Alaska-Pollack/Alaska-Seelachs, tiefgefroren, gegrillt","Alaska pollock deep-frozen, grilled",95,78.022,21.719,0.908,0.0,0,0,92,16,0.0,0.164,64
T060182,Hecht gebraten ohne Fett (Pfanne),Pike fried without fat (pan),99,76.5,21.8,1.27,0.0,0,5.48,80,62,0.0,0.252,79
T041142,Aal geschmort ohne Fett,Eel braised without fat,284,60.1,14.2,25.3,0.0,0,20,69,29.5,0.0,6.538,205
G541152,"Gemüsepaprika grün, gedünstet","Sweet pepper green, stewed",42,93.5,1.174,0.261,7.48,2.2,0,5,8,7.08,0.065,0
G324152,Pak Choi gedünstet,Pak choi stewed (prepard without fat),17,92,1.915,0.213,1.0,1.8,0,14,80,0.8,0.013,0
P1A1130,Weizen-Radler (Weizenbier mit Zitronenlimonade),Wheat beer mixed with carbonated lemonade,40,91.3,0.307,0,5.861,0,0,5,4,4.673,0,0
T118152,"Schildmakrele/Stöcker, gedünstet",Atlantic horse mackerel stewed,114,76.21,18.516,4.46,0.0,0,2.23,68,81,0.0,1.45,44
N720800,Kräutertee (Getränk) mit Alkohol,Herbal tea (infusion) with alcohol,15,97.7,0,0,0.0,0,0,2,6.7,0.0,0,0
G581132,Kürbis Pumpkin (C. pepo) gekocht,Pumpkin (C. pepo) boiled,38,96.25,1.151,0.136,6.08,3.709,0,0.777,10.632,5.34,0.036,0
S211000,"Riegel aus Speiseeis, mit Karamell, überzogen mit Schokolade","Ice cream bar filled with ice cream and caramel, covered with chocolate",347,33.1,3.3,16.9,42.2,2.37,0,74,67,35.4,10.8,18.4
N4A3300,"Cappuccino (Getränk) mit Milch 3,5 % Fett und Zucker",Cappuccino (infusion) with milk 3.5 % fat and sugar,58,87.6,2.9,2.73,5.34,0.082,0,29,93,5.34,1.729,10.9
U831142,"Schaf Hals/Kamm/Nacken, geschmort ohne Fett","Sheep scrag, braised without fat",242,56.8,26.9,14.88,0.0,0,-,62,22,0.0,7,108
T204162,"Dorsch/Kabeljau, gebraten ohne Fett (Ofen)",Cod fried without fat (oven),92,77.2,20.9,0.91,0.0,0,-,76,35,0.0,0.206,42.5
T060132,Hecht pochiert,Pike poached,73,82.6,16,1.05,0.0,0,6,77,58,0.0,0.208,73
K724182,Shiitakepilz gebraten ohne Fett (Pfanne),Shiitake mushroom fried without fat (pan),48,83.4,4.1,0.3,3.9,6.84,0,1.64,1.64,3.9,0,0
K713152,Pfifferling gedünstet,Chanterelle stewed,37,83.213,5.507,0.382,0.776,4.606,0,4,5.1,0.227,0.067,0
T213282,"Alaska-Pollack/Alaska-Seelachs, tiefgefroren, gebraten ohne Fett (Pfanne)","Alaska pollock deep-frozen, fried without fat (pan)",85,80.488,19.475,0.788,0.0,0,0,72,15,0.0,0.142,59
G614152,"Weiße Rübe/Wasserrübe/Herbstrübe, gedünstet",Turnip stewed,39,90.15,0.971,0.216,6.46,3.422,0,57,43.7,5.56,0.029,0
H861032,Tofu gargezogen,Tofu poached,102,76.155,14.128,4.794,0.0,1.184,0,10,169,0.0,0.787,0
U672172,"Schwein Vordereisbein/Vorderhaxe, gegrillt",Pork foreshank (hock) grilled,256,55.44,29.82,15.16,0.0,0,0.31,122.2,5.9,0.0,4.803,106.39
G343132,Wirsing gekocht,Savoy cabbage boiled,32,89.8,2.452,0.282,3.6,2.6,0,8,59.815,3.1,0.05,0
Y841812,Pfirsichkompott ungesüßt,Peach compote unsweetened,35,88.9,0.6,0.098,7.17,1.5,0,1.1,6,6.25,0.009,0
C235132,"Dinkel Vollkornschrot, gekocht","Spelt coarse meal, boiled",51,88.89,2.31,0.36,8.86,1.73,0,0.1,4.3,0.15698,0.03,0
T302182,Steinbutt gebraten ohne Fett (Pfanne),Turbot fried without fat (pan),97,77.006,19.831,1.946,0.0,0,5,121,21,0.0,0.341,30.8
G582182,Zucchini gebraten ohne Fett (Pfanne),Courgette fried without fat (pan),41,91,2.2,0.486,6.0,1.9,0,1.83,34.58,3.5,0.116,0
W515072,"Kasseler, Rohpökelware, geräuchert, gegrillt","Pork loin chop raw cured, smoked, grilled",153,61.345,31.663,2.968,0.0,0,0,1628,5.55,0.0,1.164,71.2
X701142,"Frischteigwaren eifrei, selbstgemacht, roh","Fresh pasta egg-free, homemade, raw",231,41.8,7.85,0.79,46.38,3.34,0,420.5,13.9,0.45148,0.12,0
F515600,Litschisaft,Lychee juice,72,83.1,0.77,0.24,16.6,0.16,0,2,9.3,16.1,0,0
U863162,"Schaf Bug/Schulter, fett, gebraten ohne Fett (Ofen)","Sheep shoulder, fat, fried without fat (oven)",351,50.3,23.3,28.6,0.0,0,0.2,118,10,0.0,13.03,91
V486132,"Pute Brust, ohne Haut, gekocht","Turkey breast, without skin, boiled",104,73.909,24.648,0.619,0.0,0,0.09,21,4.3,0.0,0.225,50
T208152,"Merlan/Wittling, gedünstet",Whiting stewed,77,82.5,16.4,1.25,0.0,0,1.3,82,46,0.0,0.223,67
U532182,"Schwein Kammsteak, gebraten ohne Fett (Pfanne)",Pork steak (neck) raw fried without fat (pan),189,65.6,22.81,10.9,0.0,0,0.27,57.7,4.2,0.0,4.05,78.88
N411200,Espresso (Getränk) mit Zucker,Espresso (infusion) with sugar,43,87.9,0.4,0,10.072,0.376,0,7,5,10.072,0,0
K110142,"Kartoffel geschält, geschmort ohne Fett","Potatoe peeled, braised without fat",80,80.645,1.8,0.081,17.162,1.464,0,2.3,8,0.863,0.0289,0
K707152,Edel-Reizker gedünstet,Saffron milk cap (red pine mushroom) stewed,51,84.5,3.99,0.944,4.2,7.789,0,8,8,0.3,0.164,0
U892142,"Schaf Hinterhaxe, mittelfett, geschmort ohne Fett","Sheep hindshank, medium fat, braised without fat",242,56,27.9,14.5,0.0,0,0,56,10,0.0,4.4,105
V487132,"Pute Flügel, mit Haut, gekocht","Turkey wings, with skin, boiled",152,70.9,20.7,7.7,0.0,0,0.21,25,14,0.0,1.6,80
G101162,Chicoree gebacken,Witloof chicory baked,24,89.4,2.812,0.212,1.5,1.5,0,54,94,1.09,0.036,0
B131000,Hafervollkornbrot,Wholemeal oat bread,194,45,5.83,1.53,34.0,10.4,0,457,28.1,0.93,0.27,0
T601200,"Barsch/Flussbarsch, tiefgefroren",European perch deep-frozen,79,79.5,18.4,0.6,0.0,0,2.9,47,110,0.0,0.098,72
F608600,Satsumasaft,Satsuma mandarin juice,39,90.4,0.7,0.24,7.68,0.112,0,2.5,26,7.68,0,0
G553132,"Pfefferschote grün, gekocht","Chilli pepper green, boiled",42,87.6,2.1,0.2,7.11,1.6,0,6,20,6.73,0.02,0
S551000,Sahneschokolade mit Mokka/Kaffee,Cream chocolate with mocha/coffee,560,1.1,7.2,35.5,51.2,3.7,0.03,67,187,50.285,21.43,16.8
F304600,Heidelbeersaft,Blueberry juice,47,92.1,0.4,0.48,8.73,0.5,0,0.02677,0.004823,8.73,0.0446,0
F545400,Kochbanane getrocknet,Plantain dried,306,17.6,2.79,0.17,69.7,5.2,0,7,14,18.2,0.274,0
U461162,"Kalb Bug/Schulter, gebraten ohne Fett (Ofen)","Veal shoulder, fried without fat (oven)",120,69.874,27.503,1.092,0.0,0,0.378,94,15,0.0,0.457,85
V417200,"Hähnchen Flügel, mit Haut, tiefgefroren","Chicken wings, with skin, deep-frozen",199,67.53,18.33,13.94,0.0,0,0.34,92.7,9.8,0.0,3.012,110
T412182,Buckellachs gebraten ohne Fett (Pfanne),Pink salmon fried without fat (pan),145,71,24.9,5,0.0,0,10.2,66,11,0.0,0.91,59
C519000,Popcorn gesüßt,Popcorn sweet,406,7.7,5.973,12.622,64.4,5.3,0,5,5.9,22.0,4.5,0.1
V591132,"Rind Zunge, gekocht","Beef tongue, boiled",211,65.413,18.462,15.288,0.0,0,0.1,58,7.966,0.0,4.999,131
D6A8000,Biskuitboden glutenfrei,Sponge cake base gluten-free,258,41,7.372,4.982,45.772,0.251,1,87,32,24.245,1.346,193
F211152,Süßkirsche gedünstet,Sweet cherry stewed,81,79.7,1.034,0.356,17.62,2.2,0,0.271,16,15.7,0.08,0
U452142,"Kalb Brust, geschmort ohne Fett","Veal breast, braised without fat",229,60.699,23.061,15.147,0.0,0,0.427,84,15,0.0,6.34,91
U577162,"Schwein Kammbraten, gebraten, ohne Fett (Ofen)",Pork meat for roasting (neck) fried without fat (oven),205,62.78,24.66,11.78,0.0,0,0.29,60.2,4.6,0.0,4.37,85.27
T124152,Gelbflossen-Thun gedünstet,Yellowfin tuna stewed,91,75.9,21.8,0.47,0.0,0,2.6,49,5,0.0,0.165,46
G520182,Gurke gebraten ohne Fett (Pfanne),Cucumber fried without fat (pan),28,93.6,1.8,0.339,3.33,1.5,0,5,32,3.33,0.113,0
G210132,Spinat gekocht,Spinach boiled,18,93.466,2.36,0.3,0.45,2.06,0,46,126,0.38,0.037,0
U522200,"Schwein Stielkotelett, tiefgefroren",Pork chop (loin) deep-frozen,175,67.75,21.02,10.08,0.0,0,0.15,48.7,6.2,0.0,3.4,55.83
P1A1100,Colaweizen (Weizenbier mit Cola),Wheat beer with cola,41,90.94,0.307,0,6.377,0,0,1,3,5.189,0,0
F321600,Johannisbeersaft rot,Red currant juice,30,89.4,1.294,0.16,3.86,0.4,0,2,41,3.86,0.032,0
V476172,"Gans Fleisch, ohne Haut, gegrillt","Goose meat, without skin, grilled",183,61.4,29.4,7.22,0.0,0,0.3,105,17,0.0,2.48,111
E113162,"Hühnerei Eiklar, gebacken","Chicken egg white, baked",49,86,11.7,0.036,0.494,0,0,223,7,0.494,0,0
T104182,Sardelle gebraten ohne Fett (Pfanne),Anchovy fried without fat (pan),234,69.7,23.869,15.4,0.0,0,34,110,102,0.0,4.862,136
D087000,Schokobiskuitboden,Chocolate sponge cake base,290,33.5,11.59,6.78,44.4,2.63,1.1,111,43,28.011,2.2,213
G261132,Brennnessel gekocht,Stinging nettle boiled,43,84.961,6.768,0.56,1.202,2.983,0,-,691,0.778,0.083,0
G583182,Chayote gebraten ohne Fett (Pfanne),Chayote fried without fat (pan),58,85.95,1.32,0.169,9.86,5.814,0,3,22.9,8.66,0.043,0
U611200,"Schwein Filet/Lende, tiefgefroren","Pork tenderloin, deep-frozen",118,73.09,22.79,2.97,0.0,0,0,49,4.9,0.0,0.91,58.63
T417600,Wildlachs geräuchert,Pacific salmon smoked,120,70.74,21.483,3.78,0.0,0,4.3,52,18,0.0,0.937,60
V532182,"Kalb Leber, gebraten ohne Fett (Pfanne)","Veal liver, fried without fat (pan)",110,66.235,18.625,1.513,5.395,0,0.41,97,11.4,0.0,0.475,301
G322200,Grünkohl tiefgefroren,Curly kale deep-frozen,59,81.88,4.622,0.744,3.69,9.322,0,28,315,2.9338,0.115,0
U563162,Schwein Roulade (Oberschale) gebraten ohne Fett (Pfanne),Pork meat for olives (topside) fried without fat (pan),141,68.01,29.15,2.68,0.0,0,0,54.1,4.3,0.0,0.83,72.33
V513200,"Schwein Herz, tiefgefroren","Pork heart, deep-frozen",117,76.5,16.9,5.53,0.0,0,0.32,110,4.8,0.0,2.07,71.03
U564132,Schwein Dicke Rippe gekocht,Pork breast tip cut boiled,256,54.55,28.54,15.81,0.0,0,0.3,50.5,10.3,0.0,5.14,107.23
G311142,Blumenkohl gedämpft,Cauliflower steamed,35,91.9,2.399,0.277,5.28,2.8,0,11,24,2.14,0.042,0
V222142,"Reh Rücken, geschmort ohne Fett","Roe deer saddle, braised without fat",152,65.158,29.151,3.89,0.0,0,0.438,69,27,0.0,1.476,89
C356032,"Reis Grieß, gekocht","Rice grits, boiled",55,86.1,1.143,0.103,12.2,0.317,0,0,1,0.04,0.022,0
G490152,Knoblauch gedünstet,Garlic stewed,96,66,5.931,0.412,3.0,27.742,0,7.7135,14.14,2.0,0.062,0
G691152,Radieschen gedünstet,Small red radish stewed,18,94.2,1.029,0.137,2.27,1.5,0,22,25,2.092,0.032,0
U452200,"Kalb Brust, tiefgefroren","Veal breast, deep-frozen",201,66.2,18.4,14.2,0.0,0,0.4,105,11,0.0,5.943,68
C133032,"Hafer Flocken, gekocht","Oat flakes, boiled",66,79.9,2.499,1.257,10.0,2.076,0,0.37,8,0.14,0.253,0
G341132,Rotkohl gekocht,Red cabbage boiled,24,91.5,1.421,0.164,3.034,2.3,0,10,35,2.9687,0.0304,0
V122142,"Ziege Fleisch, geschmort ohne Fett","Goat meat, braised without fat",178,61.46,30.504,6.256,0.0,0,0,60,11.9,0.0,1.997,105
E606000,Semmelknödel roh,White bread dumplings raw,182,57,8.11,4.99,25.4,1.7,0.3,505,70,2.83,2.22,74
G485152,Schalotte gedünstet,Shalot stewed,33,90.2,2,0.1,3.2,5.3179,0,11,29,3.2,0.016,0
U57B162,"Schwein Ladenbauch, gebraten ohne Fett (Ofen)","Pork belly for roasting, fried without fat (oven)",364,45.85,22.77,30.34,0.0,0,0.46,67.5,6,0.0,10.86,82.66
F545152,Kochbanane gedünstet,Plantain stewed,141,61.3,1.28,0.08,32.1,2.4,0,3,6,8.4,0.125,0
F507600,Kakisaft,Persimmon juice,56,85.7,0.6,0.24,12.712,0.246,0,1.4,11,12.712,0.039,0
T121272,"Thunfisch tiefgefroren, gegrillt","Tuna deep-frozen, grilled",131,68.95,30.87,0.84,0.0,0,4,82,5,0.0,0.238,102
U171162,Rind Bratenfleisch (Bug) gebraten ohne Fett (Ofen),Beef meat for roasting (shoulder) fried without fat (oven),161,65.806,26.933,5.889,0.0,0,0.389,59,4.772,0.0,2.583,78.8
V474200,"Gans Fleisch, mit Haut, tiefgefroren","Goose meat, with skin, deep-frozen",342,52.4,15.7,31,0.0,0,0.3,86,12,0.0,8.72,86
V417142,"Hähnchen Flügel, mit Haut, geschmort ohne Fett","Chicken wings, with skin, braised without fat",185,67.13,21.9,10.86,0.0,0,0.26,48.2,10.8,0.0,2.346,142.9
V111200,"Pferd Fleisch, tiefgefroren","Horse meat, deep-frozen",108,75.2,20.6,2.67,0.4,0,0.4,44,9.15,0.0,0.964,65
U892132,"Schaf Hinterhaxe, mittelfett, gekocht","Sheep hindshank, medium fat, boiled",259,53,29.8,15.5,0.0,0,0,60,11,0.0,4.9,112
G311152,Blumenkohl gedünstet,Cauliflower stewed,38,90.9,2.579,0.298,5.66,3.1,0,13,26,2.29,0.045,0
H210400,"Mandel süß, gemahlen",Sweet almond crushed,538,8.3,22.333,46.6,3.87,7,0,2.07,84.864,3.634,4.01,0
C326032,"Buchweizen Grieß, gekocht","Buckwheat semolina, boiled",46,88.8,1.66,0.41,8.65,0.78,0,0,2,0.13523,0.06,0
U070200,"Rind Tatar/Schabefleisch, tiefgefroren","Beef mince, lean, deep-frozen",115,73.8,22,3,0.0,0,0.4,66,6,0.0,1.111,58
T201182,"Brosme/Lumb, gebraten ohne Fett (Pfanne)",Cusk fried without fat (pan),88,77.806,20.544,0.619,0.0,0,-,120,21,0.0,0.165,32
G342182,Weißkohl gebraten ohne Fett (Pfanne),White cabbage fried without fat (pan),60,83,2.608,0.358,8.56,5.7,0,9,83,8.3,0.063,0
V534182,"Schaf Leber, gebraten ohne Fett (Pfanne)","Sheep liver, fried without fat (pan)",144,69.2,22,5.7,1.1,0,0,68,8,0.0,2.16,422
K701132,Champignon gekocht,Button mushroom boiled,39,87.4,4.99,0.374,4.0,2.9,0,46.97,9,0.3,0.0658,0
F302152,Himbeere gedünstet,Raspberry stewed,45,85.4,1.1,0.316,5.4,4.9,0,0.5,13,5.4,0.0106,0
U831162,"Schaf Hals/Kamm/Nacken, gebraten ohne Fett (Ofen)","Sheep scrag, fried without fat (oven)",208,62.4,23.2,12.86,0.0,0,-,76,22,0.0,6.2,93
T501132,Karpfen pochiert,Carp poached,107,76.61,15.882,4.88,0.0,0,-,31,78,0.0,1.274,88
T064152,Hecht gedünstet,Pike stewed,74,82.4,16.2,1.06,0.0,0,4.86,75,59,0.0,0.211,74
T105182,Sardine gebraten ohne Fett (Pfanne),Sardine fried without fat (pan),175,69.7,23.038,9.17,0.0,0,4.2,144,62,0.0,2.0572,64
U852142,"Schaf Brust, mittelfett, geschmort ohne Fett","Sheep breast, medium fat, braised without fat",242,53.7,29.1,14,0.0,0,0.5,81,10,0.0,6.5,118.8
T306152,"Heilbutt/Weißer Heilbutt, gedünstet","Halibut/white halibut, stewed",122,78.52,17.946,5.55,0.0,0,5,68,17,0.0,1.181,29
V476132,"Gans Fleisch, ohne Haut, gekocht","Goose meat, without skin, boiled",158,64.5,29.3,4.58,0.0,0,0.2,50,16,0.0,1.57,120
Y840243,Heidelbeerkompott,Blueberry compote,65,84.8,0.4,0.451,12.2,3.7,0,2,9,12.2,0.042,0
U020182,"Schwein Hackfleisch, gebraten ohne Fett (Pfanne)","Pork mince, fried without fat (pan)",339,47.51,25.35,26.44,0.0,0,0.35,66.9,5.1,0.0,8.825,86.15
P287000,Kalte Ente (Bowle aus Wein und Sekt),Cold duck (punch made from wine and sparkling wine),74,89.7,0.1,0,1.55,0,0,2,7.7,1.55,0,0
G220162,Bleichsellerie gebacken,Stalk celery baked,20,93.8,1.412,0.1,1.9,3.004,0,92,47,1.8,0,0
U131162,Rind Steak (Rücken) gebraten ohne Fett (Ofen),Beef steak (loin) fried in the oven without fat,162,68.9,29.523,4.877,0.0,0,0.384,64,3.934,0.0,2.196,66.4
G720200,Wachsbohne tiefgefroren,Wax bean deep-frozen,30,89.2,2.3,0.2,3.7,2.1,0,1.98,49,2.39,0,0
G101152,Chicoree gedünstet,Witloof chicory stewed,22,90.1,2.543,0.191,1.4,1.4,0,49,85,0.98,0.033,0
T780162,Europäische Auster gratiniert ohne Fett (Ofen),European oyster gratinated without fat (oven),73,81.8,9.8,3.27,1.211,0,8,178,91,0.0,0.877,137
Y179012,Rinderzunge gekocht,Beef tongue boiled (in stock),211,65.413,18.462,15.288,0.0,0,0.1,58,7.966,0.0,4.999,131
G322152,Grünkohl gedünstet,Curly kale stewed,46,86.34,3.617,0.583,2.89,7.296,0,22,249,2.296,0.09,0
M524562,"Halloumi Grillkäse, gebacken",Halloumi cheese baked,332,44.5,22.59,26.38,0.1,0,0,659.5,694.2,0.0,15.56,78.7
F140132,Quitte gekocht,Quince boiled,44,86.2,0.411,0.515,6.7,4.882,0,1,10.1,5.754,0.039,0
U070182,"Rind Tatar/Schabefleisch, gebraten ohne Fett (Pfanne)","Beef mince, lean, fried without fat (pan)",148,66.595,28.541,3.73,0.0,0,0.378,62,7,0.0,1.383,78
U693132,"Schwein Hintereisbein/Hinterhaxe, gekocht",Pork hindshank (hock) boiled,259,56.3,26.24,17.07,0.0,0,0.35,55.4,5.9,0.0,5.741,101.51
U872172,"Schaf Vorderhaxe, mittelfett, gegrillt","Sheep foreshank, medium fat, grilled",256,54,27.3,16.3,0.0,0,0,84,12,0.0,5.1,102
H770132,"Mungbohne reif, gekocht","Mung bean mature, boiled",111,69.3,8.6,0.7,14.5,6.1,0,<LOQ,30,0.5,0.11,0
U817162,"Lamm Nuss, gebraten ohne Fett (Ofen)","Lamb thick flank, fried without fat (oven)",147,68.095,25.676,4.973,0.0,0,0,69,5,0.0,2.368,86
T121282,"Thunfisch tiefgefroren, gebraten ohne Fett (Pfanne)","Tuna deep-frozen, fried without fat (pan)",119,71.894,28.165,0.741,0.0,0,3.2,66,5,0.0,0.209,96
U883142,"Schaf Keule, fett, geschmort ohne Fett","Sheep leg, fat, braised without fat",309,50.9,26.7,22.5,0.0,0,0,63,12,0.0,10.263,109
U803000,"Schaf Fleisch, grob entsehnt, roh","Sheep meat, tendons coarsly removed, raw",181,68.6,18.4,11.9,0.0,0,0,86,11,0.0,5,66
C212032,"Weizen Backschrot, Type 1700, gekocht","Wheat coarse meal, Type 1700, boiled",52,89.94,1.95,0.27,9.41,1.95,0,0.1,5.3,0.17061,0.03,0
T204182,"Dorsch/Kabeljau, gebraten ohne Fett (Pfanne)",Cod fried without fat (pan),93,76.9,21.1,0.94,0.0,0,-,76,35,0.0,0.215,43
E107122,Hühnerei pochiert,Chicken egg poached,138,75.882,13.444,9.184,0.347,0,1.7,157,53,0.347,2.487,357
G321162,Chinakohl gebacken,Chinese white cabbage baked,21,93.3,2.118,0.235,1.62,2,0,15,88,1.461,0.015,0
T501600,Karpfen geräuchert,Carp smoked,128,72.32,19.432,5.59,0.0,0,-,32,75,0.0,1.461,81
G470132,"Porree/Lauch, gekocht",Leek boiled,26,92.4,2.006,0.2,3.0,1.9,0,1,42,2.4,0.042,0
N630600,Schwarztee (Getränk) mit Zucker,Black tea (infusion) with sugar,7,97.648,0,0,1.861,0,0,2,5,1.861,0,0
F607600,Clementinensaft,Clementine juice,37,90.1,0.76,0.12,7.35,0.2,0,1,30,7.35,0.02,0
V212182,"Hirsch Fleisch, gebraten ohne Fett (Pfanne)","Venison meat, fried without fat (pan)",153,65.118,29.209,3.988,0.0,0,0.478,80,13.8,0.0,1.514,97
T102182,Hering gebraten ohne Fett (Pfanne),Herring fried without fat (pan),159,76.5,18.8,9.316,0.0,0,16,94,60,0.0,2.423,69
T420172,Forelle gegrillt,Trout grilled,195,62,27.078,9.39,0.0,0,10.1,58,100,0.0,1.776,72
U030100,"Kalb Hackfleisch, roh","Veal mince, raw",189,67.015,19.112,12.515,0.0,0,0.55,83,11,0.0,5.63,70
G350132,Romanesco gekocht,Romanesco broccoli boiled,30,93.7,2.058,0.238,4.52,2.5,0,8,22,1.83,0.036,0
U511172,"Schwein Filetmedaillon, gegrillt","Pork fillet medaillon, grilled",128,67.9,28.7,1.5,0.0,0,0,58,4.8,0.0,0.3,77.14
F220600,Pflaumensaft,Plum juice,41,89.8,0.27,0.136,9.64,0.2,0,0.7,8,7.29,0.018,0
F311600,Traubensaft rot,Grape red juice,70,86.22,0.54,0.08,15.75,0.13,0,3.7962,8.3458,15.75,0.018,0
V478200,"Gans Innereien, tiefgefroren","Goose giblets, deep-frozen",154,69.8,17.9,9.21,0.0,0,0.68,77,10,0.0,2.42,240
U221700,"Rind Roastbeef (Rücken) Rohpökelware, geräuchert","Beef roastbeef (loin) raw cured, smoked",123,73.2,20.981,4.159,0.492,0,0.315,1800,3.3,0.492,1.815,45.3
U541062,Schwein Schnitzel (Oberschale) gebraten ohne Fett (Ofen),Pork schnitzel (topside) fried without fat (oven),131,68.863,28.12,2.027,0.0,0,0,79,11,0.0,0.763,64.8
E632000,"Dinkelteigwaren eifrei, roh","Spelt pasta egg-free, raw",358,10.37,13.4,1.4,69.53,6.63,0,1.4,19.7,0.45117,0.15,0
G213182,Neuseeländer Spinat gebraten ohne Fett (Pfanne),New Zealand spinach fried without fat (pan),23,90.9,2.2,0.3,1.39,2.7,0,194,87,1.12,0.045,0
V413132,"Hähnchen Fleisch, ohne Haut, gekocht","Chicken meat, without skin, boiled",128,74,23.3,3.9,0.0,0,0.1,41,12,0.0,0.691,86
Y841363,Sauerkirschkompott,Sour cherry compote,96,77.4,0.679,0.377,21.436,0.8,0,2,8.2,20.682,0.082,0
G312200,Broccoli tiefgefroren,Broccoli deep-frozen,31,88.4,2.2,0.663,2.4,3.3,0,26,43,1.45,0.1321,0
W530052,"Kasseler, Rohpökelware, geräuchert, gedünstet","Pork loin chop raw cured, smoked, stewed",155,61.182,32.781,2.618,0.0,0,0,1367,6.39,0.0,1.027,76.8
K713142,Pfifferling geschmort ohne Fett,Chanterelle braised without fat,39,82.495,5.777,0.4,0.822,4.881,0,4,5.3,0.24,0.069,0
G560142,Tomate geschmort ohne Fett,Tomato braised without fat,27,92.7,1.176,0.136,4.06,1.6,0,5,12,4.06,0.0266,0
Y8A4070,"Joghurt 1,5 % Fett mit Erdbeeren",Yogurt 1.5 % fat with strawberries,54,89.3,3.668,1.211,6.002,0.6,0.019,39,82,5.799,0.632,2.87
U185132,Rind Kochfleisch (Hüfte) gekocht,Beef meat for boiling (rump) boiled,181,62.008,30.3,6.625,0.0,0,0.5,46,5.091,0.0,2.907,94.5
V413142,"Hähnchen Fleisch, ohne Haut, geschmort ohne Fett","Chicken meat, without skin, braised without fat",190,61,33.8,6.1,0.0,0,0.1,57,17,0.0,1.068,122
X5A8040,"Käsealternative Mozzarella-Art, vegan","Cheese alternative Mozzarella style, vegan",188,76,1.8,19.4,1.3,0.4,0,49,11,0.0,1.8,0.125
T797200,Venusmuschel tiefgefroren,Venus clam deep-frozen,73,79,14.7,0.96,1.4,0,0,329,39,0.0,0.19,30
G760232,"Erbse grün, tiefgefroren, gekocht","Pea green, deep-frozen, boiled",76,78.4,4.8,0.692,9.9,5.416,0,71,24,5.3,0.144,0
T415200,Königslachs tiefgefroren,Chinook salmon deep-frozen,180,69.2,19.9,11.2,0.0,0,3.8,48,26,0.0,2.5,56
F203152,Pfirsich gedünstet,Peach stewed,45,85.9,0.8,0.125,9.11,1.9,0,0.781,7,7.94,0.011,0
V478182,"Gans Innereien, gebraten ohne Fett (Pfanne)","Goose giblets, fried without fat (pan)",236,55.8,26.6,14.39,0.0,0,1.01,102,16,0.0,3.78,375
G343152,Wirsing gedünstet,Savoy cabbage stewed,37,88.1,2.836,0.327,4.1,2.9,0,9,65.533,3.5,0.058,0
V335162,"Wildente Schenkel, mit Haut, gebraten ohne Fett (Ofen)","Wild duck leg, with skin, fried without fat (oven)",247,56,27.5,15.2,0.0,0,0.3,72,8,0.0,5,125
T104400,Sardelle gesalzen,Anchovy salted,211,57.6,20.128,14.5,0.0,0,36,5958,99,0.0,4.57,121
T603400,Zander gesalzen,Pike-perch salted,97,73.4,22.386,0.78,0.0,0,3.6,875,68,0.0,0.172,90
K130592,"Pommes frites tiefgefroren, frittiert, gesalzen","Potato chips/french fries, deep-frozen, deep-fried, salted",202,53.4,2.886,8.995,25.811,3.224,0,216,22.2,0.239,0.699,0
V221162,"Reh Keule, gebraten ohne Fett (Ofen)","Roe deer leg, fried without fat (oven)",143,64.14,32.27,1.587,0.0,0,0.508,81,7,0.0,0.604,103
H230132,"Edelkastanie/Marone, gekocht",Sweet chestnut boiled,197,48.502,2.779,1.843,38.316,8.203,0,2,43.6,12.927,0.276,-
T306132,"Heilbutt/Weißer Heilbutt, pochiert","Halibut/white halibut, poached",136,75.54,20.1,6.22,0.0,0,7,79,19,0.0,1.323,32.5
K718182,Steinpilz gebraten ohne Fett (Pfanne),Porcini mushroom fried without fat (pan),76,78.33,8.852,0.656,5.36,9.869,0,10,6.856,0.869,0.117,0
G730132,"Dicke Bohne unreif, gekocht","Broad bean immature, boiled",62,82.8,5.2,0.6,6.0,5.8,0,15,22,1.3,0.133,0
U831182,"Schaf Hals/Kamm/Nacken, gebraten ohne Fett (Pfanne)","Sheep scrag, fried without fat (pan)",224,59.7,24.9,13.8,0.0,0,-,81,23,0.0,6.5,100
V494162,"Taube Fleisch, mit Haut, gebraten ohne Fett (Ofen)","Pigeon meat, with skin, fried without fat (oven)",217,55.83,32.983,9.5,0.0,0,0.3,115,70,0.0,2.824,172
K740400,Austernpilz getrocknet,Oyster mushroom dried,251,10.5,26.18,1.74,10.05,46.278,0,47,95,8.78,0.2421,0
F140600,Quittensaft,Quince juice,38,89.5,0.378,0.4,7.3,0.592,0,2,10.3,6.279,0.03,0
G660132,Knollensellerie gekocht,Celeriac boiled,26,91.9,1.368,0.291,2.44,3.8,0,62,38,1.862,0.059,0
M2A2200,"Milchmischgetränk > 1 % Fett, probiotisch, aromatisiert, gesüßt, angereichert mit Vitaminen","Milk drink > 1 % fat, probiotic, flavoured, sweetened, fortified with vitamins",70,82.9,3.23,1.43,11.0,0,1.3,33,116,11.0,0.937,6
B561000,Dinkelbrötchen,Spelt roll,287,26.5,10.8,3.58,49.0,7.6,0,589,44,1.5,0.93,0
G761152,Zuckererbse gedünstet,Sugar pea stewed,40,86.9,3.9,0.2,4.7,2,0,17,88,3.43,0,0
G613132,"Rote Rübe/Rote Bete, gekocht",Beetroot boiled,58,85.3,1.6,0.3,11.0,2.6,0,52,27,10.4,0.02,0
T501200,Karpfen tiefgefroren,Carp deep-frozen,119,74.19,18,5.18,0.0,0,-,30,66,0.0,1.354,75
T601162,"Barsch/Flussbarsch, gebraten ohne Fett (Ofen)",European perch fried without fat (oven),95,75.6,22.13,0.7,0.0,0,3.1,51,139,0.0,0.109,91
U333182,"Kalb Filetsteak, gebraten ohne Fett (Pfanne)","Veal tenderloin steak, fried without fat (pan)",157,69.4,27.879,5.041,0.0,0,0.384,33,4.44,0.0,1.923,69.6
G345082,"Sauerkraut abgetropft, gebraten ohne Fett (Pfanne)","Sauerkraut drained, fried without fat (pan)",42,83.66,2.123,0.585,1.87,4.038,0,898,83,1.452,0.136,0
G660182,Knollensellerie gebraten ohne Fett (Pfanne),Celeriac fried without fat (pan),55,81.7,2.87,0.611,5.13,7.8,0,143,76,3.908,0.124,0
G542162,"Gemüsepaprika gelb, gebacken","Sweet pepper yellow, baked",33,91.32,0.941,0.235,5.203,2.588,0,1,7,5.203,0.0602,0
V553132,"Schwein Magen, gekocht","Pork stomach, boiled",187,67.6,21.9,11,0.0,0,0.1,49,13,0.0,4.37,323
U511162,"Schwein Filetmedaillon, gebraten ohne Fett (Ofen)","Pork fillet medaillon, fried without fat (oven)",127,68.3,28.8,1.3,0.0,0,0,53.6,6,0.0,0.3,78.17
U857142,"Lamm Brust, geschmort ohne Fett","Lamb breast, braised without fat",378,43.78,24.195,31.25,0.0,0,0.5,75,14,0.0,14.251,117
U405200,"Kalb Nierenfett, tiefgefroren","Veal kidney fat, deep-frozen",671,20.2,8.2,70.9,0.0,0,1.3,29,2.5,0.0,32.21,70
G470200,"Porree/Lauch, tiefgefroren",Leek deep-frozen,32,91,0.9,0.278,5.0,2.4,0,0.6,47,4.3,0.049,0
N630400,Schwarztee (Getränk) mit Sahne 30 % Fett,Black tea (infusion) with cream 30 % fat,10,98.25,0.077,1.057,0.109,0,0.003,3,8,0.109,0.563,2.8
V465172,"Ente Schenkel, mit Haut, gegrillt","Duck leg, with skin, grilled",258,62.9,24.39,17.81,0.0,0,0.37,137,7.5,0.0,5.91,141.7
F545142,Kochbanane geschmort ohne Fett,Plantain braised without fat,162,55.8,1.46,0.09,36.8,2.8,0,4,7,9.6,0.142,0
V4A6172,"Hähnchen Brust, ohne Haut, gegrillt","Chicken breast, without skin, grilled",138,68.35,28.41,2.74,0.0,0,0.16,62.7,5.6,0.0,0.619,102.4
G470162,"Porree/Lauch, gebacken",Leek baked,43,89,2.518,0.294,6.0,2.6,0,0.6,49,4.6,0.052,0
V438200,"Suppenhuhn Innereien, tiefgefroren","Boiling fowl giblets, deep-frozen",154,69.8,17.9,9.21,0.0,0,0.68,77,10,0.0,2.42,240
T094400,Lachsrogen gesalzen,Salmon roe salted,126,66.1,24.8,3,0.0,0,6.4,1434,14,0.0,0.4,402
G530142,Okra geschmort ohne Fett,Okra braised without fat,35,84.91,2.285,0.218,3.36,5.385,0,4,70,3.36,0,0
U866162,"Hammel Bug/Schulter, gebraten ohne Fett (Ofen)","Mutton shoulder, fried without fat (oven)",342,48.686,21.171,28.571,0.0,0,0.2,118,12,0.0,13.03,91
V511182,"Rind Herz, gebraten ohne Fett (Pfanne)","Beef heart, fried without fat (pan)",176,64.911,24.812,8.492,0.0,0,0,141,10.22,0.0,3.243,192
G710142,"Bohne grün, geschmort ohne Fett","Bean green, braised without fat",32,89.2,2.518,0.27,3.9,2.148,0,2.23,73,2.58,0.08,0
U892172,"Schaf Hinterhaxe, mittelfett, gegrillt","Sheep hindshank, medium fat, grilled",256,54,27.3,16.3,0.0,0,0,84,12,0.0,5.1,102
U331162,Kalb Steak (Rücken) gebraten ohne Fett (Ofen),Veal steak (loin) fried without fat (oven),150,64.776,30.4,3.176,0.0,0,0.424,113,19,0.0,1.328,106
U543172,Schwein Schnitzel (Nuss) gegrillt,Pork schnitzel (thick flank) grilled,140,68.14,28.24,3.05,0.0,0,0,66,3.6,0.0,0.92,77.16
T501152,Karpfen gedünstet,Carp stewed,107,76.61,15.882,4.88,0.0,0,-,30,78,0.0,1.274,88
V481132,"Pute Fleisch, ohne Haut, gekocht","Turkey meat, without skin, boiled",121,69.5,26.357,1.7,0.0,0,0.2,53,12,0.0,0.489,102.7
V222162,"Reh Rücken, gebraten ohne Fett (Ofen)","Roe deer saddle, fried without fat (oven)",152,64.913,29.151,3.89,0.0,0,0.438,98,31,0.0,1.476,89
V232162,"Hase Fleisch, gebraten ohne Fett (Ofen)","Hare meat, fried without fat (oven)",135,68.033,26.649,3.127,0.0,0,0,49,16.198,0.0,1.195,84
T420282,"Forelle tiefgefroren, gebraten ohne Fett (Pfanne)","Trout deep-frozen, fried without fat (pan)",150,71.511,23.631,5.962,0.0,0,7.43,117,26,0.0,0.994,75
G510182,Aubergine gebraten ohne Fett (Pfanne),Aubergine fried without fat (pan),32,89.1,0.966,0.305,5.12,2.4,0,7,14,4.56,0.066,0
G581152,Kürbis Pumpkin (C. pepo) gedünstet,Pumpkin (C. pepo) stewed,39,95.82,1.196,0.141,6.32,3.728,0,0.968,10.462,5.55,0.037,0
H120400,Walnuss gemahlen,Walnut ground,718,5.6,16.07,70.6,3.0,3.2,0,0,87.3,2.68,6.516,0
H800300,"Mandeldrink gesüßt, aromatisiert, angereichert mit Calcium","Almond drink sweetened, flavoured, fortified with calcium",36,93.36,0.84,2.092,3.28,0.13,0,50,118,3.25,0.18,0
P1A3100,"Radler, alkoholfrei (Pilsner Bier, alkoholfrei, mit Zitronenlimonade)","Pilsner beer, alcohol-free, mixed with carbonated lemonade",28,91,0.208,0,6.474,0,0,5,4,5.434,0,0
U642200,Schwein Bauch (wie gewachsen) tiefgefroren,Pork belly (untrimmed) deep-frozen,324,53.05,17.74,28.06,0.0,0,0.43,60.9,4.8,0.0,10.048,61.17
V614142,"Hähnchen Herz, geschmort ohne Fett","Chicken heart, braised without fat",152,75.49,15.85,9.87,0.0,0,0.68,55.3,5.8,0.0,2.459,216.7
T502132,"Blei/Brachsen/Brasse, pochiert",Common bream poached,82,79.9,13.833,2.94,0.0,0,-,32,58.4,0.0,0.762,83
U642172,Schwein Bauch (wie gewachsen) gegrillt,Pork belly (untrimmed) grilled,421,38.88,23.65,36.24,0.0,0,0.5,76.1,5,0.0,12.98,84.96
U891142,"Schaf Hinterhaxe, mager, geschmort ohne Fett","Sheep hindshank, lean, braised without fat",159,63.7,30.3,4.19,0.0,0,0,77,6,0.0,1.312,97
U651132,"Schwein Brustspitze, gekocht","Pork breast tip, boiled",256,54.55,28.54,15.81,0.0,0,0.3,50.5,10.3,0.0,5.942,107.23
U624162,Schwein Kotelett (Rücken/caudal) gebraten ohne Fett (Ofen),Pork loin (caudal part) fried without fat (oven),142,66.92,29.84,2.51,0.0,0,0,47.9,4.3,0.0,0.813,66.09
S492000,Erdnuss-Krokant,Peanut brittle,546,4.8,18.8,32.3,37.4,5.5,0,3,38.6,24.6,5,0
G530152,Okra gedünstet,Okra stewed,35,85.03,2.283,0.217,3.32,5.326,0,4,70,3.32,0,0
V330200,"Wildente Fleisch, mit Haut, tiefgefroren","Wild duck meat, with skin, deep-frozen",206,66.5,17.4,15.2,0.0,0,0.3,56,5,0.0,5,80
G211200,Spinat tiefgefroren,Spinach deep-frozen,20,91.5,2.313,0.316,0.98,1.9,0,53,150,0.79,0.032,0
U741172,"Schaf Schnitzel (Keule, mager) gegrillt","Sheep schnitzel (leg, lean) grilled",174,62.2,31,5.58,0.0,0,0,84,18,0.0,2.66,91
C311032,"Grünkern ganzes Korn, gekocht","Green spelt whole grain, boiled",173,51.87,5.84,1.34,31.23,6.42,0,0.3,15.3,1.31076,0.198,0
V311162,"Fasan Fleisch, mit Haut, gebraten ohne Fett (Ofen)","Pheasant meat, with skin, fried without fat (oven)",188,58.789,33.785,5.904,0.0,0,0.2,37,25,0.0,1.92,104
N273000,Ananassaftschorle,Pineapple juice spritzer,23,93.4,0.2,0.05,5.354,0.155,0,3,12,4.854,0.009,0
H610182,Bambussprossen gebraten ohne Fett (Pfanne),Bamboo shoots fried without fat (pan),19,90.178,2.941,0.353,1.129,-,0,7,18,1.129,0.065,0
U882162,"Schaf Keule, mittelfett, gebraten ohne Fett (Ofen)","Sheep leg, medium fat, fried without fat (oven)",219,60,25.2,13.1,0.0,0,0,72,10,0.0,5.55,94
G581082,Kürbis Hokkaido (C. maxima) gebraten ohne Fett (Pfanne),Hokkaido pumpkin fried without fat (pan),56,77.009,2.593,0.37,9.811,1.444,0,13,58.5,8.5,0.087,0
X610042,Salzkartoffeln (Kartoffeln mit Salz gekocht),Potatoes boiled with salt,75,81.7,1.84,0.09,16.079,1.318,0,74.8,9,0.808,0.0318,0
V474172,"Gans Fleisch, mit Haut, gegrillt","Goose meat, with skin, grilled",379,45.09,21.077,32.699,0.0,0,0.3,108,16,0.0,9.198,118
T311600,Flunder geräuchert,Flounder smoked,110,71.9,23.3,1.92,0.0,0,6,481,22,0.0,0.4552,52
T121262,"Thunfisch tiefgefroren, gebraten ohne Fett (Ofen)","Tuna deep-frozen, fried without fat (oven)",130,69.192,30.692,0.79,0.0,0,3.5,72,5,0.0,0.224,105
G342142,Weißkohl geschmort ohne Fett,White cabbage braised without fat,57,84,2.443,0.336,8.1,5.4,0,9,78,7.85,0.0591,0
V484182,"Pute Fleisch, mit Haut, gebraten ohne Fett (Pfanne)","Turkey meat, with skin, fried without fat (pan)",216,59.447,27.494,11.806,0.0,0,0.3,74,21,0.0,3.018,103
T780152,Europäische Auster gedämpft,European oyster steamed,69,83.17,8.036,3.5,1.298,0,9,162,98,0.0,0.94,146
H844400,"Soja-Joghurtalternative gesüßt, aromatisiert","Plant-based yogurt alternative, made from soya, sweetened, flavoured",62,86.8,3.96,2.54,5.4,0,0,33,16.4,5.2,0.434,0
G543082,"Gemüsepaprika rot, gebraten ohne Fett (Pfanne)","Sweet pepper red, fried without fat (pan)",61,84.4,1.737,0.339,10.49,3.729,0,2.12,14,10.49,0.0548,0
T412200,Buckellachs tiefgefroren,Pink salmon deep-frozen,124,75.6,21,4.4,0.0,0,9.6,62,9,0.0,0.81,47
U726182,"Hammel Kotelett, gebraten ohne Fett (Pfanne)",Mutton chop (loin) fried without fat (pan),393,44.31,19.39,35.068,0.0,0,0,105,11,0.0,15.993,88
U333162,"Kalb Filetsteak, gebraten ohne Fett (Ofen)","Veal tenderloin steak, fried without fat (oven)",162,67.6,29.929,4.706,0.0,0,0.412,47,4.76,0.0,1.796,74.7
T615182,"Rotbarsch/Goldbarsch, gebraten ohne Fett (Pfanne)","Ocean perch/redfish, fried without fat (pan)",108,74.5,18.2,3.9,0.0,0,3.1,85,28,0.0,0.8,37
V486142,"Pute Brust, ohne Haut, geschmort ohne Fett","Turkey breast, without skin, braised without fat",145,63.672,34.111,0.914,0.0,0,0.14,28,5.9,0.0,0.332,68
U741200,"Schaf Schnitzel (Keule, mager) tiefgefroren","Sheep schnitzel (leg, lean) deep-frozen",128,72.2,22.6,4.2,0.0,0,0,64,13,0.0,2,64
T103600,"Matjeshering mild gesalzen, geräuchert","Matjes herring mild salted, smoked",294,50.961,17.273,24.398,0.0,0,25.28,2699,49,0.0,4.458,62.83
U163182,Rind Roulade (Oberschale) gebraten ohne Fett (Pfanne),Beef meat for olives (topside/top round) fried without fat (pan),176,64.4,29.889,6.216,0.0,0,0.418,60,9.4,0.0,2.826,74
K718162,Steinpilz gebacken,Porcini mushroom baked,64,82.36,7.5,0.556,4.54,8.361,0,8,5.808,0.736,0.099,0
C121032,"Roggen ganzes Korn, gekocht","Rye whole grain, boiled",161,52,5.871,0.86,28.738,7.2,0,2,17.3,0.761,0.157,0
U726172,"Hammel Kotelett, gegrillt",Mutton chop (loin) grilled,464,35.746,20.434,42.514,0.0,0,0,118,12,0.0,19.389,91
U284142,"Rind Hüfte, geschmort ohne Fett","Beef rump, braised without fat",152,63.3,31.5,2.85,0.0,0,0.485,48,5,0.0,1.235,83
G345042,"Sauerkraut abgetropft, geschmort ohne Fett","Sauerkraut drained, braised without fat",41,84.3,1.989,0.548,1.78,3.821,0,842,78,1.375,0.127,0
V4A5142,"Hähnchen Oberschenkel, mit Haut, geschmort ohne Fett","Chicken thigh, with skin, braised without fat",205,65.1,21.64,13.12,0.0,0,0.29,41.6,6.1,0.0,2.904,134
H861082,Tofu gebraten ohne Fett (Pfanne),Tofu fried without fat (pan),157,64.605,21.579,7.425,0.0,1.884,0,17,263,0.0,1.217,0
U284162,"Rind Hüfte, gebraten ohne Fett (Ofen)","Beef rump, fried without fat (oven)",145,64.7,30.3,2.69,0.0,0,0.4,69,5,0.0,1.164,79
V4A5172,"Hähnchen Oberschenkel, mit Haut, gegrillt","Chicken thigh, with skin, grilled",309,49.73,27.42,22.14,0.0,0,0.46,98.1,8,0.0,4.901,157.7
C350042,"Reis poliert, geschmort ohne Fett",White rice braised without fat,111,72.5,2.428,0.167,24.4,0.9,0,3.54,1.5,0.09,0.035,0
T305172,"Goldbutt/Scholle, gegrillt",Plaice grilled,105,74.7,23.7,1.1,0.0,0,7,86.2,37,0.0,0.19,89
N414100,"Kaffee (Getränk) entkoffeiniert, mit Milch 3,5 % Fett","Coffee (infusion) decaffeinated, with milk 3.5 % fat",3,98.2,0.23,0.12,0.13,0,0,5,10.7,0.13,0.073,0.5
V512142,"Kalb Herz, geschmort ohne Fett","Veal heart, braised without fat",175,63.17,27.175,7.36,0.0,0,0,113,27,0.0,2.812,227
V463162,"Ente Fleisch, ohne Haut, gebraten ohne Fett (Ofen)","Duck meat, without skin, fried without fat (oven)",144,66.1,28.8,3.2,0.0,0,0.34,120,19,0.0,0.668,147
U872162,"Schaf Vorderhaxe, mittelfett, gebraten ohne Fett (Ofen)","Sheep foreshank, medium fat, fried without fat (oven)",219,60,25.2,13.1,0.0,0,0,72,10,0.0,4,94
G611132,"Kohlrübe/Steckrübe, gekocht",Swede boiled,38,88.5,0.7,0.1,7.0,3,0,4,37,5.8,0.022,0
X551162,Auberginenscheiben frittiert,Aubergine slices deep-fried,76,86,0.642,6.097,3.59,1.7,0,129,10,3.2,0.46,0.123
U881162,"Schaf Keule, mager, gebraten ohne Fett (Ofen)","Sheep leg, lean, fried without fat (oven)",163,63.8,30.2,4.73,0.0,0,0,77,16,0.0,2.2,90
Q4C5100,"Mischfett mit überwiegend Pflanzenfett, gesalzen, angereichert mit Vitaminen","Mixed fat spread (mainly vegetable fat) salted, fortified with vitamins",496,42.5,0.39,54.33,1.24,0,5.79,403.3,27.3,0.509948,19.41,23.68
T501162,Karpfen gebraten ohne Fett (Ofen),Carp fried without fat (oven),150,67.51,23.425,6.24,0.0,0,-,35,90,0.0,1.631,103
V242142,"Wildkaninchen Fleisch, geschmort ohne Fett","Wild rabbit meat, braised without fat",143,64.6,29.6,2.77,0.0,0,0,45,13,0.0,0.87,119
V516182,"Hammel Herz, gebraten ohne Fett (Pfanne)","Mutton heart, fried without fat (pan)",174,62.4,24.554,8.4,0.0,0,0,154,6,0.0,3.1,200
F545162,Kochbanane gebacken,Plantain baked,152,58.2,1.39,0.08,34.7,2.6,0,4,7,9.1,0.135,0
V532200,"Kalb Leber, tiefgefroren","Veal liver, deep-frozen",86,71.6,14.9,1.15,4.1,0,0.33,87,8.7,0.0,0.361,229
T104172,Sardelle gegrillt,Anchovy grilled,246,67.8,24.622,16.4,0.0,0,40,130,102,0.0,5.186,136
U323182,Kalb Kotelett (Rücken) gebraten ohne Fett (Pfanne),Veal chop (loin) fried without fat (pan),142,67.237,27.867,3.348,0.0,0,0.389,78,17,0.0,1.401,97
U461200,"Kalb Bug/Schulter, tiefgefroren","Veal shoulder, deep-frozen",94,76.2,21.2,1.01,0.0,0,0.4,87,12,0.0,0.423,63
F220152,Pflaume gedünstet,Plum stewed,57,84.5,0.35,0.2,12.6,2,0,0.9,9,9.53,0.026,0
C559032,Reisnudeln gekocht,Rice noodles boiled,91,81,1.889,0.15,20.4,0.4,0,13,4,0.07,0.03,0
H750132,"Dicke Bohne reif, gekocht","Broad bean mature, boiled",118,70.2,9,1,12.9,9,0,2,35,1.1,0.086,0
G760182,"Erbse grün, gebraten ohne Fett (Pfanne)","Pea green, fried without fat (pan)",101,78.7,6.8,0.552,14.142,5.7,0,2,31,1.498,0.114,0
V417182,"Hähnchen Flügel, mit Haut, gebraten ohne Fett (Pfanne)","Chicken wings, with skin, fried without fat (pan)",219,60.85,25.66,12.94,0.0,0,0.36,112.6,14,0.0,2.796,157.1
G480132,Speisezwiebel gekocht,Onion boiled,27,94.05,0.7,0.3,4.133,2.3,0,2,25,4.133,0.025,0
G620200,"Karotte/Möhre, tiefgefroren",Carrot deep-frozen,40,88.1,0.75,0.421,6.471,3.1,0,21.5,24,6.37,0.0979,0
G760282,"Erbse grün, tiefgefroren, gebraten ohne Fett (Pfanne)","Pea green, deep-frozen, fried without fat (pan)",89,74.8,5.6,0.805,11.5,6.092,0,5,37,6.2,0.166,0
T502200,"Blei/Brachsen/Brasse, tiefgefroren",Common bream deep-frozen,96,76.7,16.6,3.31,0.0,0,-,33,52.6,0.0,0.857,75
U886162,"Hammel Keule, gebraten ohne Fett (Ofen)","Mutton leg, fried without fat (oven)",279,55.456,24.085,20.282,0.0,0,0,93,13,0.0,9.251,99
U564142,Schwein Dicke Rippe geschmort ohne Fett,Pork breast tip cut braised without fat,251,56.33,26.5,16.1,0.0,0,0.29,60.5,9.5,0.0,5.22,96.35
U171142,Rind Bratenfleisch (Bug) geschmort ohne Fett,Beef meat for roasting (shoulder) braised without fat,163,65.446,27.126,6.057,0.0,0,0.457,39,4.363,0.0,2.657,81
U216182,Rind Filetsteak gebraten ohne Fett (Pfanne),Beef tenderloin steak fried without fat (pan),157,69.4,27.879,5.041,0.0,0,0.384,47,4.67,0.0,2.269,69.6
C359032,"Reis parboiled, poliert, gekocht","Rice parboiled, boiled",110,66.7,2.68,0.32,23.8,0.5,0,1,2,0.12,0.092,0
G581182,Kürbis Pumpkin (C. pepo) gebraten ohne Fett (Pfanne),Pumpkin (C. pepo) fried without fat (pan),66,87.56,2.037,0.241,10.76,6.352,0,1.65,17.824,9.45,0.063,0
U255162,"Rind Brustkern/Mittelbrust, gebraten ohne Fett (Ofen)","Beef brisket/centre cut, fried without fat (oven)",257,55.596,26.629,16.708,0.0,0,0.418,79,12,0.0,7.737,104
F501400,Ananas getrocknet,Pineapple dried,333,8,3.7,0.7,68.9,10.2,0,29,124,68.9,0.152,0
U576162,Schwein Bratenfleisch (Hüfte/Schinkenspeck) gebraten ohne Fett (Ofen),Pork meat for roasting (rump) fried without fat (oven),156,66.3,28.6,4.57,0.0,0,0,52.6,4.4,0.0,1.5,77.18
D490100,Quarkblätterteig gebacken,"Puff pastry with quark, baked",509,17,10.29,36.48,33.3,2.32,0.086,57,71,2.0,23.15,95
E108122,"Hühnerei Eiklar, pochiert","Chicken egg white, poached",42,87.8,10.1,0.031,0.418,0,0,189,6,0.418,0,0
V466162,"Ente Brust, mit Haut, gebraten ohne Fett (Ofen)","Duck breast, with skin, fried without fat (oven)",206,60.509,27.433,10.75,0.0,0,0.2,50,22.8,0.0,3.571,118.62
G322182,Grünkohl gebraten ohne Fett (Pfanne),Curly kale fried without fat (pan),79,74.84,6.209,1,4.95,12.522,0,37,427,3.9408,0.154,0
T209152,Seehecht gedünstet,Hake stewed,78,80.98,15.357,1.84,0.0,0,-,102,49,0.0,0.322,41
F514152,Kiwi gedünstet,Kiwi stewed,62,84.5,0.9,0.5,10.3,4,0,3,26,10.3,0,0
S157000,Traubendicksaft,Grape syrup,270,29.6,0.838,0,65.278,1.238,0,12,44,61.285,0,0
G344182,Spitzkohl gebraten ohne Fett (Pfanne),Pointed cabbage fried without fat (pan),58,83.8,2.28,0.34,8.56,5.7,0,34,89,8.3,0.042,0
V484172,"Pute Fleisch, mit Haut, gegrillt","Turkey meat, with skin, grilled",215,59.488,27.671,11.644,0.0,0,0.3,78,21,0.0,2.976,101
N414200,"Kaffee (Getränk) entkoffeiniert, mit Kondensmilch 7,5 % Fett","Coffee (infusion) decaffeinated, with evaporated milk 7.5 % fat",5,97.7,0.33,0.252,0.311,0,0,7,15,0.311,0.138,0.7
S220800,"Speiseeis (Nuss, Vanille) gemischt","Ice cream mixed (nut, vanilla)",217,58.4,2.89,11.48,24.69,1.06,0,37.8,79.9,20.17,7.875,21.6
W212032,Geflügel-Wiener Würstchen gargezogen,Poultry Vienna sausage poached,214,66.4,13.21,17.25,0.97,0,0,759.8,12.3,0.97,4.632,78.18
T213262,"Alaska-Pollack/Alaska-Seelachs, tiefgefroren, gebraten ohne Fett (Ofen)","Alaska pollock deep-frozen, fried without fat (oven)",106,75.231,24.344,0.962,0.0,0,0,90,19,0.0,0.175,73
V512182,"Kalb Herz, gebraten ohne Fett (Pfanne)","Veal heart, fried without fat (pan)",158,67.232,23.483,7.162,0.0,0,0,136,23,0.0,2.735,192
U882142,"Schaf Keule, mittelfett, geschmort ohne Fett","Sheep leg, medium fat, braised without fat",242,56,27.9,14.5,0.0,0,0,56,10,0.0,6.14,105
V494142,"Taube Fleisch, mit Haut, geschmort ohne Fett","Pigeon meat, with skin, braised without fat",202,58.32,32.047,8.233,0.0,0,0.3,60,64,0.0,2.447,183
T417152,Wildlachs gedünstet,Pacific salmon stewed,163,72.54,17.355,10.419,0.0,0,3.5,47,19,0.0,2.232,65
V572142,"Kalb Niere, geschmort ohne Fett","Veal kidney, braised without fat",219,55.708,31.73,10.192,0.0,0,0.2,265,20,0.0,4.675,760
U482200,"Kalb Keule, tiefgefroren","Veal round, deep-frozen",89,75.8,20.7,0.72,0.0,0,0.4,86,13,0.0,0.301,58
G611152,"Kohlrübe/Steckrübe, gedünstet",Swede stewed,22,89.5,1.225,0.157,2.26,2.843,0,10,35,1.362,0.022,0
C148032,"Gerste Graupen, gekocht","Pearl barley, boiled",114,62.6,3.8,0.471,22.9,1.7,0,2,6.8,0.626,0.119,0
G620182,"Karotte/Möhre, gebraten ohne Fett (Pfanne)",Carrot fried without fat (pan),74,78,1.556,0.741,11.983,5.4,0,42,39.1,11.796,0.1723,0
F303152,Brombeere gedünstet,Blackberry stewed,52,86.6,1.37,0.2,10.8,3.4,0,1,17,5.8,0,0
T603182,Zander gebraten ohne Fett (Pfanne),Pike-perch fried without fat (pan),102,74.49,23.75,0.74,0.0,0,3.1,26,68,0.0,0.164,90
U235142,"Rind Hochrippe, geschmort ohne Fett","Beef forerib/prime rib, braised without fat",199,60.522,28.407,9.471,0.0,0,0.471,41,5.171,0.0,4.252,68.7
T603600,Zander geräuchert,Pike-perch smoked,93,76.73,21.591,0.71,0.0,0,3.3,26,61,0.0,0.158,78
F517400,Papaya getrocknet,Papaya dried,289,20,4.4,0.568,60.2,12,0,88,132,60.2,0.169,0
N4A0000,"Kaffee (Getränk) mit Haferdrink, ungesüßt","Coffee (infusion) with oat drink, unsweetened",2,98,0.14,0.03,0.14,0.32,0,5.4,6.9,0.128,0.0041,0.001
T412152,Buckellachs gedünstet,Pink salmon stewed,110,78.6,18.3,4.1,0.0,0,8.9,61,10,0.0,0.76,55
T780172,Europäische Auster gegrillt,European oyster grilled,99,76.22,13.164,4.39,1.627,0,11,239,122,0.0,1.178,184
G530132,Okra gekocht,Okra boiled,23,91.7,1.8,0.2,2.0,3.1,0,5,93,1.4,0,0
W510062,"Kasseler, Rohpökelware, geräuchert, gebraten ohne Fett (Ofen)","Pork loin chop, raw cured, smoked, fried without fat (oven)",144,63.516,30.444,2.511,0.0,0,0,1406,6.83,0.0,0.984,69.1
W424082,"Schwein Kochschinken, Kochpökelware, gebraten ohne Fett (Pfanne)","Pork ham, cooked cured, fried without fat (pan)",142,67.13,25.412,3.656,0.86,0,0,957,7.78,0.86,1.312,71
G582162,Zucchini gebacken,Courgette baked,28,95,1.5,0.338,4.0,1.3,0,1.27,24,2.5,0.08,0
T102400,Hering gesalzen,Herring salted,218,48.8,19.8,15.4,0.0,0,18,4817,112,0.0,2.814,69
G490400,Knoblauch getrocknet,Garlic dried,240,6.45,15.042,1.044,7.0,70.355,0,19.5619,35.85,5.1,0.158,0
U411200,"Kalb Filet/Lende, tiefgefroren",Veal fillet (tenderloin) deep-frozen,101,75.5,21.2,1.82,0.0,0,0.4,95,12,0.0,0.694,58
V542132,"Kalb Lunge, gekocht","Veal lungs, boiled",87,79.821,17.5,1.929,0.0,0,-,103,4,0.0,0.593,260
X741112,Eierteigwaren (mit Salz gekocht),Egg pasta (boiled with salt),129,62.6,5.2,0.785,24.647,1.327,0.06,143,27,0.612,0.316,1
Y841643,Dörrpflaumenkompott,Prune compote,99,71,0.88,0,22.0,2.35,0,3,19,19.3,0,0
T507182,"Pangasius/Schlankwels, gebraten ohne Fett (Pfanne)",Striped catfish fried without fat (pan),89,81.515,17.706,2.048,0.0,0,0,249,12,0.0,0.8879,53.5
N418000,"Latte macchiato (Getränk) mit Milch 3,5 % Fett",Latte Macchiato (infusion) with milk 3.5 % fat,50,89.6,2.9,2.79,3.22,0.084,0,29,95,3.22,1.768,11.1
F081600,Rhabarbersaft,Rhubarb juice,12,96,0.51,0.112,1.087,0.32,0,2,71,0.903,0.023,0
K110132,"Kartoffel geschält, gekocht","Potatoe peeled, boiled",76,76.3,2,0.1,15.832,2.05,0,2.6,6.7,0.65,0.0336,0
V476182,"Gans Fleisch, ohne Haut, gebraten ohne Fett (Pfanne)","Goose meat, without skin, fried without fat (pan)",186,57.6,35.1,5.09,0.0,0,0.4,117,21,0.0,1.75,133
U811162,"Schaf Filet/Lende, gebraten ohne Fett (Ofen)","Sheep tenderloin, fried without fat (oven)",225,60.2,24,14.3,0.0,0,-,86,11,0.0,6.508,93
N630200,"Schwarztee (Getränk) mit Milch 3,5 % Fett",Black tea (infusion) with milk 3.5 % fat,2,99.1,0.12,0.12,0.13,0,0,3,9,0.13,0.073,0.5
T600152,Meerbarbe gedünstet,Goatfish stewed,89,78.529,17.946,1.905,0.0,0,2.8,72,25,0.0,0.218,60
T792132,Miesmuschel gekocht,Common mussel boiled,61,83.275,9.853,2.444,0.0,0,9,314,29.4,0.0,0.7362,158
K701172,Champignon gegrillt,Button mushroom grilled,44,85.6,5.57,0.422,4.5,2.9,0,63.58,9,0.3,0.0742,0
G760132,"Erbse grün, gekocht","Pea green, boiled",87,80.4,5.6,0.5,12.036,5.92,0,2,22,1.275,0.097,0
G554132,"Pfefferschote rot, gekocht","Chilli pepper red, boiled",41,88,1.93,0.46,6.39,1.6,0,8,15,6.39,0.043,0
G543162,"Gemüsepaprika rot, gebacken","Sweet pepper red, baked",42,90.1,1.206,0.235,7.29,2.588,0,1.47,9,7.29,0.0381,0
U216172,Rind Filetsteak gegrillt,Beef tenderloin steak grilled,144,72.2,25.44,4.7,0.0,0,0.385,42,4.26,0.0,2.116,63.5
T033152,Dornhai gedünstet,Piked dogfish stewed,169,73.53,11.25,13.81,0.0,0,3.6,17,6,0.0,4.467,27
C241132,"Einkorn ganzes Korn, gekocht","Einkorn wheat whole grain, boiled",179,53.21,7.43,1.45,31.44,5.37,0,0.3,23,0.62799,0.14,0
W234062,Fleischwurst gebraten ohne Fett (Ofen),Bologna fried without fat (oven),348,50.51,14.128,32.006,0.3,0,0,1045,35,0.29,12.488,69.9
M524582,"Halloumi Grillkäse, gebraten ohne Fett (Pfanne)",Halloumi cheese fried without fat (pan),307,48.3,21.69,24,0.1,0,0,659.5,694.2,0.0,14.17,78.7
F516600,Mangosaft,Mango juice,51,89,0.6,0.36,11.0,0.2,0,8,3.04,9.9,0.081,0
U632800,"Schwein Kamm, Rohpökelware","Pork neck, raw cured",162,66.7,18.07,9.74,0.47,0,0.2,1800,3.6,0.47,3.629,56.39
K709182,Hallimasch gebraten ohne Fett (Pfanne),Dark honey mushroom fried without fat (pan),62,80.2,5.198,1.115,4.8,9.033,0,67.75,6.838,0.3,0.195,0
C347032,"Mais Grütze, gekocht","Maize grits, boiled",52,83.449,1.375,0.448,9.974,1.495,0,0,3,0.22,0.057,0
T213132,"Alaska-Pollack/Alaska-Seelachs, pochiert",Alaska pollock poached,57,82.1,12.3,0.87,0.0,0,0,128,15,0.0,0.158,73
G560400,Tomate getrocknet,Tomato dried,276,14.6,12.193,1.412,41.66,16.7,0,51,128,41.66,0.2766,0
U382132,Kalb Kochfleisch (Brust) gekocht,Veal meat for boiling (breast) boiled,231,60.52,23.895,14.992,0.0,0,0.429,58,10.8,0.0,6.275,100
T207182,"Köhler/Seelachs, gebraten ohne Fett (Pfanne)","Saithe/pollack, fried without fat (pan)",116,74.812,22.942,2.689,0.0,0,0,55.1,26,0.0,0.721,75
C412032,"Grünkern Vollkornschrot, gekocht","Green spelt coarse meal, boiled",50,84.24,1.72,0.4,8.92,1.89,0,0.1,4.3,0.3745,0.05,0
G542152,"Gemüsepaprika gelb, gedünstet","Sweet pepper yellow, stewed",30,92.12,0.87,0.217,4.807,2.391,0,1,7,4.807,0.0556,0
U727162,"Lamm Kotelett, gebraten ohne Fett (Ofen)",Lamb chop (loin) fried without fat (oven),293,50.581,27.897,20.19,0.0,0,0,81,6,0.0,9.21,110
V463182,"Ente Fleisch, ohne Haut, gebraten ohne Fett (Pfanne)","Duck meat, without skin, fried without fat (pan)",178,58.7,34.8,4.3,0.0,0,0.78,144,23,0.0,0.907,177
M2I5200,"Milchmischgetränk 1,5 % Fett, mit Kaffee, ungesüßt","Milk drink 1.5 % fat, with coffee, unsweetened",36,91.1,2.88,1.26,3.17,0.05656,0,29.6,100.5,3.17,0.83,5
U727172,"Lamm Kotelett, gegrillt",Lamb chop (loin) grilled,292,52.26,25.371,21.124,0.0,0,0,79,5,0.0,9.636,99
W233032,"Fleischkäse einfach, fein/Original Bayerischer Leberkäse fein, gekocht",Fleischkaese sausage boiled,211,69.8,12.06,17.65,0.5,0,0,517.8,5,0.5,6.398,60.44
T506400,Wels gesalzen,European catfish salted,147,70.9,17.125,8.7,0.0,0,0,869,33,0.0,2.145,189
G670132,Wurzelpetersilie gekocht,Parsley root boiled,72,85.5,2.728,0.445,13.1,2.085,0,10,39,5.732,0.071,0
B6A2000,Roggenknäckebrot,Rye crispbread,334,6,9.4,1.34,62.0,18.16,0,518,36.3,1.751,0.15,0
T633200,Meeräsche tiefgefroren,Grey mullet deep-frozen,108,74.1,20.4,2.89,0.0,0,2.9,69,53,0.0,0.93,81
G482132,"Frühlingszwiebel/Lauchzwiebel, gekocht",Spring onion boiled,31,87,2.2,0.22,3.4,3.1,0,8,68,3.2,0.036,0
N410800,Kaffee (Getränk) mit Alkohol,Coffee (infusion) with alcohol,16,96,0.11,0,0.0,0.2933,0,4,6.6,0.0,0,0
C232032,"Hafer Schrot, gekocht","Oat coarse meal, boiled",62,80.1,2.107,1.273,9.6,1.7,0,1,10.4,0.194,0.257,0
G542042,"Gemüsepaprika gelb, geschmort ohne Fett","Sweet pepper yellow, braised without fat",31,92.03,0.87,0.218,4.859,2.418,0,1,7,4.859,0.0557,0
U642700,"Schwein Bauch (wie gewachsen) Rohpökelware, geräuchert","Pork belly (untrimmed) raw cured, smoked",374,43.3,18,33.3,0.492,0,0.34,1400,10,0.492,12.601,57.17
F564600,Mangostanesaft,Mangosteen juice,58,84.161,0.54,0.48,12.712,0.14,0,1,15,12.712,0.143,0
U351182,Kalb Gulasch (Bug) gebraten ohne Fett (Pfanne),Veal goulash (shoulder) fried without fat (pan),120,70.108,27.136,1.239,0.0,0,0.373,70,15,0.0,0.519,84
U861162,"Schaf Bug/Schulter, mager, gebraten ohne Fett (Ofen)","Sheep shoulder, lean, fried without fat (oven)",176,65.6,26.7,7.73,0.0,0,0.2,85,19,0.0,2.6,91
G670142,Wurzelpetersilie geschmort ohne Fett,Parsley root braised without fat,91,79.5,3.435,0.561,16.6,2.566,0,14,47,7.289,0.09,0
T424152,Meerforelle gedünstet,Sea trout stewed,98,79,16.4,3.44,0.0,0,7.5,59,21,0.0,0.84,99
G650200,Schwarzwurzel tiefgefroren,Black salsify deep-frozen,62,76,1.463,0.453,8.8,5,0,5,52,4.0,0.049,0
K120200,"Kartoffel ungeschält, tiefgefroren","Potatoe unpeeled, deep-frozen",90,81.87,2.16,0.105,19.44,1.495,0,10,4,1.54,0.035,0
V050200,Schnecken tiefgefroren,"Snails edible/escargots, deep-frozen",68,80.6,14.4,1.2,0.0,0,0,70,10,0.0,0.215,50
C137032,"Hafer Grütze, gekocht","Oat groats, boiled",66,82.6,3,1.1,10.0,2.021,0,1,12,0.14,0.222,0
G582132,Zucchini gekocht,Courgette boiled,22,95,1.3,0.3,3.0,0.8,0,<LOQ,22,1.7,0.072,0
T417182,Wildlachs gebraten ohne Fett (Pfanne),Pacific salmon fried without fat (pan),208,63.99,23.631,12.6,0.0,0,4,51,20,0.0,2.698,70
G561500,Tomate Pulver,Tomato powder,314,3.06,13.84,1.603,47.28,18.9,0,58,146,47.28,0.314,0
U821172,"Schaf Rücken, gegrillt",Sheep loin (chop) grilled,164,65.2,29.6,5.01,0.0,0,0,79,5,0.0,1.57,91
U020162,"Schwein Hackfleisch, gebraten ohne Fett (Ofen)","Pork mince, fried without fat (oven)",339,47.51,25.35,26.44,0.0,0,0.35,64.5,5.2,0.0,8.825,86.15
T041152,Aal gedünstet,Eel stewed,271,62.1,13.5,24.1,0.0,0,19,66,28.1,0.0,6.227,195
U853142,"Schaf Brust, fett, geschmort ohne Fett","Sheep breast, fat, braised without fat",487,32.9,17.8,46.2,0.0,0,0.5,75,14,0.0,21.092,118.8
U664162,Schwein Dicker Bug (mit Fett und Schwarte) gebraten ohne Fett (Ofen),Pork shoulder (with fat and rind) fried without fat (oven),240,57.35,27.3,14.56,0.0,0,0.15,65.7,4.7,0.0,4.738,84.94
G760432,"Erbse reif, gekocht","Pea green mature, boiled",117,66.6,8.745,0.558,14.9,8.539,0,8,19,1.2,0.101,0
U221200,Rind Roastbeef (Rücken) tiefgefroren,Beef roastbeef (loin) deep-frozen,130,76.4,22.45,4.45,0.0,0,0.4,55,3.191,0.0,1.943,48.5
K706182,Butterpilz gebraten ohne Fett (Pfanne),Brown-yellow boletus (slippery jack) fried without fat (pan),52,83.81,4.177,0.59,5.36,7.344,0,10,41,0.869,0.106,0
U721200,"Schaf Kotelett, tiefgefroren",Sheep chop (loin) deep-frozen,348,52,14.9,32,0.0,0,0,90,9,0.0,14.596,64
U753182,"Schaf Gulasch (Bug, fett) gebraten ohne Fett (Pfanne)","Sheep goulash (shoulder, fat) fried without fat (pan)",361,48.8,24,29.4,0.0,0,0.2,121,11,0.0,13.4,94
U578162,"Schwein Lachsbraten, gebraten, ohne Fett (Ofen)",Pork meat for roasting (loin) fried without fat (oven),142,66.92,29.84,2.51,0.0,0,0,47.9,4.3,0.0,0.83,66.09
G482162,"Frühlingszwiebel/Lauchzwiebel, gebacken",Spring onion baked,31,87,2.2,0.22,3.4,3.1,0,14,66,3.2,0.038,0
F545132,Kochbanane gekocht,Plantain boiled,112,69.3,1.21,0.08,25.4,1.9,0,2,6,6.6,0.124,0
F223152,Zwetschge gedünstet,Blue plum stewed,57,84.5,0.35,0.2,12.6,2,0,0.9,9,9.53,0.026,0
G490182,Knoblauch gebraten ohne Fett (Pfanne),Garlic fried without fat (pan),155,42,9.603,0.667,5.0,44.916,0,12.4886,22.89,3.3,0.101,0
G760252,"Erbse grün, tiefgefroren, gedünstet","Pea green, deep-frozen, stewed",85,75.9,5.4,0.769,11.0,5.824,0,4,35,5.9,0.159,0
V4A6162,"Hähnchen Brust, ohne Haut, gebraten ohne Fett (Ofen)","Chicken breast, without skin, fried without fat (oven)",148,65.63,31.16,2.59,0.0,0,0.16,69.8,6.3,0.0,0.585,111.1
U151142,Rind Gulasch (Bug) geschmort ohne Fett,Beef goulash (shoulder) braised without fat,173,63.376,28.77,6.424,0.0,0,0.485,42,4.628,0.0,2.819,85.9
Y847950,Johannisbeeren gezuckert,Red currants sugared,75,77,1.294,0.18,13.88,3.1,0,2,37,13.88,0.035,0
U131200,Rind Steak (Rücken) tiefgefroren,Beef steak (loin) deep-frozen,130,76.4,22.45,4.45,0.0,0,0.4,55,3.191,0.0,2.003,48.5
V513142,"Schwein Herz, geschmort ohne Fett","Pork heart, braised without fat",195,60.88,29.106,8.7,0.0,0,0.47,122.2,7.3,0.0,3.26,131.54
H610132,Bambussprossen gekocht,Bamboo shoots boiled,18,90.936,2.679,0.321,1.028,-,0,5,17,1.028,0.059,0
V593132,"Schwein Zunge, gekocht","Pork tongue, boiled",235,59.69,23.91,15.51,0.0,0,0.54,64.4,8.7,0.0,5.069,158.38
T615172,"Rotbarsch/Goldbarsch, gegrillt","Ocean perch/redfish, grilled",112,73.6,18.7,4.16,0.0,0,3.6,100,28,0.0,0.855,37
U101400,Rind Fleisch (Keule) getrocknet,Beef meat (round) dried,258,49.5,36.6,12.4,0.0,0,0.698,104.6,10.5,0.0,3.876,91.4
U711182,"Schaf Filetmedaillon, gebraten ohne Fett (Pfanne)","Sheep fillet medaillon, fried without fat (pan)",156,63.69,31.38,3.44,0.0,0,0,60.4,6.4,0.0,1.56,84.97
U773142,"Schaf Bratenfleisch (Bug, fett) geschmort ohne Fett","Sheep meat for roasting (shoulder, fat) braised without fat",383,45.7,25.5,31.2,0.0,0,0.2,91,10,0.0,14.2,100
V212142,"Hirsch Fleisch, geschmort ohne Fett","Venison meat, braised without fat",150,65.896,28.779,3.929,0.0,0,0.471,56,12.1,0.0,1.491,96
F331600,Maulbeersaft,Mulberry juice,44,89,1.23,0.31,7.3,0.2,0,5,38,7.3,0.02,0
U287132,"Rind Oberschale, gekocht","Beef topside/top round, boiled",176,64,31.29,5.659,0.0,0,0.5,43,8.4,0.0,2.571,82.7
V543132,"Schwein Lunge, gekocht","Pork lungs, boiled",107,79.951,13.5,5.929,0.0,0,-,101,3,0.0,1.86,349
V541132,"Rind Lunge, gekocht","Beef lungs, boiled",96,78.162,18.1,2.578,0.0,0,-,132,10.032,0.0,0.794,260
U672162,"Schwein Vordereisbein/Vorderhaxe, gebraten ohne Fett (Ofen)",Pork foreshank (hock) fried without fat (oven),249,55.56,31.2,13.78,0.0,0,0.32,117.7,7.6,0.0,4.368,112.47
V576142,"Hammel Niere, geschmort ohne Fett","Mutton kidney, braised without fat",169,61.324,31.35,4.848,0.0,0,0.2,277,26,0.0,1.61,708
U685142,"Schwein Hüfte/Schinkenspeck, geschmort ohne Fett","Pork rump, braised without fat",167,64.15,30.03,5.21,0.0,0,0,41.3,4.2,0.0,1.719,82.77
U622200,Schwein Kotelett (Rücken/cranial) tiefgefroren,Pork loin (cranial part) deep-frozen,175,67.75,21.02,10.08,0.0,0,0.15,48.7,6.2,0.0,3.398,55.83
U080200,"Rind Leberhack, tiefgefroren","Beef liver mince, deep-frozen",131,69,19.21,3.66,5.3,0,1.7,116,5.8,0.0,1.149,257
U184132,Rind Kochfleisch (Bug) gekocht,Beef meat for boiling (shoulder) boiled,170,64.358,28.406,6.211,0.0,0,0.469,43,4.772,0.0,2.724,88.6
T202152,Leng gedünstet,Ling stewed,73,81.281,16.964,0.59,0.0,0,-,108,18,0.0,0.144,41
V463042,"Ente Fleisch, ohne Haut, geschmort ohne Fett","Duck meat, without skin, braised without fat",142,67.4,27.3,3.6,0.0,0,0.47,56,16,0.0,0.752,147
U883200,"Schaf Keule, fett, tiefgefroren","Sheep leg, fat, deep-frozen",234,64.2,18,18,0.0,0,0,67,10,0.0,8.21,70
T410062,Lachs gebraten ohne Fett (Ofen),Salmon fried without fat (oven),198,65.622,22.777,11.875,0.0,0,3.9,32.7,13,0.0,2.542,70.2
T122182,Weißer Thun gebraten ohne Fett (Pfanne),Albacore fried without fat (pan),143,64.1,32.3,1.54,0.0,0,2.37,82.6,4.4,0.0,0.26,44
V4B5162,"Hähnchen Unterschenkel, mit Haut, gebraten ohne Fett (Ofen)","Chicken drumstick, with skin, fried without fat (oven)",174,66.52,24.41,8.47,0.0,0,0.26,102.2,8.4,0.0,1.83,134.2
V250200,"Wildschwein Fleisch, tiefgefroren","Wild boar meat, deep-frozen",162,70.2,19.5,9.3,0.0,0,0.27,94,9.9,0.0,3.248,62.6
V112162,"Pferd Fleisch, gebraten ohne Fett (Ofen)","Horse meat, fried without fat (oven)",150,65.325,29.516,3.268,0.585,0,0.472,55,12.7,0.0,1.18,97
G485132,Schalotte gekocht,Shalot boiled,33,90.2,2,0.1,3.2,5.6051,0,7,32,3.2,0.016,0
G451082,Spargel gebraten ohne Fett (Pfanne),Asparagus fried without fat (pan),53,86.3,3.698,0.294,7.51,2.6,0,4.04,37.632,7.17,0.0526,0
T753200,"Garnele/Granat/Krabbe, tiefgefroren",Common shrimp deep-frozen,87,84.1,18.6,1.44,0.0,0,-,146,92,0.0,0.31794,134.575
V4B5142,"Hähnchen Unterschenkel, mit Haut, geschmort ohne Fett","Chicken drumstick, with skin, braised without fat",142,72.38,21.07,6.36,0.0,0,0.19,46.8,6.8,0.0,1.37,125.9
U863200,"Schaf Bug/Schulter, fett, tiefgefroren","Sheep shoulder, fat, deep-frozen",294,60.4,17.2,25,0.0,0,0.2,97,8,0.0,11.401,64
U532162,"Schwein Kammsteak, gebraten ohne Fett (Ofen)",Pork steak (neck) fried without fat (oven),205,62.78,24.66,11.78,0.0,0,0.29,60.2,4.6,0.0,4.37,85.27
T403600,Bachsaibling geräuchert,Brook trout smoked,150,68.59,22.9,6.5,0.0,0,10.9,49,28,0.0,0.641,65
C123032,"Roggen Flocken, gekocht","Rye flakes, boiled",50,79.8,1.523,0.288,9.11,2.3,0,1,5.2,0.24,0.052,0
K713062,Pfifferling gebacken,Chanterelle baked,36,83.395,5.431,0.376,0.765,4.542,0,4,5,0.223,0.067,0
U231142,"Rind Hals/Kamm/Nacken, geschmort ohne Fett","Beef neck/chuck, braised without fat",186,68.4,25.85,9.2,0.0,0,0.457,37,8.52,0.0,4.131,86
G324182,Pak Choi gebraten ohne Fett (Pfanne),Pak choi fried without fat (pan),31,87,3.396,0.377,1.9,3.2,0,25,142,1.5,0.023,0
X820162,Reis gekocht,Rice boiled,112,72,2.535,0.188,24.6,0.8,0,100.8,1.8,0.1,0.04,0
G581032,Kürbis Hokkaido (C. maxima) gekocht,Hokkaido pumpkin boiled,30,84.712,1.4,0.2,5.298,0.806,0,6,33.4,4.59,0.047,0
V466172,"Ente Brust, mit Haut, gegrillt","Duck breast, with skin, grilled",250,58.036,23.339,17.426,0.0,0,0.3,46,19.2,0.0,5.786,99.891
U642132,Schwein Bauch (wie gewachsen) gekocht,Pork belly (untrimmed) boiled,357,46.86,22.49,29.64,0.0,0,0.45,38.6,5.4,0.0,10.614,86.15
K120184,"Kartoffel ungeschält, gebraten ohne Fett (Pfanne)","Potatoe unpeeled, fried without fat (pan)",111,75.9,2.66,0.13,23.98,1.844,0,10,5,1.9,0.044,0
U871132,"Schaf Vorderhaxe, mager, gekocht","Sheep foreshank, lean, boiled",169,61.5,32.3,4.47,0.0,0,0,82,7,0.0,1.38,103
V221142,"Reh Keule, geschmort ohne Fett","Roe deer leg, braised without fat",143,64.381,32.27,1.587,0.0,0,0.508,57,6,0.0,0.604,103
U271142,"Rind Vorderhesse, geschmort ohne Fett","Beef shin/foreshank, braised without fat",163,65.446,27.126,6.057,0.0,0,0.457,39,4.363,0.0,1.897,81
V582132,"Kalb Bries, gekocht","Veal sweetbread, boiled",112,74.86,20.104,3.532,0.0,0,0.1,68,0.5,0.0,1.791,273
U821162,"Schaf Rücken, gebraten ohne Fett (Ofen)",Sheep loin (chop) fried without fat (oven),174,62.4,32.6,4.79,0.0,0,0,81,6,0.0,1.51,102
E609232,"Eierteigwaren Tortellini (Fleischfüllung) getrocknet, gekocht","Egg pasta Tortellini (meat filling) dried, boiled",140,65.45,5.319,2.76,23.133,0.906,0,170,23,0.468,1.11,27
G581162,Kürbis Pumpkin (C. pepo) gebacken,Pumpkin (C. pepo) baked,42,94.85,1.294,0.153,6.84,4.035,0,1.048,11.324,6.01,0.04,0
G480500,Speisezwiebel Pulver,Onion powder,334,5.39,11.489,1.491,59.76,13.9,0,89,248,59.76,0.249,0
Y740842,Eier pochiert (verlorene Eier),Eggs poached,136,75.1,13.308,9.091,0.343,0,1.7,550,53,0.343,2.461,354
K701142,Champignon geschmort ohne Fett,Button mushroom braised without fat,42,86,5.41,0.405,4.4,2.8,0,61.07,9,0.3,0.0713,0
G541162,"Gemüsepaprika grün, gebacken","Sweet pepper green, baked",45,92.4,1.271,0.282,8.11,2.4,0,6,8,7.67,0.07,0
T791132,Große Sandklaffmuschel gekocht,Softshell clam boiled,54,83.301,9.844,1.638,0.0,0,9,129,14.5,0.0,0.322,82
G650142,Schwarzwurzel geschmort ohne Fett,Black salsify braised without fat,73,73,1.658,0.513,10.5,6,0,6,63,4.8,0.056,0
U733162,"Schaf Filetsteak, gebraten ohne Fett (Ofen)","Sheep fillet steak, fried without fat (oven)",146,66.17,29.26,3.21,0.0,0,0,56.3,6,0.0,1.46,79.23
T207282,"Köhler/Seelachs, tiefgefroren, gebraten ohne Fett (Pfanne)","Saithe/pollack, deep-frozen, fried without fat (pan)",95,78.359,21.078,1.238,0.0,0,0,72,9,0.0,0.201,59
U486162,"Kalb Unterschale/Schwanzstück, gebraten ohne Fett (Ofen)","Veal silverside, fried without fat (oven)",114,69.648,26.854,0.778,0.0,0,0.378,93,17,0.0,0.326,78
U685162,"Schwein Hüfte/Schinkenspeck, gebraten ohne Fett (Ofen)","Pork rump, fried without fat (oven)",156,66.3,28.6,4.57,0.0,0,0,52.6,4.4,0.0,1.509,77.18
G344132,Spitzkohl gekocht,Pointed cabbage boiled,29,93.4,1.12,0.17,4.21,2.9,0,16,46,4.08,0.021,0
M200100,"Milchmischgetränk < 1 % Fett, aromatisiert, gesüßt","Milk drink < 1 % fat, flavoured, sweetened",56,85.22,3.213,0.066,10.512,0,0,50,116,10.512,0.041,2
H450400,Mohn gemahlen,Poppy seed ground,521,5.2,23.821,42.2,2.99,17.159,0,21,1413,2.99,4.8,-
V494200,"Taube Fleisch, mit Haut, tiefgefroren","Pigeon meat, with skin, deep-frozen",169,68.4,20.9,9.5,0.0,0,0.3,90,45,0.0,2.824,110
K420192,"Batate/Süßkartoffel, frittiert, gesalzen","Batata/sweet potato, deep-fried, salted",300,34.5,2.833,11.525,43.8,5.458,0,309,39.5,9.5,0.74,0.215
V232200,"Hase Fleisch, tiefgefroren","Hare meat, deep-frozen",113,73.3,21.6,3.01,0.0,0,0,44,13.858,0.0,1.15,65
G311132,Blumenkohl gekocht,Cauliflower boiled,37,92.79,1.9,0.9,5.09,2.38,0,7,19,2.376,0.038,0
C143032,"Gerste Flocken, gekocht","Barley flakes, boiled",56,84.9,1.903,0.355,10.6,1.5,0,3,5.9,0.29,0.09,0
G581052,Kürbis Hokkaido (C. maxima) gedünstet,Hokkaido pumpkin stewed,33,83.686,1.522,0.217,5.759,0.848,0,8,34.3,4.989,0.051,0
V515182,"Lamm Herz, gebraten ohne Fett (Pfanne)","Lamb heart, fried without fat (pan)",178,66.7,25.7,8.4,0.0,0,0,153,8,0.0,3.5,200
V523132,"Schwein Hirn, gekocht","Pork brain, boiled",116,78.876,11.224,7.941,0.0,0,-,81,9,0.0,2.008,3000
V614200,"Hähnchen Herz, tiefgefroren","Chicken heart, deep-frozen",165,75.5,13.09,12.5,0.0,0,0.86,105,5.2,0.0,3.115,164.7
U622162,Schwein Kotelett (Rücken/cranial) gebraten ohne Fett (Ofen),Pork loin (cranial part) fried without fat (oven),203,61.63,26.63,10.75,0.0,0,0.16,53.2,7.6,0.0,3.624,74.44
V474132,"Gans Fleisch, mit Haut, gekocht","Goose meat, with skin, boiled",260,59.114,20.186,19.929,0.0,0,0.2,49,15,0.0,5.606,123
F321152,"Johannisbeere rot, gedünstet",Red currant stewed,41,84.9,1.514,0.211,4.52,3.7,0,2,42,4.52,0.041,0
T305152,"Goldbutt/Scholle, gedünstet",Plaice stewed,69,83.6,15.4,0.8,0.0,0,5,61.9,31,0.0,0.14,75
T512600,Schleie geräuchert,Tench smoked,84,74.993,19.108,0.799,0.0,0,-,36,72,0.0,0.227,81
T209200,Seehecht tiefgefroren,Hake deep-frozen,86,79.06,17.2,1.93,0.0,0,-,101,41,0.0,0.338,34.4
U742172,"Schaf Schnitzel (Keule, mittelfett) gegrillt","Sheep schnitzel (leg, medium fat) grilled",242,57,25.8,15.4,0.0,0,0,79,11,0.0,6.6,96
V595132,"Lamm Zunge, gekocht","Lamb tongue, boiled",238,64.6,17.6,18.6,0.0,0,0.1,58,6,0.0,5.9,168
T200182,Grenadier gebraten ohne Fett (Pfanne),Grenadier fried without fat (pan),90,77.156,20.781,0.788,0.0,0,-,120,25,0.0,0.19,32
G312132,Broccoli gekocht,Broccoli boiled,33,92.177,3.3,0.5,2.5,2.73,0,6,35,1.6,0.0981,0
W233062,"Fleischkäse einfach, fein/Original Bayerischer Leberkäse fein, gebraten ohne Fett (Ofen)",Fleischkaese sausage fried without fat (oven),283,58.5,15.59,24.01,0.67,0,0,904,7.1,0.67,8.704,74.11
T207232,"Köhler/Seelachs, tiefgefroren, pochiert","Saithe/pollack, deep-frozen, poached",86,80.524,18.75,1.239,0.0,0,0,84,10,0.0,0.201,66
V221132,"Reh Keule, gekocht","Roe deer leg, boiled",129,68.023,29.043,1.429,0.0,0,0.457,51,6,0.0,0.543,93
U853162,"Schaf Brust, fett, gebraten ohne Fett (Ofen)","Sheep breast, fat, fried without fat (oven)",433,40.1,15.8,41.1,0.0,0,0.444,94,14,0.0,18.749,105.6
V486200,"Pute Brust, ohne Haut, tiefgefroren","Turkey breast, without skin, deep-frozen",105,73.7,24.1,0.99,0.0,0,0.15,46,4.5,0.0,0.36,44
U291142,"Rind Hinterhesse, geschmort ohne Fett","Beef leg/hindshank, braised without fat",177,63.2,28.7,6.9,0.0,0,0.457,58.9,5.71,0.0,2.2,74.9
T730132,Hummer gekocht,Lobster boiled,80,80.428,14.722,2.346,0.0,0,-,283,75,0.0,0.296,109.6
G344162,Spitzkohl gebacken,Pointed cabbage baked,36,90.8,1.42,0.21,5.33,3.5,0,21,55,5.17,0.025,0
T604182,"Katfisch/Steinbeißer, gebraten ohne Fett (Pfanne)","Catfish/wolffish, fried without fat (pan)",97,77,18.762,2.4,0.0,0,0.5,112,25,0.0,0.571,41.1
V335182,"Wildente Schenkel, mit Haut, gebraten ohne Fett (Pfanne)","Wild duck leg, with skin, fried without fat (pan)",236,58.1,25.8,14.7,0.0,0,0.3,72,8,0.0,4.9,121
V514142,"Schaf Herz, geschmort ohne Fett","Sheep heart, braised without fat",196,60.4,29.6,8.57,0.0,0,0,101,9,0.0,3.28,255
G430162,Gemüsefenchel gebacken,"Fennel/Florence fennel, baked",32,90.7,1.647,0.235,4.04,3.9,0,32,44.314,3.5,0.051,0
V463132,"Ente Fleisch, ohne Haut, gekocht","Duck meat, without skin, boiled",135,69.1,25.9,3.5,0.0,0,0.46,55,15,0.0,0.729,142
T207252,"Köhler/Seelachs, tiefgefroren, gedünstet","Saithe/pollack, deep-frozen, stewed",76,82.934,16.641,1.1,0.0,0,0,72,9,0.0,0.179,59
F303400,Brombeere getrocknet,Blackberry dried,305,3.88,8.02,1.2,63.1,19.7,0,6,99,33.7,0,0
T307200,Schwarzer Heilbutt tiefgefroren,Greenland halibut deep-frozen,161,75.7,13.217,12,0.0,0,15,86,18.5,0.0,2.147,24.4
T041182,Aal gebraten ohne Fett (Pfanne),Eel fried without fat (pan),309,56,16.9,26.8,0.0,0,20,65,27.8,0.0,6.922,193
G460152,Portulak gedünstet,Purslane stewed,16,91.8,1.577,0.362,0.625,1.7,0,2,101,0.205,0,0
U754142,Schaf Gulasch (Hals/Kamm/Nacken) geschmort ohne Fett,Sheep goulash (scrag) braised without fat,234,58.1,26.1,14.42,0.0,0,-,60,22,0.0,6.9,105
G470182,"Porree/Lauch, gebraten ohne Fett (Pfanne)",Leek fried without fat (pan),57,84,3.397,0.397,8.0,3.5,0,0.8,67,6.1,0.071,0
V475200,"Gans Schenkel, mit Haut, tiefgefroren","Goose leg, with skin, deep-frozen",231,66.69,17.17,18.073,0.0,0,0.35,76,5.2,0.0,5.084,97.8
K701182,Champignon gebraten ohne Fett (Pfanne),Button mushroom fried without fat (pan),47,84.5,6,0.449,4.8,3.1,0,67.75,10,0.3,0.0791,0
W233082,"Fleischkäse einfach, fein/Original Bayerischer Leberkäse fein, gebraten ohne Fett (Pfanne)",Fleischkaese sausage fried without fat (pan),271,60.7,14.4,23.24,0.63,0,0,863.8,6.6,0.63,8.424,69.17
U642162,Schwein Bauch (wie gewachsen) gebraten ohne Fett (Ofen),Pork belly (untrimmed) fried in the oven without fat,364,45.85,22.77,30.34,0.0,0,0.46,67.5,6,0.0,10.864,82.66
V454162,"Perlhuhn Fleisch, mit Haut, gebraten ohne Fett (Ofen)","Guineafowl meat, with skin, fried without fat (oven)",167,63.4,29.9,5.23,0.0,0,0.2,70,14,0.0,1.4,94
T604200,"Katfisch/Steinbeißer, tiefgefroren","Catfish/wolffish, deep-frozen",82,80.3,15.8,2.13,0.0,0,0.5,105,20,0.0,0.508,32.9
T307152,Schwarzer Heilbutt gedünstet,Greenland halibut stewed,147,78.2,11.526,11.2,0.0,0,14,85,21.5,0.0,1.997,28.4
K704152,Birkenpilz gedünstet,Brown birch bolete stewed,65,81.75,6.62,0.873,4.6,9.141,0,3,2.66,0.746,0.154,0
V438182,"Suppenhuhn Innereien, gebraten ohne Fett (Pfanne)","Boiling fowl giblets, fried without fat (pan)",240,55.1,27,14.62,0.0,0,1.03,104,16,0.0,3.84,381
U856162,"Hammel Brust, gebraten ohne Fett (Ofen)","Mutton breast, fried without fat (oven)",433,40.056,15.833,41.111,0.0,0,0.444,110,11,0.0,18.749,105.6
U687062,Schwein Oberschale (ohne Deckel) gebraten ohne Fett (Ofen),"Pork topside, fried without fat (oven)",143,67.57,29.54,2.71,0.0,0,0,52.9,4.5,0.0,0.844,73.31
U726162,"Hammel Kotelett, gebraten ohne Fett (Ofen)",Mutton chop (loin) fried without fat (oven),456,35.517,22.468,40.635,0.0,0,0,121,13,0.0,18.531,102
G640142,Pastinake geschmort ohne Fett,Parsnip braised without fat,71,76.8,3.2056,0.513,11.7,2.566,0,10,55,3.687,0.077,0
U852162,"Schaf Brust, mittelfett, gebraten ohne Fett (Ofen)","Sheep breast, medium fat, fried without fat (oven)",215,58.5,25.9,12.4,0.0,0,0.444,102,10,0.0,5.78,105.6
E113182,"Hühnerei Eiklar, gebraten ohne Fett (Pfanne)","Chicken egg white, fried without fat (pan)",46,86.9,10.9,0.034,0.461,0,0,208,7,0.461,0,0
G343182,Wirsing gebraten ohne Fett (Pfanne),Savoy cabbage fried without fat (pan),69,78.3,5.243,0.604,7.8,5.3,0,17,121.174,6.6,0.107,0
E112182,"Hühnerei Eigelb, gebraten ohne Fett (Pfanne)","Chicken egg yolk, fried without fat (pan)",386,45.4,17.2,35.169,0.236,0,7,58,167,0.236,9.56,1410
G770432,"Kichererbse reif, gekocht","Chick pea mature, boiled",151,62.3,8.4,3,17.4,10.6,0,1,48,1.4,0.405,0
G543152,"Gemüsepaprika rot, gedünstet","Sweet pepper red, stewed",39,91.1,1.114,0.217,6.73,2.391,0,1.36,9,6.73,0.0351,0
U255142,"Rind Brustkern/Mittelbrust, geschmort ohne Fett","Beef brisket/centre cut, braised without fat",247,57.45,25.319,16.224,0.0,0,0.464,49,10.3,0.0,7.514,101
T202182,Leng gebraten ohne Fett (Pfanne),Ling fried without fat (pan),97,75.516,22.562,0.698,0.0,0,-,114,19,0.0,0.168,43
G670152,Wurzelpetersilie gedünstet,Parsley root stewed,74,84.3,2.824,0.461,13.5,2.088,0,12,38,5.931,0.075,0
V351182,"Wachtel Fleisch, ohne Haut, gebraten ohne Fett (Pfanne)","Quail meat, without skin, fried without fat (pan)",155,62.3,29.7,4.03,0.0,0,0.3,60,18,0.0,1.16,97
T122152,Weißer Thun gedünstet,Albacore stewed,109,72.5,24.3,1.3,0.0,0,2.12,78.6,4.2,0.0,0.22,41.9
G490042,Knoblauch geschmort ohne Fett,Garlic braised without fat,122,56,7.487,0.52,4.0,35.371,0,9.7364,17.84,2.5,0.078,0
T302152,Steinbutt gedünstet,Turbot stewed,74,82.263,14.911,1.648,0.0,0,5,115,20,0.0,0.289,29.3
T793172,"Pilgermuschel/Jakobsmuschel, gegrillt",Scallop grilled,93,72.294,22.818,0.149,0.0,0,11,442,39,0.0,0.044,155
T106152,Sprotte gedünstet,Sprat stewed,174,67.3,14.9,12.7,0.0,0,30,91,202,0.0,4.512,130
V511142,"Rind Herz, geschmort ohne Fett","Beef heart, braised without fat",197,59.881,29.244,8.889,0.0,0,0,120,11.91,0.0,3.394,231
U281162,"Rind Keule, gebraten ohne Fett (Ofen)","Beef round, fried without fat (oven)",171,66,26.2,7.4,0.0,0,0.364,66.2,7,0.0,2.31,68.1
V531200,"Rind Leber, tiefgefroren","Beef liver, deep-frozen",131,69,19.21,3.66,5.3,0,1.7,116,5.8,0.0,1.149,257
G710132,"Bohne grün, gekocht","Bean green, boiled",34,90.284,2.1,0.3,4.06,3.65,0,1.6,61,2.976,0.068,0
T603132,Zander pochiert,Pike-perch poached,69,82.66,15.957,0.56,0.0,0,3.1,22,57,0.0,0.124,77
V4A5182,"Hähnchen Oberschenkel, mit Haut, gebraten ohne Fett (Pfanne)","Chicken thigh, with skin, fried without fat (pan)",243,58.18,25.49,15.72,0.0,0,0.4,97.9,7.9,0.0,3.481,148.2
U872132,"Schaf Vorderhaxe, mittelfett, gekocht","Sheep foreshank, medium fat, boiled",259,53,29.8,15.5,0.0,0,0,60,11,0.0,4.9,112
G620142,"Karotte/Möhre, geschmort ohne Fett",Carrot braised without fat,48,85.6,1.002,0.477,7.797,3.5,0,27.1,25.2,7.675,0.1109,0
V481172,"Pute Fleisch, ohne Haut, gegrillt","Turkey meat, without skin, grilled",134,67.3,26.974,2.9,0.0,0,0.3,110,13,0.0,0.819,94.6
G640132,Pastinake gekocht,Parsnip boiled,72,80.5,1.2,0.7,13.7,2.6,0,3,34,4.2,0.055,0
U856132,"Hammel Brust, gekocht","Mutton breast, boiled",480,33.923,17.538,45.538,0.0,0,0.492,86,11,0.0,20.768,116.9
T615162,"Rotbarsch/Goldbarsch, gebraten ohne Fett (Ofen)","Ocean perch/redfish, fried without fat (oven)",108,74.3,18.4,3.87,0.0,0,3.1,86,28,0.0,0.794,37.5
U891172,"Schaf Hinterhaxe, mager, gegrillt","Sheep hindshank, lean, grilled",161,63.5,29.7,4.72,0.0,0,0,114,7,0.0,1.479,94
G342162,Weißkohl gebacken,White cabbage baked,37,90,1.626,0.224,5.33,3.5,0,6,52,5.17,0.0393,0
U672132,"Schwein Vordereisbein/Vorderhaxe, gekocht",Pork foreshank (hock) boiled,238,57.5,29.99,13.11,0.0,0,0.3,65.5,6.7,0.0,4.155,114.1
G450200,Spargel tiefgefroren,Asparagus deep-frozen,32,92.7,2.178,0.173,4.42,1.6,0,2.38,22.161,4.22,0.031,0
C353132,Wildreis gekocht,Wild rice boiled,140,66.4,5.074,0.349,28.36,1.5,0,1.89,7.84,0.28,0.058,0
T204252,"Dorsch/Kabeljau, tiefgefroren, gedünstet","Cod deep-frozen, stewed",68,82.566,15.527,0.6,0.0,0,-,97,18,0.0,0.145,65
H230162,"Edelkastanie/Marone, gebacken",Sweet chestnut baked,229,40.037,3.179,2.065,44.783,9.098,0,2,47.4,15.109,0.31,-
U533172,"Schwein Schmetterlingssteak, gegrillt",Pork steak (loin) grilled,216,55.8,34.1,8.9,0.0,0,1.3,54,3.6,0.0,2.9,67.9
U331200,Kalb Steak (Rücken) tiefgefroren,Veal steak (loin) deep-frozen,107,74.9,20.9,2.62,0.0,0,0.4,93,13,0.0,1.096,70
G561152,Tomate gedünstet,Tomato stewed,24,93.5,1.08,0.125,3.69,1.5,0,5,11,3.69,0.0245,0
E111132,Hühnerei gekocht,Chicken egg boiled,144,75.4,14.1,9.6,0.34,0,2.3,150,55,0.34,2.6,360
U020132,"Schwein Hackfleisch, gekocht","Pork mince, boiled",345,46.57,25.95,26.78,0.0,0,0.35,59.5,4.9,0.0,8.941,93.1
W530042,"Kasseler, Rohpökelware, geräuchert, geschmort ohne Fett","Pork loin chop raw cured, smoked, braised without fat",133,66.59,28.29,2.259,0.0,0,0,1011,6.06,0.0,0.886,66.3
T033182,Dornhai gebraten ohne Fett (Pfanne),Piked dogfish fried without fat (pan),195,69.165,14.082,15.353,0.0,0,3.8,17,6,0.0,4.966,27
U461142,"Kalb Bug/Schulter, geschmort ohne Fett","Veal shoulder, braised without fat",116,70.864,26.571,1.077,0.0,0,0.427,70,16,0.0,0.452,84
H420610,Sesam geröstet ohne Fett,Sesame seeds roasted without fat,575,4.078,20.896,51.429,1.448,11.408,0,44,799,1.224,7.704,-
M524572,"Halloumi Grillkäse, gegrillt",Halloumi cheese grilled,320,46.4,22.14,25.32,0.1,0,0,659.5,694.2,0.0,14.95,78.7
V416142,"Hähnchen Brustfilet, geschmort ohne Fett","Chicken breast fillet, braised without fat",134,68.05,30.13,1.53,0.0,0,0.13,28.8,5.4,0.0,0.346,95.8
G221182,Bleichsellerie gebraten ohne Fett (Pfanne),Stalk celery fried without fat (pan),32,89.5,2.264,0.2,3.0,4.817,0,147,75,2.8,0,0
T204262,"Dorsch/Kabeljau, tiefgefroren, gebraten ohne Fett (Ofen)","Cod deep-frozen, fried without fat (oven)",93,76.305,21.553,0.723,0.0,0,-,106,19,0.0,0.175,71
G414132,"Gemüseartischocke/Kardone, gekocht",Cardoon boiled,22,93.1,0.9,0.1,3.27,2,0,172,90,3.05,0.013,0
U622172,Schwein Kotelett (Rücken/cranial) gegrillt,Pork loin (cranial part) grilled,226,58.28,27.64,12.84,0.0,0,0.17,60,6.4,0.0,4.329,76.48
T207162,"Köhler/Seelachs, gebraten ohne Fett (Ofen)","Saithe/pollack, fried without fat (oven)",134,70.614,26.6,3.048,0.0,0,0,63.9,30,0.0,0.818,87
U622142,Schwein Kotelett (Rücken/cranial) geschmort ohne Fett,Pork loin (cranial part) braised without fat,219,59.35,27.53,12.07,0.0,0,0.17,41.2,7.2,0.0,4.069,78.63
U871162,"Schaf Vorderhaxe, mager, gebraten ohne Fett (Ofen)","Sheep foreshank, lean, fried without fat (oven)",143,67,27.3,3.77,0.0,0,0,98,6,0.0,1.19,87
T020182,Tintenfisch gebraten ohne Fett (Pfanne),Common cuttlefish fried without fat (pan),87,77.67,19.119,1.22,0.0,0,0,411,34,0.0,0.36,344
F130400,Birne getrocknet,Pear dried,231,32.2,1.194,1.154,52.36,11.1,0,3.095,32,40.11,0.1541,0
T410052,Lachs gedünstet,Salmon stewed,163,72.539,17.355,10.419,0.0,0,3.5,31.5,13,0.0,2.232,67.8
F301152,Erdbeere gedünstet,Strawberry stewed,40,89.5,0.863,0.421,6.229,2.1,0,1,17,6.166,0.033,0
G761200,Zuckererbse tiefgefroren,Sugar pea deep-frozen,40,88,4,0.2,4.6,2,0,16,88,3.34,0,0
C432032,"Hirse Schrot, gekocht","Millet coarse meal, boiled",45,87.8,1.53,0.39,8.53,0.43,0,0,1.1,0.07002,0.07,0
T120182,Pelamide gebraten ohne Fett (Pfanne),Atlantic bonito fried without fat (pan),162,65,26.6,6.21,0.0,0,4.82,46,50,0.0,0.7,102
G341182,Rotkohl gebraten ohne Fett (Pfanne),Red cabbage fried without fat (pan),53,82.3,2.949,0.34,7.042,4.7,0,21,68,6.906,0.0631,0
V485162,"Pute Keule, ohne Haut, gebraten ohne Fett (Ofen)","Turkey leg, without skin, fried without fat (oven)",189,58.038,34.692,5.554,0.0,0,0.3,106,23,0.0,2.139,110.6
V513182,"Schwein Herz, gebraten ohne Fett (Pfanne)","Pork heart, fried without fat (pan)",160,67.42,24.7,6.81,0.0,0,0.39,143.8,6.6,0.0,2.55,109.28
U554142,Schwein Gulasch (Restbug) geschmort ohne Fett,Pork goulash (shoulder strips) braised without fat,161,65.19,29.42,4.79,0.0,0,0,54.4,4.8,0.0,1.52,88.69
K440162,Yamswurzel gebacken,Yam baked,158,59.2,2.564,0.167,33.0,7.128,0,13,32,0.9,0.059,0
G561162,Tomate gebacken,Tomato baked,25,93.2,1.118,0.129,3.82,1.5,0,5,12,3.82,0.0253,0
V320162,"Rebhuhn Fleisch, gebraten ohne Fett (Ofen)","Partridge meat, fried without fat (oven)",324,35.3,54.4,11.8,0.0,0,0.3,126,69,0.0,3.9,131.32
U533162,"Schwein Schmetterlingssteak, gebraten ohne Fett (Ofen)",Pork steak (loin) fried without fat (oven),176,63.6,28.8,6.7,0.0,0,0,48.5,4.4,0.0,2.5,66.99
F212600,Sauerkirschsaft,Sour cherry juice,62,85.29,0.81,0.4,12.853,0.1,0,1,15,11.953,0.089,0
E401032,"Teigwaren eifrei, gekocht","Pasta egg-free, boiled",146,61.6,5.4,0.702,28.68,1.494,0,0.7,11.6,0.839,0.101,0
V422072,"Geflügel Dönerfleisch, gegrillt","Poultry kebab meat, grilled",268,50.04,27.65,17.48,0.0,0,0.28,1231,6.21,0.0,3.038,97.8
V417172,"Hähnchen Flügel, mit Haut, gegrillt","Chicken wings, with skin, grilled",286,51.46,28.8,19.03,0.0,0,0.44,117.7,14.8,0.0,4.112,174.6
T502600,"Blei/Brachsen/Brasse, geräuchert",Common bream smoked,104,75.09,17.92,3.57,0.0,0,-,36,59.8,0.0,0.925,81
H410400,Leinsamen geschrotet,"Linseed/flax seed, ground",468,8.6,22.27,36.5,1.7,21.565,0,56.8,206,1.21,3.597,0
E111162,Hühnerei gebacken,Chicken egg baked,161,71.885,15.556,10.843,0.41,0,2.1,186,63,0.41,2.935,422
C221132,"Roggen Vollkornschrot, gekocht","Rye coarse meal, boiled",47,85.53,1.31,0.2,8.52,2.97,0,0.1,5.9,0.216,0.03,0
U511182,"Schwein Filetmedaillon, gebraten ohne Fett (Pfanne)","Pork fillet medaillon, fried without fat (pan)",144,67.01,28.87,3.17,0.0,0,0,55.5,5.9,0.0,0.97,78.17
G520042,Gurke geschmort ohne Fett,Cucumber braised without fat,18,96.5,1.155,0.218,2.17,1,0,3,21,2.17,0.073,0
T415182,Königslachs gebraten ohne Fett (Pfanne),Chinook salmon fried without fat (pan),208,63.99,23.631,12.6,0.0,0,4,51,32,0.0,2.8,70
T106182,Sprotte gebraten ohne Fett (Pfanne),Sprat fried without fat (pan),197,62.9,18.2,13.8,0.0,0,31,88,195,0.0,4.902,125
G620132,"Karotte/Möhre, gekocht",Carrot boiled,34,89.2,0.5,0.5,5.415,2.47,0,29,31,5.314,0.093,0
E500032,"Vollkornteigwaren eifrei, gekocht","Wholemeal pasta egg-free, boiled",130,67.6,5.4,1.11,22.6,3.9,0,1,13,1.0,0.165,0
T601182,"Barsch/Flussbarsch, gebraten ohne Fett (Pfanne)",European perch fried without fat (pan),94,75.9,21.85,0.7,0.0,0,3.1,50,138,0.0,0.11,90
G470152,"Porree/Lauch, gedünstet",Leek stewed,37,90,2.277,0.266,5.0,2.3,0,0.5,45,4.0,0.047,0
U024172,"Schwein Hackfleisch, gegrillt","Pork mince, grilled",363,45.22,24.52,29.41,0.0,0,0.34,67.8,4.1,0.0,9.82,82.46
U151200,Rind Gulasch (Bug) tiefgefroren,Beef goulash (shoulder) deep-frozen,128,73.1,20.2,5.3,0.0,0,0.4,50,3.818,0.0,2.325,56.7
W288162,Geflügelmortadella gebraten ohne Fett (Ofen),Poultry mortadella fried without fat (oven),231,62.42,12.967,19.09,0.009,0.51,0,872,18.09,0.0,7.317,82.95
T213252,"Alaska-Pollack/Alaska-Seelachs, tiefgefroren, gedünstet","Alaska pollock deep-frozen, stewed",65,85.481,14.643,0.667,0.0,0,0,69,14,0.0,0.121,56
U411162,"Kalb Filet/Lende, gebraten ohne Fett (Ofen)",Veal fillet (tenderloin) fried without fat (oven),135,67.366,29.074,2.08,0.0,0,0.4,109,16,0.0,0.793,83
T045182,Dorschleber gebraten ohne Fett (Pfanne),Cod liver fried without fat (pan),651,26,5.2,70,0.0,0,110,51,9.38,0.0,12.96,1000
K120134,"Kartoffel ungeschält, gekocht","Potatoe unpeeled, boiled",71,81.5,1.8,0.6,13.641,1.696,0,3,11,1.096,0.035,0
T204282,"Dorsch/Kabeljau, tiefgefroren, gebraten ohne Fett (Pfanne)","Cod deep-frozen, fried without fat (pan)",85,78.351,19.667,0.675,0.0,0,-,97,18,0.0,0.164,65
T309182,Seezunge gebraten ohne Fett (Pfanne),Sole fried without fat (pan),102,76.42,20.781,2.09,0.0,0,5,106,36,0.0,0.61,62
T120152,Pelamide gedünstet,Atlantic bonito stewed,127,73,20,5.26,0.0,0,4.32,44,48,0.0,0.6,98
U811172,"Schaf Filet/Lende, gegrillt","Sheep tenderloin, grilled",260,55.2,25.6,17.5,0.0,0,-,99,12,0.0,8,99
G420182,"Stielmus/Rübstiel, gebraten ohne Fett (Pfanne)","Turnip tops/greens, fried without fat (pan)",27,88.9,2.2,0.4,1.21,4.8,0,60,284,1.21,0.1,0
G570132,Zuckermais gekocht,Sweetcorn boiled,61,78,3.012,1.13,8.6,2.7,0,2,2.156,3.13,0.151,0
V416200,"Hähnchen Brustfilet, tiefgefroren","Chicken breast fillet, deep-frozen",109,74.63,23.25,1.81,0.0,0,0.15,51.2,4.5,0.0,0.41,68
G486162,Frühlingszwiebel/Lauchzwiebel (ohne Laub) gebacken,"Spring onion, bulb only, baked",38,85.2,1.1,0.176,7.05,1.6,0,15,165,7.05,0.029,0
H230172,"Edelkastanie/Marone, gegrillt",Sweet chestnut grilled,228,40.165,3.116,2.065,44.783,9.098,0,2,47.4,15.109,0.31,-
V354162,"Wachtel Fleisch, ohne Haut, gebraten ohne Fett (Ofen)","Quail meat, without skin, fried without fat (oven)",178,56.9,34.4,4.53,0.0,0,0.3,65,20,0.0,1.3,109
U711200,"Schaf Filetmedaillon, tiefgefroren","Sheep fillet medaillon, deep-frozen",118,73.09,22.79,2.97,0.0,0,0,49,4.9,0.0,0.91,58.63
G482152,"Frühlingszwiebel/Lauchzwiebel, gedünstet",Spring onion stewed,27,88,1.9,0.19,3.0,2.5,0,12,55,2.8,0.031,0
W234082,Fleischwurst gebraten ohne Fett (Pfanne),Bologna fried without fat (pan),318,54.88,12.9,29.223,0.27,0,0,954,32,0.26,11.405,63.8
U742162,"Schaf Schnitzel (Keule, mittelfett) gebraten ohne Fett (Ofen)","Sheep schnitzel (leg, medium fat) fried without fat (oven)",215,61,24.8,12.9,0.0,0,0,71,10,0.0,5.5,93
U856142,"Hammel Brust, geschmort ohne Fett","Mutton breast, braised without fat",487,32.938,17.812,46.25,0.0,0,0.5,87,11,0.0,21.092,118.8
V4A6142,"Hähnchen Brust, ohne Haut, geschmort ohne Fett","Chicken breast, without skin, braised without fat",131,69.55,28.26,2.05,0.0,0,0.13,33.6,5.4,0.0,0.462,109.6
G710152,"Bohne grün, gedünstet","Bean green, stewed",30,91.167,2.381,0.255,3.7,2.011,0,2.11,69,2.41,0.075,0
F201152,Aprikose gedünstet,Apricot stewed,47,83,0.9,0.148,9.341,1.75,0,2,24.4,8.432,0.0117,0
T792200,Miesmuschel tiefgefroren,Common mussel deep-frozen,60,83.2,10.51,1.955,0.0,0,8,296,23.5,0.0,0.589,126
T305252,"Goldbutt/Scholle, tiefgefroren, gedünstet","Plaice deep-frozen, stewed",69,82.202,14.643,1.143,0.0,0,5,149,20,0.0,0.19,79
T020200,Tintenfisch tiefgefroren,Common cuttlefish deep-frozen,73,81,16.1,0.98,0.0,0,0,387,27,0.0,0.3,275
G760152,"Erbse grün, gedünstet","Pea green, stewed",97,80,6.5,0.527,13.52,5.5,0,2,30,1.432,0.109,0
U261200,"Rind Bug/Schulter, tiefgefroren","Beef shoulder, deep-frozen",128,73.1,20.2,5.3,0.0,0,0.4,50,3.818,0.0,2.325,56.7
E111182,Hühnerei gebraten ohne Fett (Pfanne),Chicken egg fried without fat (pan),151,68.4,14.507,10.112,0.382,0,1.9,173,58,0.382,2.738,393
E432032,Eierteigwaren gekocht,Egg pasta boiled,130,76.8,5.2,0.91,24.72,1.331,0.06,98,9,0.613,0.318,1
V487142,"Pute Flügel, mit Haut, geschmort ohne Fett","Turkey wings, with skin, braised without fat",176,66.6,23.2,9.2,0.0,0,0.26,28,15,0.0,2,88
G345032,"Sauerkraut abgetropft, gekocht","Sauerkraut drained, boiled",18,92.38,1.066,0.294,0.94,2.117,0,406,44,0.73,0.068,0
F533600,Honigmelonensaft,Honeydew melon juice,35,94.2,0.429,0.1,8.08,0.113,0,13,6,8.06,0.00746,0
V474162,"Gans Fleisch, mit Haut, gebraten ohne Fett (Ofen)","Goose meat, with skin, fried without fat (oven)",257,57.621,22.73,18.507,0.0,0,0.2,109,18,0.0,5.207,128
T420262,"Forelle tiefgefroren, gebraten ohne Fett (Ofen)","Trout deep-frozen, fried without fat (oven)",163,68.639,25.897,6.389,0.0,0,8.14,128,29,0.0,1.068,82
U811200,"Schaf Filet/Lende, tiefgefroren","Sheep tenderloin, deep-frozen",194,66.7,18.7,13.2,0.0,0,-,75,9,0.0,6.021,69
G541032,"Gemüsepaprika grün, gekocht","Sweet pepper green, boiled",38,94.7,1.092,0.243,6.95,2.1,0,4,7,6.58,0.061,0
V476162,"Gans Fleisch, ohne Haut, gebraten ohne Fett (Ofen)","Goose meat, without skin, fried without fat (oven)",176,59.5,34,4.39,0.0,0,0.2,114,20,0.0,1.51,129
G510132,Aubergine gekocht,Aubergine boiled,23,95.2,0.7,0.5,3.0,1.8,0,1,8,1.7,0.038,0
G440132,Palmenherz gekocht,"Palm heart, boiled",30,70.6,2.6,0.2,3.78,1.4,0,11,18,3.6,0.038,0
V132142,"Kaninchen Fleisch, geschmort ohne Fett","Domestic rabbit meat, braised without fat",177,61,29.5,6.6,0.0,0,0,47,17,0.0,2.5,101
K110182,"Kartoffel geschält, gebraten ohne Fett (Pfanne)","Potatoe peeled, fried without fat (pan)",115,64.9,2.694,0.139,24.861,1.972,0,4.7,12,1.25,0.0492,0
V474182,"Gans Fleisch, mit Haut, gebraten ohne Fett (Pfanne)","Goose meat, with skin, fried without fat (pan)",296,52.47,24.173,22.143,0.0,0,0.4,116,19,0.0,6.228,137
G720152,Wachsbohne gedünstet,Wax bean stewed,29,89.4,2.2,0.2,3.7,2.011,0,2.11,47.9,2.41,0,0
V435200,"Suppenhuhn Schenkel, mit Haut, tiefgefroren","Boiling fowl leg, with skin, deep-frozen",257,60,18.5,20.3,0.0,0,0.3,64.5,11,0.0,4.492,85.36
U432132,"Kalb Hals/Nacken/Kamm, gekocht",Veal scrag boiled,135,69.241,27.257,2.85,0.0,0,0.429,67,17,0.0,1.191,100
U331172,Kalb Steak (Rücken) gegrillt,Veal steak (loin) grilled,131,69.568,25.723,3.157,0.0,0,0.395,101,16,0.0,1.322,90
V050132,Schnecken gekocht,"Snails edible/escargots, boiled",78,78.6,16.6,1.29,0.0,0,0,79,12,0.0,0.231,62
V465182,"Ente Schenkel, mit Haut, gebraten ohne Fett (Pfanne)","Duck leg, with skin, fried without fat (pan)",199,69,25.23,10.88,0.0,0,0.4,133,7.9,0.0,3.61,148.2
V465142,"Ente Schenkel, mit Haut, geschmort ohne Fett","Duck leg, with skin, braised without fat",200,69.4,24.68,11.22,0.0,0,0.3,64,6.9,0.0,3.73,152.8
T420132,Forelle pochiert,Trout poached,134,74,17.96,6.78,0.0,0,8.8,44,87,0.0,1.283,62
V222200,"Reh Rücken, tiefgefroren","Roe deer saddle, deep-frozen",122,72.2,22.4,3.55,0.0,0,0.4,84,25,0.0,1.347,65
T204272,"Dorsch/Kabeljau, tiefgefroren, gegrillt","Cod deep-frozen, grilled",95,75.842,21.933,0.778,0.0,0,-,123,19,0.0,0.188,70
V487162,"Pute Flügel, mit Haut, gebraten ohne Fett (Ofen)","Turkey wings, with skin, fried without fat (oven)",278,50.8,30.9,17.1,0.0,0,0.35,61,19,0.0,3.6,97
T780182,Europäische Auster gebraten ohne Fett (Pfanne),European oyster fried without fat (pan),73,81.98,9.607,3.3,1.225,0,8,153,92,0.0,0.887,138
T107182,Makrele gebraten ohne Fett (Pfanne),Mackerel fried without fat (pan),164,65,21,8.9,0.0,0,8,155,24,0.0,1.817,98
U281132,"Rind Keule, gekocht","Beef round, boiled",187,63.2,28.6,8.1,0.0,0,0.455,50,7.3,0.0,2.526,79.4
Y7A2010,Kochkäse (selbstgemacht),Koch Kaese (German cooked cheese) homemade,246,60,14.02,19.68,2.6,0,0.05,421,111,2.39,11.602,52
U223000,"Rind Roastbeef (Rücken) mariniert, roh",Beef roastbeef (loin) marinated,138,74,19.7,5.6,1.78,0.16,0.344,400,7,1.58,1.83,41.7
D4A1100,Kirschstrudel (Blätterteig),Cherry strudel (puff pastry),335,43.5,3.71,21.59,29.68,2.1,0.049,24,15,11.35,13.36,53
Y623912,"Seelachsfilet Müllerinart (mehliert, gebraten)","Saithe fillet floured, fried",120,74,19.76,3.2,2.63,0.19,0,193.2,24,0.118,0.65,63
R911000,Helle Soße Instantpulver,White sauce instant powder,431,6.4,4.43,20.32,56.9,1.1,0.002,3879,116,18.0,9.77,2
V481262,"Pute Fleisch, ohne Haut, tiefgefroren, gebraten ohne Fett (Ofen)","Turkey meat, without skin, deep-frozen, fried without fat (oven)",146,64.1,30.067,2.9,0.0,0,0.3,99,13,0.0,0.83,95.9
N230000,Fruchtsaftgetränk Johannisbeere,Fruit juice beverage currant,30,92.2,0.152,0.022,7.126,0,0,3,15,7.126,0.002,0
Y893162,Crepes Suzette gebraten,Crepes Suzette fried,281,50.1,5.3,16.2,25.2,0.81,0.4,59,46,15.3,9.12,119
D480200,Käsekuchen/Quarkkuchen (Mürbeteig),Cheesecake (shortcrust pastry),261,49,8.4,12.1,28.9,0.69,0,76,79,17.48,6.56,87
X9A2040,"Milch-Getreide-Brei, mit Haferflocken und Apfelsaft (geeignet für Beikost)","Milk-cereal puree, with oat flakes and apple juice (suitable as baby food)",98,78.1,4.64,3.95,10.4,1.089,0,34,116,5.26,2.227,13.2
T930700,"Alaska-Seelachs im Backteig, tiefgefroren","Alaska pollock in frying batter, deep-frozen",205,58.3,9.2,10.32,18.25,1.31,0,98,11,0.58,0.86,31
S220000,Fruchteis,Fruit ice cream,128,68.6,0.291,0.149,30.3,0.6,0,2,8,28.8,0.0117,0
X446343,Lauchsuppe gebunden,Leek soup thickened,46,92,0.98,3.2,3.0,0.6,0.003,205,18,1.7,0.8,2.9
Y697522,Fischkroketten mit Seelachs frittiert,Fish croquettes with saithe deep-fried,265,48.6,15.95,13.28,19.57,1.6,0.3,345,36,1.52,2.27,101
Y8A4060,Grießschnitten gesüßt gebraten,Semolina slices sweetened fried,148,76.7,3.38,10.02,10.89,0.43,0.1,28,56,3.16,1.61,26
X461243,Kohlrüben-Eintopf mit Kasseler und Kartoffeln,"Turnip stew with cured, smoked pork neck and potatoes",76,81,6.8,2.7,5.34,1.4,0.05,300,18,1.21,1,22.31
W880400,Hausmacher Leberwurst Konserve,Homemade liver sausage canned,288,58.3,12.7,26.1,0.49,0.1,0.82,789,6,0.12,13.07,106.67
T020262,"Tintenfisch tiefgefroren, gebraten ohne Fett (Ofen)","Common cuttlefish deep-frozen, fried without fat (oven)",106,73.13,23.174,1.48,0.0,0,0,498,41,0.0,0.44,417
D7A7800,Apfeltasche (Blätterteig),Turnover (puff pastry) filled with apples,317,42.8,3.3,21.2,26.8,2.9,0.049,41,13,8.3,13.2,53
X922163,"Frühlingsrollen gefüllt mit Gemüse, Schweinefleisch und Krabben, frittiert","Spring rolls filled with vegetables, pork and shrimps, deep-fried",342,38,11.4,20.04,27.7,2.7,0.06,210,31,1.4,2.64,28.52
X644712,Kartoffelgratin mit Lauch,Potato gratin with leek,136,76,4.6,8.8,9.0,1,0.2,120,100,2.3,4,44
Y864943,Welfencreme (Vanilleflammeri mit Weinschaum),"""Welfencreme"" (vanilla pudding with wine sabayon)",137,69.8,4.1,3.9,19.85,0.046,0,58,81,15.05,1.79,76
D310400,"Biskuitrolle/Biskuitroulade, mit Konfitüre","Sponge cake roll, filled with jam",262,37.9,6.6,3.5,49.8,1.2,0.7,58,24,38.1,0.91,126
S210800,"Speiseeis Nuss, in Waffeltüte","Nut ice cream, in waffle cone",255,50.9,3.96,12.86,29.8,1.9,0,33,63,21.2,7.79,27
D740400,Kartoffelhörnchen (Mürbeteig),Potato crescent roll (shortcrust pastry),339,22,6,8.5,58.1,2.9,0,272,17,26.2,4.7,73
S220900,"Speiseeis (Kaffee, Vanille) gemischt","Ice cream mixed (coffee, vanilla)",183,64.8,3.4,9.7,20.1,0.2,0,40,86,17.62,5.9,77
X3A9030,Saure-Sahne-Dressing mit Joghurt und Senf,Sour cream dressing wiht yogurt and mustard,92,84.2,3.16,6.8,3.8,0.1,0.1,160,100,3.8,3.7,23
X436243,Schinkenklößchen,Small ham dumplings,154,64.5,9.41,4.51,18.22,1.2,0.2,333,60,2.38,1.28,61
X987112,Pizzabaguette mit Kochschinken und Käse überbacken,Pizza baguette with boiled ham and cheese gratinated,222,55,15.7,10.03,16.0,1.4,0.2,476,343,2.0,6.18,66
F016600,Mehrfruchtsaft angereichert mit Vitaminen und Mineralstoffen,Multi-fruit juice fortified with vitamins and minerals,54,86.7,0.338,0.1,12.3,0.3,0,5,113.25,11.4,0.015,0
Y514233,Hirschragout mit Grundsauce dunkel/braun und Rotwein,Venison ragout with brown basic sauce and red wine,158,70,14.44,9,2.6,0.2,0.2,230,10,0.6,1.4,46
W182000,Berliner Knacker/Berliner Knackwurst,"Berlin Knacker sausage raw, small, firm",271,54.1,21.26,20.69,0.0,0,0.39,1200,7.7,0.0,7.76,73
W850300,Schinkenröllchen in Aspik,Ham roll in aspic,90,78.8,15.7,2.4,0.74,0.261,0,646,12,0.7,0.868,39
Y175022,"Saure Rinderkutteln gekocht, mit Grundsauce dunkel/braun","Sour beef tripe boiled, with brown basic sauce",84,83,8.6,4.1,2.81,0.23,0.1,203,50,0.012,0.8,79
X562243,Karotten und Lauch gedünstet,Carrots and leek stewed,60,88,1.02,3.5,4.8,2.1,0,178,22,4.8,0.3,0.065
X3A8010,Marinade mit Gemüsebrühe für Kartoffelsalat,Marinade with vegetable stock for potato salad,97,86,0.47,9,2.35,0.3,0,324,10,2.33,0.7,0.18
H930100,"Soja-Streichwurstalternative, vegan","Soya spreadable sausage alternative, vegan",226,64.4,5.9,20.3,4.2,1.4,0,767,62,1.4,9.4,0.1
V654282,"Hähnchen Magen, tiefgefroren, gebraten ohne Fett (Pfanne)","Chicken stomach, deep-frozen, fried without fat (pan)",132,68.23,27.82,2.32,0.0,0,0.1,124.2,15.4,0.0,0.668,321.6
W185000,Debrecziner roh,"Debrecziner sausage raw, small, firm",330,46,23.32,26.31,0.0,0.07,0.52,1400,12.5,0.0,10,86
X456143,"Gulaschsuppe mit Rindfleisch, Zwiebeln und Paprika","Goulash soup with beef, onions and sweet pepper",48,90.6,3.5,2.7,2.0,0.6,0.045,86,10,2.0,0.48,8.2
Y9A2020,Haselnusscremeeis,Hazelnut ice cream (with egg),224,61.7,5.7,15.9,14.2,0.8,0.015,38,118,13.82,5.16,83
X1A1020,Bohnensalat bunt (gegart) mit Schafskäse und warmer Essigmarinade,Mixed bean salad (cooked) with sheep's milk cheese and warm vinegar marinade,87,81,3.56,4.8,5.8,2,0,221,69,3.4,2,7.6
T615282,"Rotbarsch/Goldbarsch, tiefgefroren, gebraten ohne Fett (Pfanne)","Ocean perch/redfish, deep-frozen, fried without fat (pan)",108,74.5,18.2,3.9,0.0,0,3.1,85,28,0.0,0.8,37
V913400,Entenpastete gebacken,Duck pate baked,252,53,21.1,15,7.7,0.7,0.3,600,18,0.56,7.44,129
W218600,Geselchte,Geselchte sausage smoked,171,70.7,14.21,12.59,0.08,0.05,0.22,900,4,0.0,4.6,54.59
Y9A1040,"Döner vegetarisch, Fladenbrot gefüllt mit Rohkost, Schafskäse und Sauce","Doner vegetarian, flatbread filled with salad, sheep's milk cheese and sauce",145,73,4.3,7.8,13.0,1.4,0,256,55,1.9,2.6,10
E911000,"Teigwaren eifrei, Ravioli (Gemüsefüllung) in Tomatensoße, Konserve","Pasta egg-free, Ravioli (vegetable filling) in tomato sauce, canned",95,74,2.8,1.1,17.0,2.3,0,405,22,5.9,0.1,0
X3A7020,Salsa verde,Salsa verde,480,40,2.18,50.7,2.0,2.06,1,486,45,0.38,6,3
X644313,Kartoffelgratin mit Spinat,Potato gratin with spinach,136,74,5.91,7.76,10.0,1.2,0.1,141,197,1.4,4.28,18
X444343,Tomatensuppe gebunden,Tomato soup thickened,44,93.4,0.49,3.68,1.89,0.5,0.005,88,9,1.46,1.2,5
X5A5010,"Kohlroulade gedünstet, vegan gefüllt mit Hirse, Tomaten und Tofu","Cabbage roulade stewed, vegan filled with millet, tomatoes and tofu",54,87,2.76,1.1,7.49,1.6,0,109,33,2.33,0.1,0.008
T753800,"Garnele/Granat/Krabbe, Präserve",Common shrimp semi-preserved,93,76.4,18.938,1.955,0.0,0,0,512,125,0.0,0.43161,182.69
X461143,Karotten-Eintopf mit Schweinebauch,Carrot stew with pork belly,110,79,4.56,6.5,7.39,1.6,0.07,136,14,3.12,2.2,12.68
F020600,Roter Mehrfruchtsaft,Red multi-fruit juice,50,87.4,0.7,0.3,9.9,0.3,0,3,15,9.2,0.035,0
X658012,Kartoffelomelett gebraten,Potato omelette fried,160,66.2,5.27,8.11,15.45,1.8,0.3,154,49,2.12,1.46,72
D4A5100,Schwedischer Mandel-Marzipan-Kuchen/Mazarinkuchen (Mürbeteig),Swedish almond marzipan cake (shortcrust pastry),494,13.5,8.6,32.5,40.2,3.1,1,25,35,16.3,15.56,153
B515500,Weizenbrötchen mit Zwiebeln,Wheat roll with onions,299,26.5,9.4,3.1,56.0,4.3,0,575,19,2.2,0.87,0.009
W875100,"Frankfurter Rindswurst/Rote Wurst, Konserve","Frankfurt beef sausage/red sausage, canned",223,66.3,11.439,19.738,0.0,0,0.22,800,15,0.0,8.527,48
Q656000,Knoblauchbutter/Kräuterbutter,Garlic butter/herb butter,587,28,4.5,62,2.0,1.3,0.151,280,20,1.0,40.535,172
Y163313,Rinderschmorbraten mit Speck und Sauce,Braised beef roast with bacon and sauce,150,71,13.9,8.9,3.22,0.5,0.25,257,6,1.01,2.7,39.9
Y111012,"Rinderfilet mariniert, gebraten im Ofen","Beef fillet marinated, fried in oven",150,72,23.09,5.8,0.08,0.12,0.317,192,4.7,0.08,1.72,57.5
W380300,Kartoffelwurst,Potato sausage,180,68.4,10.86,13.12,4.41,0.6,0.21,700,5,0.28,4.9,48.1
X651112,"Bauernfrühstück mit Speck und Kochschinken, gebraten","Farmer's breakfast with bacon and boiled ham, fried",229,59.1,8.52,16.38,11.09,1.4,0.3,400,24,1.04,2.1,83
F032600,Smoothie purpur (Früchte),Smoothie of purple fruits,57,84.1,0.7,0.3,11.0,1.9,0,2,13,10.3,0.039,0
N5A2000,"Kaffeeersatz (Getränk) mit Sojadrink, ungesüßt","Coffee substitute (infusion) with soya drink, unsweetened",6,98,0.18,0.045,0.95,0.58,0,4.7,6.3,0.152,0.006,0
S830000,Müsli-Riegel,Muesli bar,428,8.6,8.4,15.4,58.5,6.1,0,144,34,18.7,4.3,1
U883262,"Schaf Keule, fett, tiefgefroren, gebraten ohne Fett (Ofen)","Sheep leg, fat, deep-frozen, fried without fat (oven)",279,55.6,24.1,20.3,0.0,0,0,80,13,0.0,9.251,99
W255200,Geflügelbierwurst mit Schweinefleisch,Bierwurst made from poultry and pork,238,64,12.26,21,0.0,0.05,0.4,800,8,0.0,6.9,55.4
Y881943,Quarkpudding,Quark pudding,280,44.1,12.2,13.8,25.6,1.5,1,70,97,16.3,5.1,111
Y9A1050,Falafel (Kichererbsenbällchen) frittiert,Falafel (small chickpea balls) deep-fried,193,49,8.88,8,17.0,7.5,0,503,108,1.7,1.08,0.035
S820100,Energieriegel angereichert mit Vitaminen und Mineralstoffen,Energy bar fortified with vitamins and minerals,449,8.5,10.6,21.7,47.0,7.4,0,0.12,943,15.6,4.8,0.1
X270810,Fruchtsalat gesüßt,Fruit salad sweetened,62,82,0.76,0.3,12.6,2.2,0,1,15,11.41,0.074,0
Y812512,"Karthäuser Klöße gebraten, mit Zucker und Zimt","""Karthäuser"" dumplings (made from rolls) fried, with sugar and cinnamon",280,41.3,7.76,11.61,35.36,1.66,0.2,369,81,12.58,1.96,54
W384200,Graupenblutwurst,Blood sausage with pearl barley,206,57.6,7.21,12.86,14.7,1.1,0.11,700,7,0.5,4.51,46
X2A1040,Fenchelrohkost mit Joghurtmarinade,Fennel salad (raw) with yogurt marinade,54,87.7,1.63,2.39,4.9,2.4,0,93,44,4.46,0.59,1.72
G560600,"Gemüsesaft aus Tomate, mit Salz",Tomato juice with salt,18,94.5,0.76,0.046,2.968,0.76,0,264,9,2.868,0.018,0
X9A1060,Hirse-Gemüse-Bratlinge gebraten,Millet-vegetable patties fried,98,79,4.2,3.6,11.39,1.5,0.2,203,19,1.84,0.6,52
X860252,Reiskroketten mit Parmesan,Rice croquettes with Parmesan cheese,290,44,5.96,15.3,31.6,1.2,0.2,341,44,1.25,1.8,39
C512700,"Müslimischung mit Trockenfrüchten, glutenfrei, gesüßt","Muesli mix with dried fruit, gluten-free, sweetened",350,14.4,8.6,8,56.7,6.9,0,200,43,21.3,1.8,0.01
X532363,Broccoliauflauf,Broccoli casserole,114,78,7.02,7.8,3.2,1.2,0.04,209,177,1.69,5,22
M2A9200,"Joghurt fettarm, mind. 1,5 % bis max. 1,8 % Fett, mit Fruchtzubereitung, Zucker und Süßungsmitteln","Yogurt low-fat, min. 1.5 % to max. 1.8 % fat, with fruit preparation, sugar and artificial sweeteners",59,88,3.738,1.309,7.2,0.1,0.03,52,138,5.6,0.68,5
T792232,"Miesmuschel tiefgefroren, gekocht","Common mussel deep-frozen, boiled",61,83.275,9.853,2.444,0.0,0,9,314,29.4,0.0,0.7362,158
Y996440,Zitronensorbet,Lemon sherbet/sorbet,123,68.7,0.7,0.1,28.126,0.045,0,13,7,28.126,0.037,0
D7A5100,Nuss-Schnecken (Hefeteig),Danish swirl (yeast dough) with nuts,386,24.3,8.9,18.28,44.7,3.4,0.1,45,63,16.88,5.64,41
U511262,"Schwein Filetmedaillon, tiefgefroren, gebraten ohne Fett (Ofen)","Pork fillet medaillon, deep-frozen, fried without fat (oven)",144,67.01,28.87,3.17,0.0,0,0,53.6,6,0.0,0.97,78.17
W281000,Milzwurst,Scalded sausage with milt,208,67.9,11.67,17.86,0.15,0.1,0.41,836,15,0.02,6.25,48
Y842343,Quittenkompott,Quince compote,87,75.7,1.3,1.6,13.6,4.7,0,3,23,12.0,0.1,0
D431700,Orangenkuchen (Rührmasse),Orange cake (cake batter),389,29,5.55,21.3,42.8,1.31,0.4,110,21,23.585,12.85,122
X678112,Lippischer Pickert gebraten (aus Hefeteig mit roh geriebenen Kartoffeln und saurer Sahne),"""Lippischer Pickert"" fried (pancakes made from yeast dough with raw potatoes and sour cream)",292,45,5.95,15,32.0,2.43,0.2,140,30,1.5,1.5,44
Y837543,Pudding englische Art,Pudding English style,248,50.4,7,13,24.0,1.9,1,163,59,13.4,5.7,99
X1A7020,Wurstsalat mit Gewürzgurke und Essigmarinade,Sausage salad with gherkin and vinegar marinade,251,64.6,7.58,23.44,1.55,0.2,0,748,25,1.53,7.14,35.7
Y835463,Plumpudding,Plum pudding,282,36.5,4.9,10.6,39.3,3.5,0.3,67,44,29.9,3.3,47
X934412,Flammkuchen Elsässer Art,Tarte flambee Alsatian style,233,54,8.74,11.3,23.0,1.9,0.1,300,40,1.75,4.42,40
X551812,Auberginenscheiben im Backteig (mit Bier) frittiert,Aubergine slices in frying batter (with beer) deep-fried,239,55.4,5.4,14.28,20.48,2.3,1,110,20,2.08,1.47,85
W364400,Zungenpresskopf,Tongue brawn,212,63.8,19.63,14.68,0.17,0.1,0.34,700,8,0.05,5.073,106.57
G898400,Ajvar Konserve,Ajvar canned,68,86,0.9,4.4,5.0,2.2,0,487,7,5.0,0.5,0.02
Y184312,Ochsenschwanz geschmort (mit Fett und Salz),Ox tail braised (with fat and salt),193,65,16.9,12.5,2.6,1.3,0.26,302,30,1.4,4.3,48
W982200,"Delikatesspastete mit Mürbeteig, gebacken","Gourmet pate with shortcrust pastry, baked",303,48.7,16.82,22.65,7.55,0.64,0.3,1100,7,0.3,9.21,65
S220700,"Speiseeis (Karamell, Nuss) gemischt","Ice cream mixed (caramel, nut)",212,59.2,3.8,10.79,24.45,0.89,0,36,84,21.95,6.29,70
D661100,Marzipan-Monde,Marzipan moons,461,5.6,11.7,26.7,40.5,5.8,0,22,53,38.6,2.3,0
D310700,"Biskuitrolle/Biskuitroulade, mit Zitronensahnecreme","Sponge cake roll, filled with lemon-cream",220,54.3,5.6,8,30.77,0.64,0.5,48,32,21.067,3.6,103
Y635412,"Flunder mehliert, gebraten","Flounder floured, fried",105,76.7,14.5,2.8,4.08,0.45,4,206,58,0.591,0.5,42
W340000,Thüringer Rotwurst,Thuringian blood sausage,182,66.2,20.58,10.9,0.37,0.1,0.3,700,7,0.13,4.57,91
B6A1600,"Weizenvollkornknäckebrot mit Ölsamen, Hartkäse und Zwiebeln","Wholemeal wheat crispbread with oilseeds, hard cheese and onions",429,6,16.9,17.2,46.0,11,0,790,230,2.5,4.4,12
X951213,Grießauflauf mit Käse,Semolina casserole with cheese,198,63.6,7.9,11.66,15.08,0.66,0,67,181,3.14,6.78,92
Y843243,Apfelmus mit Zimt,Apple sauce with cinnamon,53,85.3,0.395,0.5,10.4,2.019,0,2,6,9.351,0.182,0
C512300,"Müslimischung mit Trockenfrüchten, ungesüßt","Muesli mix with dried fruit, unsweetened",327,14.9,9,4.9,55.9,10.5,0,16,50,22.3,1.2,0
R922000,Joghurtsahne für Gebäck/Torten,Yogurt cream for pastry/tortes,232,62.3,3.3,16.8,16.24,0.008,0.047,32,75,16.24,9.08,44.6
D431800,Ananas-Marzipan-Kuchen (Rührmasse),Pineapple marzipan cake (cake batter),386,26,6.36,20.6,42.0,3.27,0.3,82,27,26.8,9.77,79
X5A1050,"Linsenbratlinge vegan, gebraten","Lentil patties vegan, fried",158,60.9,8.25,3.5,19.6,7.3,0,39,33,2.6,0.36,0.039
S627000,Pralinen gefüllt mit Kaffee,Pralines filled with coffee,425,15.9,2.7,20,57.2,2.8,0,17,43,56.4,12.1,3.5
D7A5200,Puddingschnecken (Hefeteig),Danish swirl (yeast dough) with pudding,247,46.5,6.1,7.6,37.7,1.7,0.1,55,71,12.8,4.49,43
Y821043,Grießauflauf mit Rosinen,Semolina casserole with raisins,128,76.2,4.1,6.4,13.2,0.6,0,39,64,6.6,3.1,57
Y4A1000,Lammfleischklößchen gegart,Small lamb meatballs cooked,121,73.9,14.3,4.48,5.43,0.6,0.3,252,25,1.34,1.9,100
Y697612,Seeteufel gebraten (mit Fett und Salz),Anglerfish fried (with fat and salt),82,80,16.896,1.5,0.083,0.006,5,224,8,0.083,0.21,29.7
X548243,"Zwiebeln gedünstet, mit saurer Sahne","Onions stewed, with sour cream",72,86,1.18,4.9,5.2,1.1,0,140,30,5.0,0.7,3
Y870163,Bayerische Creme,Bavarian cream,238,62.2,5.4,18.3,12.95,0,1,55,102,12.95,8.96,172
M241500,"Sahnejoghurt mind. 10 % Fett, mit Fruchtzubereitung, gesüßt","Yogurt min. 10 % fat, with fruit preparation, sweetened",150,73,3.492,8.187,14.812,0.1,0,42,101,14.223,5.361,25
D650400,Elisenlebkuchen,Elisen gingerbread (with at least 25 % almonds and hazelnuts),435,11.2,12.89,23.2,40.8,5.2,0.4,40,60,39.0,2.33,68
X177063,Kichererbsensalat (gegart) mit warmer Essigmarinade,Chickpea salad (cooked) with warm vinegar marinade,107,69,5.15,3.2,11.7,4.7,0,75,31,2.28,0.3,0.033
Y151112,"Rinderroulade geschmort, mit Sauce","Beef olive braised, with sauce",133,76.4,12,8.5,1.8,0.4,0.2,300,11,0.9,2.03,29.6
Y352013,Schweinerollbraten mit Sauce,Rolled pork roast with sauce,158,71,15.9,9.8,1.1,0.9,0.08,150,20,1.1,3.19,46.26
X4A6030,"Tomatensuppe klar, mit Gemüsebrühe","Tomato soup clear, with vegetable stock",15,95,0.69,0.1,2.24,0.7,0,187,8,2.24,0.1,0
X7A1000,Eier-Frischteigwaren mit Basilikum (mit Salz gekocht),Fresh egg pasta with basil (boiled with salt),160,63.2,6.49,3.25,25.21,2,0.3,173,20,0.18,0.62,67
X166260,Selleriesalat (gegart) mit warmer Essigmarinade,Celeriac salad (cooked) with warm vinegar marinade,50,90,1.17,3.1,2.14,3,0,127,32,1.66,0.3,0.059
Y638212,"Steinbutt mehliert, gebraten","Turbot floured, fried",105,75.3,17.35,2.5,2.88,0.24,5,238,20,0.115,0.33,26.2
X961462,Spinatnocken,Spinach dumplings,148,70.8,6.6,7.78,12.34,1,0.2,329,147,2.01,4.59,57
W319000,Trüffelleberwurst,Truffled liver sausage,268,60.2,13.73,23.25,0.6,0.6,0.61,700,6,0.2,10.04,112.95
K391200,Kartoffelrösti tiefgefroren,Potato rösti (fried grated potatoes) deep-frozen,207,52.9,2.446,8.557,29.0,1.9,0,414,14,2.0,0.66,0.173
X5A5020,"Kohlroulade gedünstet, vegetarisch gefüllt mit Hirse, Tomaten und Schafskäse","Cabbage roulade stewed, vegetarian filled with millet, tomatoes and sheep's milk cheese",69,85,2.99,2.7,7.37,1.4,0,181,39,2.3,1.3,12
X8A1060,Reisauflauf mit Spargel und Käse,Rice casserole with asparagus and cheese,163,65.6,7.8,6.28,18.2,0.9,0,191,132,1.13,3.4,69
W206000,Mortadella fettreduziert,Mortadella reduced-fat,122,76.2,13.39,7.47,0.17,0.17,0.16,900,5.8,0.05,2.66,46.6
X744133,Eierteigwaren mit gedünsteten Tomaten und Petersilie,Egg pasta with stewed tomatoes and parsley,126,68,4.9,3.39,18.24,1.3,0.06,154,55,1.33,0.86,3
Y172012,Kalbshirn gebraten,Veal brain fried,132,76.7,11.44,9.39,0.42,0.1,0,273,16,0.4,1.85,2541
Y827043,"Fruchtmichel mit gemischten Früchten, gebacken",Souffle with mixed fruit,180,59,5.65,5.6,26.0,1.4,0.2,183,83,15.59,2.49,53
Y346013,Schweinepfeffer,"""Schweinepfeffer"" savoury pork goulash",134,74,12.42,7.8,3.28,0.3,0,183,7,0.61,1.1,33.74
R481232,"Schokoladenpudding, Flammeri, zubereitet aus Pulver und Milch 3,5 % Fett, gesüßt","Chocolate pudding made from powder, milk 3.5 % fat and sugar",108,75.1,3.38,3.1,16.5,0.43,0,57,102,11.5,2,11.7
B719000,Rosinenbrot glutenfrei,Raisin bread gluten-free,278,34,3.4,5.9,51.0,2.3,0,307,20,18.9,2.7,0.1
Y444523,Hammelragout mit grünen Bohnen,Mutton ragout with green beans,232,63,7.1,19.2,7.0,1.2,0.14,300,28,1.2,7.4,33.7
D411100,Mandarinen-Omelettes (Wiener Boden hell) mit Sahne,Viennese sponge cake roll filled with whipped cream and mandarins,256,56,3.72,16.2,23.22,0.49,0.3,40,43,16.16,8.57,94
D734900,Nussstangen (Mürbeteig),Nut sticks (shortcrust pastry),543,7.6,8.6,36.3,43.7,3.2,1,15,55,24.037,14.03,158
B6A1100,"Weizenvollkornknäckebrot mit Käse, Ölsamen und Tomaten","Wholemeal wheat crispbread with cheese, oilseeds and tomatoes",410,6,16.3,13.7,49.0,11.9,0,747,206,4.5,4,11.3
D4A6200,Mohnstollen (Hefemürbteig),Poppy seed stollen (shortcrust pastry with yeast),392,27,8.1,22.5,37.0,4.2,0,43,215,18.7,11,97
D4A7200,Mohnkranz (Quark-Öl-Teig),Poppy seed ring cake (quark oil dough),422,18,10.1,23.3,40.3,4.6,0.2,102,277,25.9,7.2,60
D312700,Möhren-Nusstorte/Rüblitorte (Biskuit),Carrot nut cake (sponge cake),342,36,8.4,21.37,27.2,3.3,1,294,66,23.4,2.36,115
X471153,"Vanille-Milchkaltschale mit Ei, gebunden mit Stärke","Cold vanilla-milk soup with egg, thickened with starch",103,78.5,4.7,4.63,10.6,0.015,0,58,135,8.95,2.68,44
R9A1300,Mandarinensahnecreme für Gebäck/Torten,Mandarin cream for pastry/tortes,212,65.3,2,14.2,18.6,0.19,0.042,19,43,18.6,7.514,37.4
X092040,"Haferflocken gesüßt, mit Milch 3,5 % Fett und Fruchtmischung","Oat flakes sweetened, with milk 3.5 % fat and mixed fruit",147,62.6,4.79,3.1,22.9,3.3,0,14,57,9.5,1.185,5.1
W343400,Hausmacher Blutwurst,Homemade blood sausage,341,51.07,13.995,31.47,0.36,0.1,0.51,800,20.35,0.23,9.4,58
X492563,Aprikosenkaltschale gebunden mit Stärke,Cold apricot soup thickened with starch,48,84,0.8,0.1,9.87,1.445,0,2,22,7.839,0.012,0
D655500,Pfefferkuchen,Spiced gingerbread,409,8,8.26,10.6,68.3,3.4,0.2,28,33,37.292,1.07,33
Y261023,Kalbsbraten mit Grundsauce dunkel/braun,Veal roast with brown basic sauce,101,76,15,3.2,2.8,0.5,0.203,226,14,1.0,0.4,42
Y8A8020,"Hefeteig gesüßt, mit Wasser, roh","Yeast dough sweetened, with water, raw",298,36,7.11,9.34,45.0,2.95,0.2,220,12,7.146,0.88,31
H882100,"Frischecreme/Streichcreme, Basis Mandeln, vegan","Plant-based soft cream cheese alternative, almond-based, vegan",220,67.9,4.481,21.6,0.78,2,0,288.9,21,0.732,11.59,0
X511812,Champignons im Backteig (mit Bier) frittiert,Button mushrooms in frying batter (with beer) deep-fried,219,58.4,6.8,13.03,17.7,2.5,1,121,17,0.3,1.33,73
X9A1030,Grünkernbratlinge gebraten,Green spelt patties fried,182,63,4.4,9.7,17.5,3.5,0.1,230,15,1.11,0.9,23
W873100,Bierschinken Konserve,Beer ham canned,118,75.7,16.39,5.77,0.08,0.05,0.09,800,3.8,0.0,2.05,54.39
Y872053,Fruchtcreme roh gerührt (mit Gelatine),Fruit cream (with gelatine),132,73,3.4,5.6,16.05,1.2,0,21,32,15.29,2.39,93
X5A1040,Linsenbratlinge gebraten,Lentil patties fried,200,51,10.6,4.9,25.5,5.8,0,173,32,1.6,0.77,70
V488282,"Pute Innereien, tiefgefroren, gebraten ohne Fett (Pfanne)","Turkey giblets, deep-frozen, fried without fat (pan)",236,55.8,26.6,14.39,0.0,0,1.01,102,16,0.0,3.78,375
X503412,Quiche (Mürbeteig) mit Broccoli und Blumenkohl,Quiche (shortcrust pastry) with broccoli and cauliflower,170,69,5.6,10.4,12.5,2,0.4,240,50,2.4,5.1,84
W873600,Herzwurst Konserve,Heart sausage canned,162,71.2,14.65,11.34,0.25,0.12,0.23,800,5.3,0.18,4.03,61.6
H510900,"Oliven grün, gefüllt mit Paprikapaste, gesäuert, abgetropft","Olives green, filled with sweet pepper paste, pickled, drained",118,71.2,1.145,11.85,0.53,2.3,0,1245,42,0.5,2.06,0
Y637812,"Heilbutt mehliert, gebraten","Halibut floured, fried",149,71.7,19.32,6.4,2.73,0.32,4,195,19,0.367,1.16,24.1
D314500,Schokoladentorte (Rührmasse) mit Canacheüberzug,Chocolate torte (cake batter) with chocolate icing,424,22,6.87,24.51,42.2,3.6,0.3,74,49,28.4,12.3,78
R9A1400,Zitronensahnecreme für Gebäck/Torten,Lemon cream (with starch) for pastry/tortes,170,68.7,1.8,9.5,18.75,0.047,0.028,14,30,16.178,5.069,25.2
M231200,"Kefir fettarm, mind. 1,5 % bis max. 1,8 % Fett, mit Fruchtzubereitung, gesüßt","Kefir low-fat, min. 1.5 % to max. 1.8 % fat, with fruit preparation, sweetened",65,85.3,2.9,1.3,9.6,0.2,0,42,108,9.6,0.7,5
Y5A2000,"Hähnchen-Frikadellen mit Champignons, gebraten","Chicken meatballs with button mushrooms, fried",196,63.2,18.6,11.2,4.9,0.9,0.1,203,28,1.2,4.49,71
X820252,Butterreis,Buttered rice,152,68.5,2.463,5.386,23.2,0.7,0.012,29,3,0.13,3.374,13
W981300,Fleischkäse im Bierteigmantel frittiert,"Fleischkaese sausage in pastry crust, deep-fried",385,44.2,13.9,33.42,6.37,0.42,0,847,10,0.57,9.28,78
T935200,Schlemmerfilet Bordelaise (Alaska-Seelachs) tiefgefroren,Fish bake Bordelaise style (Alaska pollock) deep-frozen,129,73.2,9.1,7.8,5.5,0.3,0.002,396,13,0.31,1.3,41
U432242,"Kalb Hals/Nacken/Kamm, tiefgefroren, geschmort ohne Fett","Veal scrag deep-frozen, braised without fat",132,69.558,26.571,2.837,0.0,0,0.427,83,18,0.0,1.186,93
Y845163,Bratapfel ungefüllt gebacken,Baked apple unfilled,142,69.7,0.517,6.2,19.3,2.217,0,3,7,18.161,4.057,16
C514400,"Knuspermüslimischung mit Trockenfrüchten, gesüßt","Crunchy muesli mix with dried fruit, sweetened",410,8.6,7.9,14.1,59.2,7.1,0,168,23,27.4,7.1,0.2
N265000,ACE-Frucht-Vitamingetränk angereichert,Fruit juice beverage ACE fortified,42,89.1,0.217,0,10.0,0.1,0,4,11,10.0,0.006,0
W323000,Bauernleberwurst,Bauernleberwurst liver sausage,290,57.3,15.51,25.09,0.41,0.07,0.6,800,5.1,0.0,10.51,111.98
Y396512,Frikadellen aus Schweinefleisch gebraten,Pork meatballs fried,297,50.5,17.24,21.44,8.41,0.7,0.5,352,24,1.16,5.26,107
X321153,Tomatensauce von heller/weißer Grundsauce,Tomato sauce from white basic sauce,48,90,1,2.6,4.7,0.8,0.004,325,10,2.7,1.7,5
W154500,Salami Kroatische Art,Salami Croatian-type,269,51,25.12,18.65,0.18,0.1,0.41,1500,11.6,0.0,6.94,78
B718000,Kastanienbrot glutenfrei,Chestnut bread gluten-free,217,47,1.6,3,45.0,1.6,0,597,17,2.5,0.25,0.054
X9A3040,Gemüsemuffins herzhaft,Vegetable muffins savoury,198,55,9.9,6.25,22.9,4.5,0.2,245,118,3.53,1.69,36
X523312,Mangoldtarte (Mürbeteig),Chard tart (shortcrust pastry),269,55,6.95,20.27,13.8,1.6,0.4,290,113,1.4,11.38,107
S660000,Schokoladenstreusel,Chocolate sprinkles,475,0.8,4.062,19.7,68.0,4.728,0,56,28,66.2,11.9,0.5
X720213,"Auflauf aus Teigwaren eifrei, mit Kochschinken","Casserole of pasta egg-free, with boiled ham",196,58.6,9.9,8.4,19.5,0.98,0.2,220,110,1.4,4.1,67
Y691432,Fischfrikadellen mit Seelachs gebraten,Fishcakes with saithe fried,124,73.3,15.6,3.9,6.06,0.6,0,212,28,0.96,0.85,97
G860192,Röstzwiebeln (Fertigprodukt),Fried onions (ready-made product),575,6.6,5.9,44.48,34.37,5.6,0,410,82,19.22,21.29,0.7
D750300,Ausgezogene Nudeln/Knienudeln (Hefeteig) frittiert,Bavarian doughnuts (yeast dough) deep-fried,421,15,9.93,17.1,55.0,3.63,0.2,54,54,7.9,8.3,57
X081462,"Toast mit Kochschinken, Käse und Tomaten, gebacken","Toast with boiled ham, cheese and tomatoes, baked",204,60.9,15.9,11.49,8.66,1,0.006,400,289,1.69,7.352,47
Y2A2000,"Kalbshaxe gebraten im Ofen, ohne Sauce","Veal knuckle fried in oven, without sauce",165,66.4,24.73,7.36,0.01,0.01,0.39,231,16,0.0,2.12,84
P9A9000,"Cocktail, Caipirinha","Cocktail, Caipirinha",92,83,0.014,0,6.11,0.004,0,2,7,6.11,0,0
D7A7810,Kirschtasche (Blätterteig),Turnover (puff pastry) filled with cherries,334,43.4,3.71,21.58,29.67,2.1,0.049,41,15,11.34,13.36,53
W365100,Schweinekümmelmagen,Schweinekümmelmagen pork brawn with caraway seeds,156,68.5,23.65,6.77,0.16,0.09,0.22,800,9,0.0,2.27,61.01
X493563,Johannisbeerkaltschale gebunden mit Stärke,Cold red currant soup thickened with starch,54,83.1,1.156,0.156,9.32,2.3,0,2,35,8.11,0.031,0
X4B3000,"Leberknödel, Suppeneinlage",Liver dumpling as soup garnish,207,59.2,13.77,11.13,12.47,1,1.2,491,28,1.61,5.544,237
Y8A3010,Apfel-Mangomus ungesüßt,Apple-mango sauce unsweetened,60,85,0.6,0.5,12.0,1.9,0,5,15,10.5,0.15,0
Y640112,Lachs gedünstet auf Gemüse,Salmon stewed on vegetables,136,75,11.64,8.6,1.9,1.6,1.8,150,35,1.9,1.5,31
W386000,Pfälzer Saumagen,Palatinate stuffed pig's stomach,145,72.1,11.48,7.99,6.54,0.6,0.18,700,7,0.44,3.01,46.43
X060130,"Baguette-Brötchen mit Parmaschinken, Parmesan, Rucola und Salatcreme","Baguette roll with Parma ham, parmesan cheese, rucola and salad cream",299,37,15.6,12.76,29.0,2.35,0.08,876,169,1.0,6.52,38
W254200,Käseschinkenwurst,Ham bologna with cheese,159,71.6,14.86,11.02,0.08,0.04,0.19,800,41.2,0.0,4.35,52.6
W844200,"Gansgalantine mit Kalb- und Schweinefleisch, gebacken","Goose galantine with veal and pork, baked",211,60.8,20.5,13.9,0.8,0.3,0.3,700,12,0.3,5.7,110
W243000,Kalbskäse mit Schweinefleisch,Kalbskaese sausage with pork,285,58.7,11.8,26.4,0.11,0.06,0.49,832,8,0.0,10.4,67
T753182,"Garnele/Granat/Krabbe, gekocht, gebraten ohne Fett (Pfanne)","Common shrimp boiled, fried without fat (pan)",112,73.286,22.413,2.436,0.0,0,-,178,156,0.0,0.53769,227.591
G992132,"Gemüsemischung Erbsen-Karotten, gekocht","Mixed vegetables peas and carrots, boiled",62,86,3.3,0.426,9.085,4,0,10,25,3.713,0.094,0
Y375213,"Saumagen gefüllt, gegart","Pork stomach stuffed, cooked",202,64,15.9,11.7,8.0,0.7,0.2,245,15,0.6,4.05,148
X4A5010,Kartoffel-Eintopf mit Kasseler,"Potato stew with cured, smoked pork neck",69,85,4.63,3,5.32,0.8,0.04,300,11,1.38,0.8,14.88
D7A1000,Biskuitplätzchen mit Fruchtfüllung schokoliert,Sponge cake biscuits with fruit filling and chocolate icing,335,23,4.8,7.1,61.1,2.9,0.3,33,23,50.6,3.69,54
C538000,"Müslimischung mit Trockenfrüchten, gesüßt","Muesli mix with dried fruit, sweetened",335,13.1,9.3,6,55.2,10.1,0,21,43,17.0,1.8,0
X822312,Grünkernrisotto mit Champignons,Green spelt risotto with button mushrooms,124,70,3.89,3.8,16.8,3.9,0,207,15,1.8,0.4,0.063
Y351032,"Schweineroulade geschmort, ohne Sauce","Pork olive braised, without sauce",183,63.6,23.52,8.95,1.62,0.5,0.02,300,12,1.59,1.7,57.05
V990182,"Geflügel Frikadelle, gebraten ohne Fett (Pfanne)","Poultry patty, fried without fat (pan)",132,70,18.9,3.9,5.0,0.7,0.2,612,24,0.8,0.83,85
Y687363,Schnecken gebacken Burgunder Art,Snails baked Burgundy style,291,53,17.8,23.8,0.6,1.4,0.052,216,25,0.6,14.22,119
R9A6200,"Orangenflammeri mit Likör, für Gebäck/Torten","Orange flummery with liqueur, for pastry/tortes",111,73.8,0.3,0.003,25.1,0.135,0,27,10,21.0,0,0
W269200,"Gänseleberkäse mit Schweinefleisch, getrüffelt","Leberkaese sausage with goose liver and pork, truffled",185,63.1,17.1,12.41,0.69,0.98,0.49,800,26,0.0,4.5,291
X206750,"Rote-Bete-Salat (roh) mit Sellerie, Apfel und Joghurtmarinade","Beetroot salad (raw) with celeriac, apple and yogurt marinade",58,85.5,1.77,1.73,7.2,2.3,0,86,30,6.74,0.44,1.21
Y8A7000,"Pfannkuchen/Eierkuchen, mit Milch 3,5 % Fett und Apfel, gebraten","Pancakes with milk 3.5 % fat and apple, fried",203,57,6,8.62,24.3,2.2,0.2,94,60,4.3,1.52,52
X254510,Paprikasalat mit Essigmarinade,Sweet pepper salad with vinegar marinade,110,84,0.86,9.03,4.92,1.7,0,69,10,4.91,0.66,0.182
S581200,Milchschokoladen-Riegel gefüllt mit Karamellcreme und gerösteten Haselnüssen,Milk chocolate bar filled with caramel cream and roasted hazelnuts,510,6.2,4.1,24.4,61.8,1.9,0.01,28,74,49.9,10.09,3.4
Y8A5010,Kaffeecreme (mit Gelatine),Coffee cream (with gelatine),331,47.1,5.6,26.2,17.7,1.1,0,75,94,17.326,13.97,112
T930100,"Fischstäbchen (Alaska-Seelachs) paniert, tiefgefroren","Fish fingers (Alaska pollock) breaded, deep-frozen",181,63.2,12.1,8.21,14.36,0.8,1.05,250,14,0.96,1.18,36
D4A8800,Zitronenkuchen vegan (Rührmasse),Lemon cake vegan (cake batter),366,24,4.36,13.8,54.9,2.26,0,173,9,28.8,1.04,0.269
X651823,Tiroler Geröstel gebraten,"Fried grated potatoes ""Tyrolese""",216,61.2,10.73,14.56,9.73,1.3,0.3,110,21,1.27,1.84,75
X468453,"Westfälischer Bohnen-Eintopf (mit weißen und grünen Bohnen, Kartoffeln, Speck, Kernobst)","Westphalian bean stew (with haricot and green beans, potatoes, bacon, pome fruit)",98,77.3,5.29,3,10.1,3.8,0.03,200,27,1.89,1.043,6.04
H014900,Sojawürstchen,Soya bean small sausage,200,69.2,12.5,16.4,0.6,0,0,538,29,0.6,1.7,0.09
C354132,"Reismischung mit Wildreis, gekocht","Rice mix with wild rice, boiled",133,69.2,3.552,0.796,27.25,1.5,0,1.37,5.9,0.27,0.139,0
Y856550,Buttermilchgelee mit Erdbeeren,Buttermilk jelly with strawberries,68,83.3,3.1,0.5,11.83,0.8,0,22,61,11.81,0.22,3.8
W851000,Schweinefleischsülze,Jellied pork,113,72.5,23.5,2.1,0.06,0.01,0,628,9,0.06,0.6,61
U171942,"Rind Bratenfleisch (Bug) mariniert, geschmort ohne Fett","Beef meat for roasting (shoulder) marinated, braised without fat",200,60,25.27,10.6,0.7,0.3,0.431,543,9,0.7,3.19,71.9
Y616133,Sardinen mit Spinatfüllung gebacken,Sardines with spinach filling baked,181,68,18,11.1,2.0,0.7,3.1,291,112,0.2,2.6,60
Y235122,Kalbskotelett gedünstet,Veal chop stewed,170,66,21.5,8.9,0.7,0.3,0.353,278,21,0.4,2.05,75
Y837312,Nektarinenkompott,Nectarine compote,70,82,0.63,0.1,15.7,1,0,2,7,15.1,0.002,0
V351262,"Wachtel Fleisch, ohne Haut, tiefgefroren, gebraten ohne Fett (Ofen)","Quail meat, without skin, deep-frozen, fried without fat (oven)",178,56.9,34.4,4.53,0.0,0,0.3,65,20,0.0,1.3,109
Y834143,Nusspudding,Nut pudding,357,34.4,8.1,21.38,32.0,2.1,1,158,58,20.54,7.88,138
Y910030,Pommes frites mit Ketchup,Potato chips with ketchup,216,55,3.05,8.96,29.47,2.36,0,443.5,16,4.66,0.68,0.5
D735200,Orangentäschchen (Mürbeteig),Small orange turnovers (shortcrust pastry),504,2,7.8,25.5,59.0,3.3,0.1,104,25,30.3,7.57,27
M831100,"Speisequarkzubereitung < 10 % Fett i. Tr., mit Fruchtzubereitung, gesüßt","Quark preparation < 10 % fat in dry matter, with fruit preparation, sweetened",99,75.1,6.98,0.15,16.87,0.2,0,35,109,15.14,0.072,1.83
D208700,Apfel-Quarktorte (ohne Boden),Apple cheese torte (without cake base),176,61,7.7,6.4,21.0,1,0,61,77,16.1,3.6,54
D302200,Baiser-Schokosahnetorte (Mürbeteig),Meringue chocolate cream torte (shortcrust pastry),393,29.9,4.7,23.79,38.8,2.12,0.1,49,48,32.0,13.39,54
T936100,"Garnele paniert, tiefgefroren","Common shrimp breaded, deep-frozen",277,47.4,12.61,15.44,21.22,1.49,0,439,55,1.14,2.1,68.8
D401100,Kartoffelkuchen (Rührmasse),Potato cake (cake batter),364,30,5.02,18.21,44.1,1.58,0.3,127,17,23.787,11.02,101
D7B7000,Nuss-Spritzgebäck (Rührmasse) schokoliert,Nut spritz biscuits (cake batter) with chocolate icing,558,7,7.6,39.74,40.2,4.5,1,57,49,22.3,19.37,147
X205440,Tomaten-Paprikasalat mit Essigmarinade,Tomato-sweet pepper salad with vinegar marinade,98,85.6,0.76,8.63,3.17,1.3,0,67,10,3.16,0.64,0.174
X4A8110,Weiße-Bohnen-Eintopf,Haricot bean stew,70,84,3.3,1.5,9.0,3.1,0,158,18,1.7,0.1,0.023
X445643,Spinatsamtsuppe,Velvety spinach soup,92,87,1.05,9,1.47,0.4,0.017,208,34,1.43,3.7,16
N220000,Fruchtsaftgetränk Kirsche,Fruit juice beverage cherry,46,88.4,0.086,0,11.072,0,0,3,6,11.018,0.012,0
Y171113,"Rinderherz gedünstet, mit Sauce","Beef heart, stewed, with sauce",187,66,17.3,12.5,1.0,0.5,0.02,400,21,1.0,4,131
D540300,Kirschstrudel (Strudelteig),Cherry strudel (strudel dough),242,50.3,3.34,9.63,34.3,2.9,0.012,36,20,19.77,3.61,13
T797182,"Venusmuschel gekocht, gebraten ohne Fett (Pfanne)","Venus clam boiled, fried without fat (pan)",79,78,14.7,1.35,2.0,0,0,334,55,0.0,0.27,43
X358453,Grundsauce hell/weiß mit Sahne,Basic sauce white with cream,158,79,1.42,15.2,3.66,0.15,0.042,268,34,1.66,8.4,39
W255700,Stuttgarter Leberkäse,Stuttgart Leberkaese sausage,295,54.2,17.13,25.03,0.22,0.06,0.4,800,5.8,0.0,9.07,85.09
X981252,Tiroler Speckknödel,Tyrolean bacon dumplings,201,58.1,7.6,9,21.51,1.8,0.2,500,52,2.92,4.342,55
Y824043,Semmelauflauf,Wheat roll casserole,300,39.5,8.6,14.5,32.5,1.8,0,320,96,14.3,6.6,124
Y845242,Apfelküchlein (Apfelringe im Milchbackteig) gebraten,Apple doughnuts fried,194,61.7,3.5,9.7,22.0,2.22,0,24,29,9.84,1.32,37
W364500,Schinkenpresskopf,Ham brawn,193,65,21.68,11.75,0.0,0.1,0.33,800,10,0.0,4.31,71.97
G090600,Gemüsesaft aus Gemüsemischung,Mixed vegetables juice,20,94,0.838,0.2,3.2,0.2,0,224,15,3.2,0.03,0
F010600,Mehrfruchtsaft,Multi-fruit juice,48,87,0.4,0.1,10.73,0.3,0,2.4,11,10.15,0.014,0
W255600,Frühstücksfleisch,Luncheon meat,288,55.3,14.7,25.4,0.08,0.05,0.25,800,12,0.0,5.85,61.23
Y067643,Gänseleberpastete in der Kastenform gegart,Goose liver pate (cooked in a loaf tin),194,60,19.7,12.24,1.209,0,0.66,900,39,0.161,4.4,468
X5A7020,Kürbisrösti gebacken,Pumpkin rösti baked,185,72,5.18,13.27,9.74,2.95,0.3,229,19,3.45,1.47,64
T824900,"Lachs in Tomatensauce, Konserve","Salmon in tomato sauce, canned",146,72.1,12.3,8.1,5.6,0.5,3.1,299,16,4.5,1.61,46.6
X573712,"Pastinaken gekocht, gebraten (mit Fett und Salz)","Parsnip boiled, fried (with fat and salt)",76,78.5,2.63,2.35,9.8,2.26,0,150,49,3.09,0.18,0.039
Y272112,Kalbshirn gebraten mit Ei,Veal brain fried with egg,138,75.7,11.83,9.81,0.4,0.1,0.4,377,26,0.38,1.99,1986
D623100,Sandwaffeln (Rührmasse),Waffles (sand cake batter),517,11,9.25,32.9,44.9,1.88,0.8,113,31,19.568,19.6,211
W133000,Schlackwurst,Schlackwurst sausage,323,46,23.51,25.39,0.0,0,0.52,1500,13.3,0.0,9.68,86
X3A7010,Pesto rosso,Pesto rosso,495,15,10.2,39.2,19.3,8.7,0.05,142,163,19.3,5.5,5.5
W982900,"Pariser Pastete mit Mürbeteig, gebacken","Parisian pate with shortcrust pastry, baked",302,48.5,18.07,21.97,7.7,0.55,0.3,1100,7,0.435,8.92,86
D9A2300,Käsekuchen (Vollkornhefeteig),Wholemeal cheesecake (yeast dough),232,53,9.7,10.1,24.0,2.2,0.2,60,93,12.9,5.3,54
D9A2200,Apfel-Streuselkuchen (Vollkornhefeteig),Wholemeal apple crumble cake (yeast dough),176,58,3.6,5.88,25.0,4.16,0,21,21,10.7,3.037,14
X912233,Pizza quattro formaggi (mit Käse),Pizza quattro formaggi (with cheese),354,35,14.72,20.55,26.0,2.29,0.07,398,304,0.1,8.3,36
U010142,"Rind Hackfleisch, geschmort ohne Fett","Beef mince, braised without fat",297,49.751,28.056,20.488,0.0,0,0.74,54,36.8,0.0,9.244,95
G850100,Gemüsecremesuppe Instantpulver,Cream of vegetable soup instant powder,337,2.9,8.09,3.4,63.77,6.7,0.001,3917,127,38.94,0.7,1.2
X5A2000,"Champignons gedünstet in Essig, eingelegt in Rapsöl","Button mushrooms stewed in vinegar, pickled in rapeseed oil",159,74,3.92,13.66,4.2,2.1,0,258,10,1.3,1.03,0.275
R115000,Gewürzsalz/Kräutersalz,Seasoned salt/herb salt,37,1,3,0.5,3.3,3.6,0,32458,156,3.3,0.11,0
T822100,"Heringsfilet in Dillcreme, Konserve","Herring fillet in dill cream, canned",153,76.2,10.5,10.23,4.521,0.018,12,399,57,2.986,1.88,71
X2A1120,Rote-Bete-Salat (roh) mit Essigmarinade,Beetroot salad (raw) with vinegar marinade,124,79.2,1.58,9.99,5.6,1.9,0,115,16,5.56,0.73,0.203
X539053,"Wirsing gekocht, mit Grundsauce hell/weiß","Savoy cabbage boiled, with white basic sauce",40,90,1.97,1.5,3.6,1.8,0.003,170,44,2.4,0.8,3
X295460,Nizza-Salat mit Thunfisch und Sardellen,Nicoise salad with tuna and anchovies,97,83,6.69,6.8,1.5,0.8,2,415,27,1.5,0.9,55
X379343,Rumsauce von Vanillesauce,Rum sauce from vanilla sauce,123,74.4,3.8,4.39,14.44,0.033,0,33,109,10.8,2.29,63
W278400,Schwedische Leberpastete mit Sardellen,Swedish liver pate with anchovies,266,60.7,12.74,23.2,1.3,0.1,1,700,10,1.3,9,97
W231700,Kalbfleischwurst mit Schweinefleisch,Veal bologna with pork,253,64.4,9.82,23.72,0.08,0.04,0.5,826,7,0.0,9.19,50
D9A5100,Vollkorn-Marmorkuchen (Rührmasse),Wholemeal marble cake (cake batter),404,23,8.05,22.6,39.9,4.47,0.4,200,33,21.88,8.13,83
Y162113,"Rheinischer Sauerbraten vom Rind, mit Sauce","Rhenish ""Sauerbraten"" marinated beef roast, with sauce",158,67,16,6.6,6.1,0.9,0.3,170,20,4.5,2.4,49
X425553,"Zwiebelsuppe klar, mit Fleischbrühe","Onion soup clear, with meat stock",27,93,0.68,1.1,3.1,0.6,0,155,12,3.1,0.1,0.019
D652400,Nürnberger Lebkuchen,Nuremberg gingerbread,409,12.2,10.55,15.5,54.8,4.1,0.4,50,51,32.9,1.67,75
Y860643,"Grießflammeri/Grießpudding, mit Ei",Semolina pudding with egg,119,74.7,5.1,4.61,13.94,0.4,0,56,101,8.08,2.12,51
Y610232,"Heringsfilet paniert, gebraten","Herring fillet breaded, fried",229,63.7,16.4,14.7,7.35,0.56,12,247,50,0.4,2.63,73
Y826043,Apfelauflauf,Apple casserole,199,59,3.7,8.9,24.8,1.9,0,36,31,18.6,4.5,99
X5B1150,"Gemüse-Kartoffel-Getreide-Brei, mit Karotte und Haferflocken (ohne Salz, geeignet für Beikost)","Vegetable-potato-cereal purree, with carrot and oat flakes (without salt, suitable as baby food)",98,79.7,1.357,4.74,11.2,2.1,0,12,15,5.086,0.41,0.088
Y840353,Apfelkompott mit Weißwein,Apple compote with white wine,61,83.7,0.301,0.3,12.2,1.348,0,2,6,11.49,0.124,0
X5B1010,"Gemüse-Kartoffel-Fleisch-Brei, mit Karotte und Hühnerfleisch (ohne Salz, geeignet für Beikost)","Vegetable-potato-poultry purree, with carrots and chicken (without salt, suitable as baby food)",110,80,3.142,6.986,7.576,1.6,0,20,13,3.819,1.16,10.99
X981662,Böhmische Knödel,Bohemian dumplings,229,51.5,8.19,9.03,27.65,2,0.4,498,56,1.94,1.52,79
Y8A3030,Backobstkompott gebunden mit Stärke,Dried fruit compote thickened with starch,194,46.7,1.42,0.2,42.9,4.55,0,18,41,39.6,0.039,0
D711100,Orangenbiskuitplätzchen,Orange sponge biscuits,323,21.3,5.24,2.22,69.9,1.25,0.4,52,18,43.6,0.58,78
Y851143,Fruchtsulze (mit Weißwein),Fruit aspic (with white wine),64,84.4,2.5,2.3,5.88,0.3,0.006,7,40,5.88,1.19,5.8
Y278023,"Kalbsbries gekocht, mit Grundsauce hell/weiß","Veal sweetbread boiled, with white basic sauce",79,84,8.48,4,2.09,0.13,0,255,4,0.39,2.3,114
E470000,Eier-Frischteigwaren Ravioli (Gemüsefüllung) roh,Fresh egg pasta Ravioli (vegetable filling) raw,240,41.4,8.23,3.44,42.4,3.3,0.1,460,23,1.34,0.5,16
S210300,"Speiseeis (Karamell, Vanille) gemischt, in Waffeltüte","Ice cream mixed (caramel, vanilla) in waffle cone",206,59.6,3.6,10.03,24.9,0.5,0,37,73,19.7,5.83,70
W237082,"Fleischkäse fettreduziert, gebraten ohne Fett (Pfanne)","Fleischkaese sausage reduced-fat, fried without fat, (pan)",147,69.6,19.47,7.56,0.18,0.1,0.15,900,6.4,0.0,2.87,62.44
T860100,Sardellenpaste,Anchovy paste,305,49,17.109,26.3,0.0,0,31,5446,85,0.0,5.6,103
W380400,Erbswurst,Sausage made with pea flour,216,57,9.8,14.1,10.8,3.2,0.23,700,15,1.0,5.22,29.14
M8A1200,"Frischkäsezubereitung mind. 10 % Fett i. Tr., mit Fruchtzubereitung, gesüßt, angereichert mit Vitamin D und Calcium","Cream cheese preparation min. 10 % fat in dry matter, with fruit preparation, sweetened, fortified with vitamin D and Calcium",99,77,7.7,2.5,10.8,0.3,1.25,28,170,10.7,1.33,8
H923900,Soja-Bolognese Konserve,"Soya Bolognese, canned",53,87,2.7,1.8,5.0,2,0,387,26,4.1,0.3,0
W215000,Knackwurst/Servela/Würstchen,"Knackwurst/Servela sausage, small",260,60.9,12,23.5,0.08,0.04,0.35,800,28,0.0,6.6,42
Y879812,Ananasringe im Milchbackteig gebraten,Pineapple rings in frying batter (with milk) fried,192,62.5,3.7,9.8,21.2,1.7,0,28,37,9.2,1.28,40
D301000,Marzipan-Walnuss-Sahnetorte (Biskuit und Mürbeteig),Marzipan walnut torte (sponge cake and shortcrust pastry),384,38,8.1,29.7,20.1,1.7,0.2,38,64,13.821,10.7,79
Y855053,Rote Grütze,Red fruit jelly,84,77.5,1.1,0.3,16.8,2.8,0,2,24,12.6,0.034,0
X451343,Pariser Käsecremesuppe (mit Schmelzkäse),"Creamy cheese soup ""Paris"" (with processed cheese)",83,85,2.74,6.3,3.7,0.2,0.34,455,67,1.72,4.2,16
W872800,Frühstücksfleisch Konserve,Luncheon meat canned,198,67.8,14.01,15.68,0.08,0.05,0.25,800,4.4,0.0,5.85,61.23
R9A5000,"Aprikosenglasur/Aprikotur, für Gebäck/Torten",Apricot icing for pastry/tortes,196,50.5,0.2,0.1,47.7,0.5,0,3,6,47.7,0.013,0
R963000,Brotaufstrich Ei-Kräuter,Egg-herb spread,254,61.9,9.5,21.86,4.5,0.1,2,693,43,2.53,2.9,261
C512800,"Müslimischung mit Schokolade, glutenfrei, gesüßt","Muesli mix with chocolate, gluten-free, sweetenend",414,8.9,7.1,14.7,60.5,5.4,0,340,44,24.6,7.6,2.5
X132460,Broccolisalat (gegart) mit Essigmarinade,Broccoli salad (cooked) with vinegar marinade,125,82.5,2.5,11.19,2.0,2.1,0,87,28,1.28,0.85,0.222
X0A4020,"Haferflocken ungesüßt mit Joghurt 3,5 % Fett und Fruchtmischung","Oat flakes unsweetened, with yogurt 3.5 % fat and mixed fruit",111,73,4.78,3.3,13.9,2.2,0,25,77,5.03,1.65,5.53
T832900,Miesmuschel in Tomatensauce Konserve,"Common mussel in tomato sauce, canned",102,76.8,6.9,5.4,5.6,0.9,6,385,31,5.5,0.73,99
D4A1000,Apfelstrudel (Blätterteig),Apple strudel (puff pastry),317,42.8,3.3,21.2,26.7,2.9,0.049,57,13,8.3,13.2,53
G950900,"Vegetarisches Gulasch, Konserve","Vegetarian goulash, canned",133,71,9.5,6.4,8.0,2.5,0,391,54,4.3,2.21,0.6
X365543,Aprikosensauce von getrockneten Früchten,Apricot sauce from dried fruit,73,79,0.6,0.1,15.68,1.31,0,3,18,13.4,0.004,0
Y846312,Pfirsichkompott mit Süßstoff,Peach compote with artificial sweetener,35,89,0.6,0.097,7.14,1.5,0,5,6,6.22,0.009,0
W320000,Braunschweiger grobe Leberwurst,Braunschweiger coarse liver sausage,367,49.3,16.5,33.2,0.59,0.1,0.57,810,41,0.23,13.03,113.64
X369343,Weinschaumsauce/Weinchaudeau,Creamy wine sauce/Wine chadeau,130,71.2,3.7,3,18.58,0.006,1,48,22,18.58,0.82,112
X503053,Zucchinibratlinge mit Käse gebraten,Courgette patties with cheese fried,221,60,7.8,14.57,13.0,3,0.2,158,108,1.8,3,50
X417113,Gemüse-Eintopf mit Wurst,Vegetable stew with sausage,101,81,3.45,6.6,6.0,1.6,0,294,25,1.9,2,10.1
G090152,"Gemüsemischung Kaisergemüse, gedünstet","Mixed vegetables (carrots, cauliflower and broccoli florets) stewed",40,88,2.537,0.469,5.1,3.2,0,22,33,3.61,0.093,0
C512000,Müsli Basismischung (ohne Trockenfrüchte) ungesüßt,Muesli basic mix (without dried fruit) unsweetened,376,9.7,14.772,12.332,45.6,11.8,0,10,89,1.052,1.8,0
C522200,"Getreideflakes gesüßt, mit Trockenfrüchten","Cereal flakes sweetened, with dried fruit",346,12,8.9,1.6,70.3,7,0,237,20,13.1,0.27,0
X4A4000,Broccolicremesuppe mit Joghurt und Mandelblättchen,Cream of broccoli soup with yogurt and almond flakes,31,92,1.9,1.6,1.5,1.3,0,189,23,1.11,0.3,0.21
T710182,"Edelkrebs/Flusskrebs, gekocht, gebraten ohne Fett (Pfanne)","Crayfish boiled, fried without fat (pan)",72,81.437,16.29,0.716,0.0,0,-,278,65,0.0,0.1026,241
M2L7300,"Joghurt mind. 3,5 % Fett, mit Frucht-Getreidezubereitung, gesüßt","Yogurt min. 3.5 % fat, with fruit-cereal preparation, sweetened",100,77.9,3.7,3.3,12.8,0.5,0,34,94,10.9,1.9,7.39
W275100,Herzwurst,Heart sausage,162,71.2,14.65,11.34,0.25,0.12,0.23,800,5.3,0.18,4.03,61.6
F503700,Bananennektar,Banana nectar,52,85.7,0.297,0.1,12.38,0,0,2,5,11.93,0.0146,0
F021600,Roter Mehrfruchtsaft angereichert mit Vitaminen (Roter Multivitaminsaft),Red multi-fruit juice fortified with vitamins (red multivitamin juice),50,87.4,0.7,0.3,9.9,0.3,0,3,15,9.2,0.035,0
X354040,Caesar-Dressing,Caesar dressing,481,39,5.5,50.11,1.0,0.2,1,409,158,1.0,10.59,108
D431100,Marmorkuchen (Rührmasse),Marble cake (cake batter),404,21,8.39,19.79,46.6,2.9,0.4,197,36,19.84,10.86,112
X9A1020,Getreidebratlinge gebraten,Cereal patties fried,218,57,7.1,11.7,19.0,3.9,0,176,21,1.0,1.2,49
X0A5000,"Müsli Bircher-Benner Art, ungesüßt, mit Äpfeln, Rosinen, Sahne und Nüssen","Muesli Bircher-Benner style, unsweetened, with apples, raisins, cream and nuts",114,74.2,1.8,4.7,14.6,2.4,0.006,4,20,11.3,1.4,5.1
X1A1010,Broccolisalat (gegart) mit Joghurtmarinade,Broccoli salad (cooked) with yogurt marinade,51,87.5,3.01,2.68,2.4,1.9,0,89,50,1.85,0.64,1.85
U010200,"Rind Hackfleisch, tiefgefroren","Beef mince, deep-frozen",224,62.87,19.102,16.39,0.0,0,0.59,58,25.6,0.0,7.395,61
U931600,Rinderroulade Konserve,Beef olive (ready-made meal) canned,176,68.8,18.69,10.99,0.54,0.1,0.34,400,8,0.52,4.29,50.4
X060160,Baguette-Brötchen mit Tomate-Mozzarella,Baguette roll with tomato-mozzarella,200,60,9.5,10.41,16.0,1.6,0.005,305,156,1.5,6.79,30
X523053,"Mangold gedünstet, in Grundsauce hell/weiß","Chard stewed, in white basic sauce",27,92,1.55,1.3,1.54,1.4,0.002,243,60,0.66,0.7,3
D9A3200,Apfelkuchen gedeckt (Vollkornmürbeteig),Wholemeal apple pie (shortcrust pastry),239,49.7,3.6,12,27.0,4,0,42,15,14.7,4.3,18
W348000,Blutpresssack,Blood brawn,258,59.2,18.17,20.43,0.38,0.1,0.39,800,7,0.24,7.72,86
Y3A2000,"Schweinesteak gebraten, mit Karotten und Erbsen gedünstet","Pork steak fried, with carrots and peas stewed",130,74,15.3,5.7,3.43,1.5,0,139,12,1.688,1.3,32.96
D540100,Wiener Apfelstrudel (Strudelteig),Viennese apple strudel (strudel dough),265,42.5,3.7,11.6,34.5,3.5,0.015,45,15,18.2,4.6,17
D288200,Apfeltorte gedeckt (Mürbeteig),Covered apple torte (shortcrust pastry),220,55,3.2,8.9,30.3,2.5,0,16,13,17.9,4.6,41
R9A3200,Nussfüllung für Gebäck/Torten,Nut filling for pastry/tortes,488,17.1,9.24,35.7,30.3,4,0.1,138,70,19.94,6.59,23
Y302213,Kasseler im Blätterteig gebacken,"Pork loin chop cured, baked in puff pastry",223,57.4,18.8,12.25,8.95,0.66,0,891,8,0.057,4.81,64
X562463,Karotten-/Möhrenpüree,Carrots puree,32,91,0.78,0.7,4.5,1.8,0,190,20,4.4,0.3,1
W261000,Schweinskäse weiß,White Fleischkaese sausage made from pork,238,60.1,18.31,18.28,0.1,0.06,0.3,815.7,6.3,0.0,6.43,61.71
S242700,"Speiseeis (Karamell, Vanille) gemischt","Ice cream mixed (caramel, vanilla)",189,63.1,3.2,9.47,22.4,0.17,0,39,83,19.92,5.78,74
E606232,"Semmelknödel getrocknet, gekocht","White bread dumplings dried, boiled",150,64.8,6.87,4.14,20.64,1.4,0.3,289,58,2.3,1.84,63
T501262,"Karpfen tiefgefroren, gebraten ohne Fett (Ofen)","Carp deep-frozen, fried without fat (oven)",150,67.51,23.425,6.24,0.0,0,-,35,90,0.0,1.631,103
W006000,"Brätblock hell, zur Rouladenherstellung","Sausage meat light, for roulade sausage",167,71.6,12.83,12.84,0.08,0.05,0.24,700,4,0.0,4.65,50.52
T840000,Hering in Gelee (Kochfischware),"Herring boiled, in jelly",168,72.4,12.7,12.6,0.0,0,10,837,38,0.0,1.186,38
Y790160,Kräuterbutter,Herb butter,618,30,1.3,67.3,0.9,1.134,0.16,92,20,0.9,43.075,174
X351140,Zitronenmarinade für Salat,Lemon marinade for salad,405,52.4,0.18,44,0.75,0.05,0,294,6.2,0.72,3.2,0.903
W216100,Frankfurter Rindswurst/Rote Wurst,Frankfurt beef sausage/red sausage,223,66.3,11.439,19.738,0.0,0,0.22,800,15,0.0,8.527,48
X095540,"Frischkornbrei gesüßt, mit Joghurt 3,5 % Fett und Fruchtmischung","Fresh-grain porridge sweetened, with yogurt 3.5 % fat and mixed fruit",99,74.8,3.33,1.8,15.6,2.6,0,15,46,5.52,0.87,2.88
X5A9010,"Kohlrabi gekocht, vegetarisch gefüllt mit Frischkäse und Erbsen","Kohlrabi boiled, vegetarian filled with cream cheese and peas",73,86,2.3,4.5,4.9,1.5,0.02,247,33,2.8,2.3,9
X238060,Weißkrautsalat (roh) mit Speck-Essigmarinade,White cabbage salad (raw) with bacon-vinegar marinade,130,81,1.03,11.72,3.41,2.2,0,185,34,3.3,0.87,0.238
W275300,Zungenblutwurst fettreduziert,Pork tongue sausage reduced-fat,154,71.3,18.08,8.7,0.76,0.1,0.26,500,9,0.64,2.851,110
E901000,"Teigwaren eifrei, Ravioli (Fleischfüllung) in Tomatensoße, Konserve","Pasta egg-free, Ravioli (meat filling) in tomato sauce, canned",101,74.2,3.3,2.2,15.9,1.7,0.02,342,19,4.7,0.5,3.71
G940100,"Gemüseaufstrich, Brotaufstrich pflanzlich",Vegetable spread,199,68,0.8,16.8,10.0,1.6,0,592,17,6.0,1.8,0.08
Y231432,Kalbsschnitzel mit Kochschinken und Käse übergrillt,Veal schnitzel grilled with boiled ham and cheese,205,55.7,31.5,8.18,0.78,0.2,0.272,459,241,0.76,4.5,89
U461232,"Kalb Bug/Schulter, tiefgefroren, gekocht","Veal shoulder, deep-frozen, boiled",119,70.538,27.257,1.082,0.0,0,0.429,81,15,0.0,0.453,90
B314172,"Weizentoastbrot mit Roggen, getoastet","Wheat toast with rye, toasted",319,23,10.22,4.09,58.0,4.45,0,604,19.3,1.9,1.39,0
D470100,Käsekuchen/Quarkkuchen (Quark-Öl-Teig),Cheesecake (quark oil dough),253,49,9.2,11.9,26.3,1,0.2,96,89,14.7,4.7,47
Y9A2000,Aprikoseneis,Apricot ice cream,173,64,1.4,7.5,23.897,0.726,0.022,18,30,23.525,3.935,19.6
X651642,Speckkartoffeln gedünstet,Potatoes stewed with bacon,68,84,2.04,1.1,12.018,0.964,0.01,200,8,0.625,0.4,2.19
W882100,"Hausmacher Sülze/Schweinskopfsülze, Konserve",Homemade jellied brawn canned,220,64.6,16.3,17.2,0.08,0.05,0.26,700,6,0.0,6.18,66.68
D751100,Hobelspäne/Räderkuchen (Rührmasse) frittiert,"""Hobelspäne"" pastry (cake batter) deep-fried",355,30,7.09,16.1,44.2,2.48,0.3,204,20,10.51,8,75
X3A7000,Mandelpesto,Almond pesto,416,38,11.33,38.56,4.0,3.9,0.07,222,161,1.5,4.67,7.5
Y631122,"Schollenfilet mehliert, gebraten","Plaice fillet floured, fried",94,77.4,16.6,1.5,2.73,0.32,4,190,31,0.367,0.18,62
X357312,Cocktail-Dressing,Cocktail dressing,423,46.1,1.7,42.95,6.58,0.5,0,444,30,6.49,5.58,86
Y7A1000,Souffle mit Räucherforelle,Souffle with smoked trout,288,56.4,9.7,24.4,6.62,0.7,2,385,44,1.98,10.28,226
Y163213,Boeuf a la mode mit Sauce (marinierter Schmorbraten),Boeuf a la mode with sauce,111,79,8.1,6.3,1.8,1.2,0.14,174,22,1.8,1.9,20.7
U211262,"Rind Filet/Lende, tiefgefroren, gebraten ohne Fett (Ofen)","Beef fillet (tenderloin) deep-frozen, fried without fat (oven)",136,73.4,25.126,3.951,0.0,0,0.346,42,3.79,0.0,1.781,62.7
G210252,"Spinat tiefgefroren, gedünstet","Spinach deep-frozen, stewed",24,90.2,2.754,0.376,1.16,2.3,0,63,179,0.93,0.039,0
X081743,"Toast mit Ananas, Kochschinken und Käse (""Toast Hawaii"") gebacken","Toast Hawaii (pineapple, boiled ham, cheese) baked",206,60,13.47,10.4,13.2,1,0.005,529,186,7.0,6.78,37
G470262,"Porree/Lauch, tiefgefroren, gebacken","Leek deep-frozen, baked",38,89,1.1,0.327,6.0,2.8,0,0.7,55,5.0,0.057,0
Y036410,Frikadellen aus Putenfleisch gebraten,Meatballs of turkey fried,198,57.7,26.7,7.74,4.99,0.6,1,314,26,0.84,1.33,150
W384300,Weiße Graupenwurst,White sausage with pearl barley,140,66,7,6.53,12.8,1,0.12,664,7,0.42,2.5,57
Q902000,"Schmalz/Schmelz, Basis Pflanzenfett, vegan","Plant-based lard substitute, vegetable fat based, vegan",817,1.7,1.01,87.127,6.35,1.4,0,620,22,6.31,38.8,1.3
X2A2020,Feldsalat mit Joghurtmarinade,Lamb's lettuce with yogurt marinade,54,88,2.36,3.48,2.0,1.3,0,113,70.1,2.0,0.81,2.59
X543063,Fenchelgemüse gedünstet,Fennel stewed,36,92,1.19,1.5,2.93,2.5,0,118,31,2.6,0.1,0.027
D1A1100,Apfelkuchen mit Puddingcreme (Hefeteig),Apple cake with pudding (yeast dough),177,58.8,4.6,5.2,26.8,1.9,0.1,30,40,12.7,3,23
Y860463,"Karamellcreme einfach, gestürzt",Caramel pudding simple,164,63,4.2,3.97,27.78,0.039,0,47,85,23.57,1.88,74
S623700,Trüffel-Pralinen (alkoholhaltig),Truffle pralines (alcoholic),519,9.4,5.77,33.94,44.6,3.1,0,58,153,43.4,20.3,29
S622800,Pralinen gefüllt mit Gewürzcreme,Pralines filled with spice cream,576,0.8,5.78,38.64,50.2,2.2,0.01,52,148,49.8,18.41,10.3
M8A1300,"Frischkäsezubereitung mind. 20 % Fett i. Tr., mit Fruchtzubereitung, gesüßt, angereichert mit Calcium","Cream cheese preparation min. 20 % fat in dry matter, with fruit preparation, sweetened, fortified with Calcium",108,77,4.87,3.82,13.01,0.2,0.027,25,130,12.0,2.17,9.9
X1A5000,Eiersalat mit Tomaten und Essigmarinade,Egg salad with tomatoes and vinegar marinade,139,78.5,7.02,11.28,1.56,0.5,1.1,204,34,1.55,1.7,168
S622500,Nuss-Pralinen (alkoholhaltig),Nut pralines (alcoholic),439,15.4,5.16,20.61,51.5,2.3,0.03,34,99,51.012,7.42,4.7
W256000,Leberkäse fettreduziert,Leberkaese sausage reduced-fat,180,66.4,18.07,11.83,0.21,0.09,0.23,900,6,0.0,4.46,65.71
D2A1000,Himbeertörtchen (Mürbeteig) mit Sahne und Mandelblättchen,Raspberry tartlet (shortcrust pastry) with whipped cream and almond flakes,282,47,4.4,16,27.6,3.5,0.1,20,23,12.9,8.56,51
X8A1080,Spargelrisotto,Asparagus risotto,109,75,2.57,2.7,18.0,1.1,0,114,12,2.05,0.3,0.051
W256200,Fleischkäse grob,Fleischkaese sausage coarsely minced,223,61,18.96,16.27,0.1,0.06,0.26,800,5,0.0,5.9,62.78
W181000,Rohpolnische Würstchen/Polnische Bratwurst,"Polish Bratwurst sausage raw, small, firm",419,37,20.99,37.2,0.12,0.07,0.61,1500,12.5,0.0,14.1,75
D9A5300,Vollkorn-Schoko-Mandelkuchen (Rührmasse),Wholemeal chocolate almond cake (cake batter),429,19,8.2,24.8,40.8,5,0.4,162,36,24.397,9.12,75
W318300,Straßburger Gänseleberwurst mit Schweinefleisch,Strasbourg goose liver sausage with pork,169,67.7,14.9,11.58,1.1,0.2,0.6,700,25,0.3,4.7,342
D313400,Schokosahnetorte (Schoko-Wasserbiskuit),Chocolate cream torte (chocolate water sponge cake),312,47,4.8,21.3,24.4,1.61,0.2,50,57,19.5,11.38,74
S210900,"Speiseeis Schokolade, in Waffeltüte","Chocolate ice cream, in waffle cone",249,50.9,4.12,11.17,31.6,2.3,0,34,66,23.3,4.9,30
S623000,Nuss-Pralinen,Nut pralines,603,1.2,7.7,45.7,38.0,4.6,0.01,40,110,37.1,16.9,4.2
X1A8000,Fischmayonnaise mit Kabeljau,Fish-mayonnaise with cod,143,75.6,11.9,10.3,0.27,0.1,0,299,35,0.27,0.99,48
Y851363,Fruchtgrütze,Fruit jelly,110,70.2,0.9,0.2,23.5,2.7,0,2,20,18.6,0.025,0
X552043,Gurken gedünstet,Cucumbers stewed,67,90,1.39,5.3,2.6,1,0,120,30,2.6,0.7,2
W218000,Regensburger Knacker/Regensburger Würstchen,Regensburg sausage small,253,60.2,14.8,21.5,0.09,0,0.22,900,4,0.01,4.6,54.45
S820000,Energieriegel gefüllt mit Nusscreme,Energy bar with hazelnut cream,449,8.5,10.6,21.7,47.0,7.4,0,319,61,15.6,4.8,0.1
X981162,Serviettenknödel,White bread dumpling roll poached,170,60.4,8.23,5.05,22.26,1.5,0.4,445,70,2.47,1.42,87
X445813,Avocadocremesuppe,Cream of avocado soup,53,90,1.1,4.4,1.4,1.3,0,164,20,1.4,1.1,0.81
D705200,Aprikosen im Ausbackteig frittiert,Apricots in frying batter deep-fried,202,62,3.9,12.1,18.0,1.68,0,29,43,6.05,4.2,44
X640063,Kartoffelauflauf/Kartoffelring,Potato casserole,177,68.8,7.1,11.387,11.057,0.913,0,240,135,0.649,5.78,106
X454943,"Gerstensuppe nach Bündner Art mit Speck, geräuchertem Rind- und Schweinefleisch","Barley soup ""Bündner"" style with bacon, smoked beef and pork",106,79,4.43,7.4,5.0,0.8,0.08,500,12,0.9,3,13
Y881812,Quarkkeulchen (mit Kartoffeln) gebraten,Small quark pancakes (with potatoes) fried,259,47.3,6.6,12.2,29.4,1.8,0.2,120,47,15.0,1.1,42
D9A5000,Vollkornhaselnusskuchen (Rührmasse),Wholemeal hazelnut cake (cake batter),434,21,8.53,27,37.0,4.5,0.4,160,39,20.463,7.76,76
X444563,Gurkencremesuppe,Cream of cucumber soup,46,92,0.88,3.3,2.8,0.4,0.008,165,16,1.4,1.5,6.8
D463700,Marzipanstollen (Hefeteig),Marzipan stollen (yeast dough),413,1.8,7.1,18.4,51.0,6.481,0.028,23,38,27.7,8.2,31
G992182,"Gemüsemischung Erbsen-Karotten, gebraten ohne Fett (Pfanne)","Mixed vegetables peas and carrots, fried without fat (pan)",96,76.1,5.1,0.657,14.012,6,0,18,36,5.727,0.143,0
W171100,Knoblauchwurst roh,Garlic sausage raw,348,43,22.84,28.48,0.0,0.14,0.59,1500,14.7,0.0,10.79,87
X921063,"Blätterteigtaschen gefüllt mit Spinat, Schafskäse und Pinienkernen, gebacken","Puff pastry pockets filled with spinach, sheep's milk cheese and pine nuts, baked",338,46,7.9,26.9,14.7,2,0.1,394,99,0.9,10.54,40
W384100,Schwarze Graupenwürstchen,Small blood sausage with pearl barley,174,60.4,8.51,8.79,14.7,1.1,0.13,600,7,0.5,2.9,47
Y837643,Frankfurter Pudding,Frankfurt pudding,131,68.5,3,4.595,17.9,3.1,0,76,16,12.1,1.77,54
W327000,Leberwurst einfach,Liver sausage simple,236,62.2,17.59,18.08,0.62,0.1,0.5,800,8,0.28,7.38,135
T720282,"Languste tiefgefroren, gebraten ohne Fett (Pfanne)","Spiny lobster/rock lobster/crawfish, deep-frozen, fried without fat (pan)",96,74.924,20.949,1.41,0.0,0,-,198,87,0.0,0.167,179
X1A3010,"Salat aus Eierteigwaren dänische Art, mit Mayonnaise, gestreckt mit Joghurt","Salad of egg pasta Danish style, with mayonnaise, diluted with yogurt",160,68.9,6.4,9.14,11.9,1.8,0,255,23,2.74,1.1,25
X940212,Mehlpüfferchen gebraten,"""Mehlpüfferchen"" fried (small flour pancakes)",284,40,7.3,10.5,38.7,2.3,0.3,181,59,12.0,1.6,62
Y171323,Rinderherzragout,Beef heart ragout,119,76,12.2,6.1,3.5,0.5,0,222,9,0.8,1.6,95
D4A8000,Ananas-Kranz gefüllt (Rührmasse),Filled pineapple ring cake (cake batter),308,46,4.9,20,25.8,2,0.3,101,44,19.2,13.48,78
D753600,Mandel-Zitronen-Herzen (ohne Fett und Mehl),Heart-shaped almond lemon biscuits (without fat and flour),469,5,11.3,23.7,50.1,4.2,1,35,56,50.0,2.79,159
X446653,Tomatensuppe mit Fleischbrühe,Tomato soup with meat stock,63,90,0.81,5.5,2.16,0.7,0.008,132,12,2.16,1.9,8
T710232,"Edelkrebs/Flusskrebs, tiefgefroren, gekocht","Crayfish deep-frozen, boiled",61,84.039,13.889,0.58,0.0,0,-,265,53,0.0,0.0831,195
Y261123,Kalbsrahmbraten mit Sauce,Veal roast with cream sauce,128,73,13.5,6.7,3.0,0.5,0.19,208,22,1.4,2.4,47
X641000,Herzoginkartoffeln gebacken,Duchesse potatoes baked,128,74,4.7,5.11,15.0,1.39,1,316,58,0.8,1.64,177
X573412,Okra gedünstet (mit Fett und Salz),Okra stewed (with fat and salt),74,82,1.87,5,2.8,4.18,0,101,56,2.79,0.3,0.099
Y311132,"Schweinefilet mariniert, gegrillt, mit Orange","Pork fillet marinated, grilled, with orange",156,64.8,29.1,4.2,0.4,0.1,0,98,6,0.4,1.16,77.82
D740100,Mandel-Marzipan-Donuts (Hefeteig) frittiert,Almond-marzipan doughnuts (yeast dough) deep-fried,432,14,10,18.8,54.0,3.3,0.3,131,49,17.7,7,61
D188400,Apfelkuchen gedeckt mit Mandelbelag (Mürbeteig),Apple cake with bee sting cake topping (shortcrust pastry),248,51.7,3.67,12.1,29.91,2.3,0.1,15,17,18.5,5.91,34
Y8A4110,"Schokoladenpudding, Flammeri, zubereitet aus Pulver und Sojadrink",Chocolate pudding made from powder with soya drink,85,79.2,2.92,1.2,14.8,1.71,0,52,15,9.269,0.2,0
S536000,Vollmilchschokolade mit Haselnüssen,Whole milk chocolate with hazelnuts,577,1.3,8.12,40.43,43.4,3.5,0.02,60.8,188,42.83,18.27,14.2
F820000,Fruchtschnitte/Fruchtriegel,Fruit bar,339,19,4.9,9.4,53.8,6.2,0,20,64,48.1,2.8,0.1
U532262,"Schwein Kammsteak, tiefgefroren, gebraten ohne Fett (Ofen)","Pork steak (neck) deep-frozen, fried without fat (oven)",205,62.78,24.66,11.78,0.0,0,0.29,60.2,4.6,0.0,4.37,85.27
X346250,"Mayonnaise, gestreckt mit Quark","Mayonnaise, diluted with quark",393,49.2,6.9,39.38,2.04,0,0,271,78,2.04,3.27,78
X1A6010,Käsesalat mit Essigmarinade,Cheese salad with vinegar marinade,292,53.1,18.7,23.64,0.62,0.1,0.4,195,671,0.62,12.39,122
W231800,Kalbfleischkäse mit Schweinefleisch,Veal fleischkaese sausage with pork,365,49.2,12.95,34.78,0.11,0.06,0.62,830,8,0.0,13.54,62
G622600,"Gemüsesaft aus Karotte/Möhre, mit Honig","Carrot juice, sweetened with honey",33,90,0.621,0.3,6.403,0.3,0,35,7,6.292,0.072,0
Y301322,"Kasseler Kotelett paniert, gebraten","Pork loin chop cured, breaded, fried",226,53.1,23.96,10.36,8.78,0.68,0.2,1162,13,0.51,1.66,83
Y692423,Fisch-Curry mit Seelachs und Erdnüssen,Fish curry with saithe and peanuts,121,77,12,6.9,2.3,0.5,0,188,47,2.2,1.4,36
W349000,Roter Presskopf,Red brawn,224,62.4,18.86,16.38,0.32,0.1,0.28,800,7,0.2,5.83,73
Y872340,Zitronencreme (mit Gelatine) mit Weißwein,Lemon cream (with gelatine) with white wine,197,67.6,3.2,13.6,12.52,0.026,1,20,46,12.52,6.6,130
D731200,Apple-Pie (Mürbeteig),Apple pie (shortcrust pastry),203,58,2.1,11.14,22.3,2.37,0,28,10,10.7,6.87,42
X9A3010,"Blätterteigtaschen gefüllt mit Käse und Kochschinken, gebacken","Puff pastry pockets filled with cheese and boiled ham, baked",363,38.5,16,25.8,15.6,1.2,0,660,230,0.8,11.8,78
D7A4000,Käsewindbeutel (Brandmasse) gefüllt mit Frischkäsezubereitung,Salty cheese puff (choux pastry) filled with cream cheese,215,65,7.7,15.87,9.8,0.8,0.4,155,143,2.3,9.79,106
X551463,"Auberginen gefüllt mit Lammfleisch, Reis und Tomaten, überbacken","Aubergines filled with lamb, rice and tomatoes, gratinated",108,78,7.39,6.5,4.1,1.3,0,304,50,2.4,3.1,25
W981200,"Schinkentorte mit Mürbeteig, gebacken","Ham pie with shortcrust pastry, baked",224,56.8,19.87,12.24,7.8,0.6,0.1,700,9,0.6,5.5,68
Y311522,Schweinefilet gedünstet,Pork fillet stewed,186,63,23.43,9.5,1.76,0.13,0,262,7,0.00648,1.5,60.69
Y650732,"Karpfen mariniert, gegrillt","Carp marinated, grilled",147,66.8,18.73,5.6,4.75,0.1,0,376,71,4.66,1.4,77
F212700,Sauerkirschnektar,Sour cherry nectar,52,86.695,0.348,0.172,11.693,0,0,2,9,11.306,0.038,0
S541000,Vollmilchschokolade mit Haselnüssen und Cornflakes,Whole milk chocolate with hazelnuts and cornflakes,576,1.3,6.5,39,48.6,2,0.03,73,187,47.0,19.9,17
D302100,Makronentorte (Mürbeteig),Macaroon torte (shortcrust pastry),452,9.5,7.4,22,54.6,3.14,0,35,27,32.8,9.15,94
U952000,"Schwein Schnitzel, paniert, gebraten ohne Fett (Pfanne)","Pork meat, breaded, fried without fat (pan)",178,57.2,26.66,3.66,9.24,0.72,0.2,549,21,0.62,1.19,98
Y395222,Schweinerippchen gekocht,Pork spare ribs boiled,372,40.6,28.52,28.34,0.813,0,0.38,800,7.2,0.813,10.145,112.82
X438163,Markklößchen,Small marrow dumplings,379,34.9,9.57,26.05,25.41,2.1,0.6,412,38,2.3,11.775,147
Y616233,"Sardinen in Weißwein, gebacken","Sardines in white wine, baked",127,77.5,10.22,8,2.4,1.3,1.94,179,41,2.4,1.2,25
T209232,"Seehecht tiefgefroren, pochiert","Hake deep-frozen, poached",92,77.61,18.169,2.17,0.0,0,-,125,58,0.0,0.382,48.5
Y862253,Schokoladen-Grießflammeri/Schokoladen-Grießpudding,Chocolate- semolina pudding,127,72.2,5,4.38,16.7,0.41,0,55,106,9.13,2.29,57
V250262,"Wildschwein Fleisch, tiefgefroren, gebraten ohne Fett (Ofen)","Wild boar meat, deep-frozen, fried without fat (oven)",191,63.759,25.034,10.054,0.0,0,0.29,108,12,0.0,3.511,84.6
K850500,Pilzcremesuppe Instantpulver,Cream of mushroom soup instant powder,338,3.34,11.9,4.5,60.0,5.5,0.003,4774,189,12.0,1.4,2.5
W381200,Westfälischer Panhas (Mehlblutwurst),Blood sausage with buckwheat flour,271,48.9,13.2,15.86,18.02,1.8,0.25,700,9,0.4,5.02,33
Y623612,Seelachsfilet gedünstet (mit Fett und Salz),Saithe fillet stewed (with fat and salt),122,76,17.511,5.7,0.06,0.103,0,275.8,22,0.06,0.84,54
G450252,"Spargel tiefgefroren, gedünstet","Asparagus deep-frozen, stewed",36,91.4,2.475,0.197,5.02,1.8,0,2.7,25.183,4.8,0.0352,0
Y642332,"Forellenfilet natur, gebraten",Trout fillet fried,183,65,23.572,9.4,0.156,0.012,7.7,176,91,0.156,1.53,64
W329000,Kräuterleberwurst,Liver sausage with herbs,210,64,18,14.97,0.73,0.2,0.38,700,9,0.22,5.6,122.13
X740963,"Teigwaren eifrei, mit Auberginen gedünstet mit Tomaten und Ricotta","Pasta egg-free, with aubergines stewed with tomatoes and ricotta",94,77,3.1,2.83,13.0,1.5,0,111,23,2.3,0.6,2.9
W117000,Mettwurst einfach,"Mettwurst sausage simple, spreadable",327,49.2,19.1,27.7,0.18,0.1,0.48,1100,8.4,0.0,10.7,73
X634012,"Kartoffelpüree mit Milch 3,5 % Fett",Potato puree with milk 3.5 % fat,88,81.5,2.35,2.98,12.43,0.923,0.005,118,41,1.74,1.883,9
R923000,Zitronensahne für Gebäck/Torten,Lemon cream for pastry/tortes,290,56.6,2.9,23.7,15.6,0.014,0.07,28,63,15.6,12.595,62.8
X171242,Grüne-Bohnen-Salat (gegart) mit Essigmarinade,Green bean salad (cooked) with vinegar marinade,99,83.4,1.76,8.51,2.8,1.5,0,153,55,1.83,0.66,0.171
Y462113,"Lammrücken gebraten im Ofen, mit Rosmarin und Sauce","Lamb loin fried in oven, with rosemary and sauce",181,63,23.7,8.4,2.0,0.43,0,276,10,0.27,1.7,70
X366143,Mandelsauce,Almond sauce,153,69.3,5.5,8.01,14.25,0.8,0,32,112,10.72,2.53,61
T204582,"Dorsch/Kabeljau, paniert, gebraten ohne Fett (Pfanne)",Cod breaded fried without fat (pan),217,53.3,16.6,8.28,18.34,1.13,0,639,33,0.98,0.9,29.2
S451000,Nuss-Nougat Rohmasse,Nut nougat raw paste,522,0.9,7.623,30.4,53.0,2.973,0,34,80,52.0,6.9,0.5
X346150,Meerrettichmayonnaise,Horseradish mayonnaise,597,27.2,2.7,63.52,2.58,0.9,1,413,34,1.92,5.18,122
X4B3010,"Maultaschen (mit Schweinebrät), Suppeneinlage",Pork mince-filled pasta squares as soup garnish,119,75.5,5.2,5.39,11.89,1.1,0.2,200,23,0.74,1.29,42
V913200,"Pastete von Hasenfleisch, gebacken","Pate made from rabbit, baked",219,57,19.27,12.07,7.9,0.62,0.1,700,14,0.07,5.6,78
M831500,"Speisequarkzubereitung mind. 40 % Fett i. Tr., mit Fruchtzubereitung, gesüßt","Quark preparation min. 40 % fat in dry matter, with fruit preparation, sweetened",140,72.2,6.29,6.37,13.77,0.1,0.09,28,76,13.25,3.55,16.8
Y611012,Matjesfilet nach Hausfrauenart,Matjes herring fillet homemade,160,72.8,7.82,12.7,2.8,0.3,10.3,1710,70,2.8,4.7,47
X5A6040,Spargelschinkenröllchen mit Käse überbacken,Asparagus-ham rolls with cheese gratinated,136,72.9,14.534,7.861,0.91,0.603,0.11,532,247,0.83,3.4,36
Y871363,Mousse au chocolat (Schokoladenschaum) mit Rum,Mousse au chocolat (chocolate mousse) with rum,322,48.9,5.8,24.84,16.7,2.15,0,54,63,16.1,13.05,147
W202000,Geflügeljagdwurst mit Schweinefleisch,Geflügeljagdwurst sausage made from poultry and pork,113,76,14.54,6,0.14,0.14,0.2,900,11,0.05,1.88,57.2
X9A3090,"Pirogge mit Sauerkrautfüllung, gebacken","Pirogue filled with sauerkraut, baked",225,53,6.2,8.81,27.0,4.5,0.1,377,59,2.65,4.16,65
R9A3400,Quarkfüllung für Gebäck/Torten,Quark filling for pastry/tortes,147,62.8,9.16,0.93,25.0,0.106,0.2,84,94,15.9,0.294,34
Y841843,Pfirsichkompott,Peach compote,58,83.4,0.6,0.092,12.96,1.4,0,1,6,12.1,0.008,0
E605200,"Schupfnudeln schwäbisch, roh","Finger-shaped pasta Swabian style, raw",188,53.2,6.81,2.52,33.26,2.58,0.2,476,16,0.421,0.4,37
W880300,Trüffelleberwurst Konserve,Truffle liver sausage canned,268,60.2,13.73,23.25,0.6,0.6,0.61,700,6,0.2,10.04,112.95
G570262,"Zuckermais tiefgefroren, gebacken","Sweetcorn deep-frozen, baked",86,71,3.9,1.608,12.3,3.6,0,2,2.907,4.45,0.215,0
U733262,"Schaf Filetsteak, tiefgefroren, gebraten ohne Fett (Ofen)","Sheep fillet steak, deep-frozen, fried without fat (oven)",146,66.17,29.26,3.21,0.0,0,0,56.3,6,0.0,1.46,79.23
H810100,"Erdnuss geröstet, im Teigmantel","Peanut roasted, crispy coated",509,5.7,15.3,30.5,40.7,5.1,0,690,30,6.7,7.2,0.2
Y9A1000,Chickenburger,Chicken burger,194,57.7,15.3,6.6,17.56,1.4,0,324,20,1.83,0.8,56
U051100,"Rind/Schwein, Frikadelle, roh","Beef/pork, patty, raw",190,67,13.57,13.17,4.0,0.5,0.4,522,21,0.6,4.963,58
B551700,Weizenmischbrötchen mit Schinkenspeck,Wheat-rye roll (> 50 % and < 90 % wheat) with bacon,290,26.5,9,2.75,54.0,6.02,0,600,21,1.7,0.86,0.71
X252810,Paprika-Gurken-Tomatensalat mit Essigmarinade,Sweet pepper-cucumber-tomato salad with vinegar marinade,84,87.7,0.83,7.23,2.89,1.3,0,57,12,2.88,0.54,0.145
T930800,"Fischfrikadelle (Alaska-Seelachs) paniert, tiefgefroren","Fishcake (Alaska pollock) breaded, deep-frozen",128,66,9.7,1.7,17.9,1.2,0,423,13,0.4,0.2,33
D7B1000,Buttergebäck (Mürbeteig) mit Cremefüllung,Butter biscuits (shortcrust pastry) with cream filling,440,18,6.3,22.88,51.0,2.24,0.4,59,30,20.04,13.83,99
B275500,Roggenmischbrot mit Zwiebeln,Rye-wheat bread (> 50 % and < 90 % rye) with onions,216,43,6.21,1.55,41.0,6.8,0,454,20,1.31,0.13,0.017
V486232,"Pute Brust, ohne Haut, tiefgefroren, gekocht","Turkey breast, without skin, deep-frozen, boiled",104,73.909,24.648,0.619,0.0,0,0.09,21,4.3,0.0,0.225,50
Y184612,Rindfleisch geschmort (mit Fett und Salz),Beef braised (with fat and salt),146,70,16,7.7,2.5,1.3,0.257,253,24,1.4,2.1,42.9
X651543,Bratkartoffeln gesüßt,Fried potatoes sweetened,197,60.4,2.366,11.927,18.84,2.429,0,178,10,1.263,0.82,0.243
W342000,Hessische Landrotwurst,Hessian blood sausage,214,62.8,20.16,14.61,0.45,0.1,0.33,800,7,0.25,5.62,91
Y8D6000,"Tiramisu fettreduziert, mit Likör","Tiramisu reduced-fat, with liqueur",219,52,7.9,6.6,30.0,1.16,0.4,83,53,21.0,3.18,70
X437363,Leberklößchen,Small liver dumplings,162,63.7,12.79,5.26,15.29,1,0.4,326,60,2.1,2.159,128
X8A1010,"Reisflockenbrei ungesüßt, mit Wasser, Apfelsaft und Rapsöl","Rice flakes porridge unsweetened, with water, apple juice and rapeseed oil",127,72.2,2.069,3.422,21.7,0.7,0,4,2,1.64,0.26,0.067
X422253,Hühnerbrühe mit Eierteigwaren,Chicken stock with egg pasta,19,96,1,0.4,2.64,0.2,0.01,354,5,0.07,0.1,0
X461423,Lauch-Eintopf mit Pökelnacken und Kartoffeln,Leek stew with cured pork neck and potatoes,87,81,5.53,4.2,6.0,1.2,0.04,500,22,1.9,1,13.05
X3A6010,Kokos-Currysauce vegan,"Curry sauce with coconut cream, vegan",191,73,2.3,18.3,2.4,3.7,0,111,9,2.4,14.6,0.032
X541263,Artischockenviertel gebraten mit Steinpilzen und Speck,Artichoke quarters fried with porcini mushrooms and bacon,122,72,6.34,7.4,2.97,8.9,0.06,500,40,2.2,1.8,12.44
X2A1070,"Kohlrabisalat (roh) mit Apfel, Haselnuss und Joghurtmarinade","Kohlrabi salad (raw) with apple, hazelnut and yogurt marinade",93,82.1,2.71,5.99,5.7,1.7,0,73,58,5.32,0.86,1.55
X200350,Tomaten-Gurkensalat mit Joghurtmarinade,Tomato-cucumber salad with yogurt marinade,28,94.1,1.21,0.95,2.82,1,0,30,22,2.82,0.24,0.65
X453123,Eingestreute Reissuppe mit Fleischbrühe und Gemüse,Rice soup with meat stock and vegetables,24,92,1.11,0.4,3.4,0.9,0,240,20,0.9,0.1,1
X441653,Königinsuppe,"""Königin"" soup",61,88,3.5,3.9,2.81,0.16,0,299,9,0.65,2.2,34
Y633212,Seezungenfilet gebraten,Sole fillet fried,105,76.1,19.392,2.8,0.128,0.039,5,252,36,0.125,0.61,58
W309000,Thüringer Fleischrotwurst fettreduziert,Thuringian blood sausage reduced-fat,128,72.3,20.57,4.68,0.77,0.1,0.23,800,8,0.29,1.54,102
X562153,"Karotten mit Erbsen und Bohnen gekocht, in Grundsauce hell/weiß","Carrots, peas and beans boiled, in white basic sauce",52,88,2,1.6,6.2,2.4,0.003,206,26,3.0,0.9,3
X382160,Frankfurter grüne Kräutersauce mit gekochtem Ei,Frankfurt green herb sauce with boiled egg,244,65.9,7.9,22.7,0.97,0.3,1,450,38,0.97,2.6,201
U672272,"Schwein Vordereisbein/Vorderhaxe, tiefgefroren, gegrillt","Pork foreshank (hock) deep-frozen, grilled",256,55.44,29.82,15.16,0.0,0,0.31,122.2,5.9,0.0,4.803,106.39
Y1A1000,Gulasch (mit Rindfleisch),Beef goulash,124,74.5,12.95,5.9,4.2,1,0.2,90,20,3.6,1.7,36
Y855643,Rhabarbergrütze,Rhubarb jelly,93,74.9,0.474,0.102,20.809,2,0,3,55,15.484,0.021,0
M821300,"Dessert aus Joghurt mild, Frischkäse und Fruchtzubereitung, gesüßt","Dessert with yogurt mild, cream cheese and fruit preparation, sweetened",108,77,4.87,3.82,13.0,0.2,1,25,67,12.0,2.17,9.9
Y396213,"Schweinebauch gefüllt, gebraten im Ofen","Pork belly filled, fried in oven",348,43,14.78,27,9.9,2.2,0.27,245,22,9.4,8.4,48.13
X326153,Currysauce von heller/weißer Grundsauce,Curry sauce from white basic sauce,58,90,0.79,4.5,3.57,0.22,0.009,314,5,0.59,2.8,10
W171700,Kümmelwurst (Rohwurst),"Sausage with caraway seeds, raw",336,45,23.23,27.04,0.0,0.018,0.55,1500,11.6,0.0,10.2,86
W275000,Mortadella süddeutsch,Mortadella South German,172,71,12.86,13.3,0.15,0.09,0.24,800,4.7,0.07,4.71,55.1
M259000,"Buttermilchdrink mit Fruchtzubereitung, gesüßt, angereichert mit Vitaminen","Buttermilk drink with fruit preparation, sweetened, fortified with vitamins",62,84.8,2.42,0.42,11.7,0,0,36,90,10.8,0.29,6
H960000,Hummus/Kichererbsenmus,Hummus/chickpea puree,324,50,5.9,28.5,8.0,5.9,0,392,58,0.7,3.5,0.05
Y441133,Hammelgulasch,Mutton goulash,254,62,6.6,23.3,4.0,0.7,0.155,283,11,1.5,8.4,36.9
X1A1070,Weißkrautsalat (gegart) mit rohem Mix aus Apfel-Karotte-Sellerie und Essigmarinade,White cabbage salad (cooked) with raw apple-carrot-celeriac mix and vinegar marinade,98,84,0.96,7.67,4.6,2.5,0,128,30,4.22,0.59,0.153
Y563212,Cordon bleu von der Pute gebraten,Turkey cordon bleu fried,229,55.3,21.9,11.85,8.32,0.63,0.2,273,147,0.67,3.47,76
X1A3020,"Salat aus Eierteigwaren, würzig, mit Mayonnaise, gestreckt mit Joghurt","Salad of egg pasta, savoury, with mayonnaise, diluted with yogurt",141,73.7,2.6,9.17,11.0,1.3,0,200,22,2.89,0.91,17
F034600,Smoothie grün (Früchte/Gemüse),Smoothie of green fruits and vegetables,46,86,1.3,0.3,8.0,2.1,0,11,48,6.6,0.07,0
X572153,Linsengemüse gekocht,Lentils boiled with mirepoix,67,81,4.707,0.4,9.0,3.9,0,54,22,0.9,0.05,0
D4A8700,Zitronenkuchen (Rührmasse),Lemon cake (cake batter),437,16,4.51,20.3,58.2,1.02,0.4,77,17,38.9,12.3,110
X9A3000,"Blätterteigtaschen gefüllt mit Blattspinat und Schafskäse, gebacken","Puff pastry pockets filled with leaf spinach and sheep's milk cheese, baked",360,42,8.9,27.43,18.0,2,0.2,399,126,0.6,17.57,139
D463500,Mohnstollen/Mohnstriezel (Hefeteig),Poppy seed stollen (yeast dough),329,33,11.5,16.8,30.0,5.9,0.2,36,362,14.1,3.7,44
T720172,"Languste gekocht, gegrillt","Spiny lobster/rock lobster/crawfish, boiled, grilled",111,71.587,23.295,2.027,0.0,0,-,285,125,0.0,0.238,258
T780272,"Europäische Auster tiefgefroren, gegrillt","European oyster deep-frozen, grilled",99,76.22,13.164,4.39,1.627,0,11,239,122,0.0,1.178,184
D3A7000,Eierlikörtorte (Schoko-Mandelbiskuit),Egg liqueur torte (chocolate-almond sponge cake),349,39,7.97,22.62,23.7,2,0,71,75,23.0,8.2,114
Y180512,Rindfleisch gekocht,Beef boiled,167,65,26.17,6.9,0.04,0.1,0.421,96,9,0.04,3,74.6
X6A3010,Kartoffelsouffle mit Broccoli,Potato souffle with broccoli,135,74.3,7.29,8.21,7.3,1.3,0.4,214,91,1.65,1.54,71
D7A3100,Muffins vegan (Rührmasse),Muffins vegan (cake batter),387,21,4.64,15.8,55.3,2.42,0,273,9,26.415,1.19,0.309
S581000,Vollmilchschokoladen-Riegel gefüllt mit Nougatcreme und Waffel,Whole milk chocolate bar filled with nougat cream and waffle,532,3.7,6.37,32.8,51.5,2.7,0,63,171,49.4,18.04,24
U891262,"Schaf Hinterhaxe, mager, tiefgefroren, gebraten ohne Fett (Ofen)","Sheep hindshank, lean, deep-frozen, fried without fat (oven)",143,67,27.3,3.77,0.0,0,0,98,6,0.0,1.184,87
X214110,Endivien-Tomatensalat mit Essigmarinade,Endive-tomato salad with vinegar marinade,116,83.4,0.9,11.35,1.51,1,0,107,31,1.5,0.82,0.23
Y560123,"Paprikahuhn gedünstet, mit Sauce","Paprika chicken stewed, with sauce",184,69,14.9,13,1.4,0.1,0.2,260,40,1.4,3.2,67
Y691913,Seehechtfrikassee,Hake fricassee,129,74,13.6,7.3,1.5,0.6,0,235,57,1.5,1.1,25.1
X639012,"Kartoffelpüree mit Milch 1,5 % Fett",Potato puree with milk 1.5 % fat,85,81.6,2.4,2.49,12.76,0.95,0.005,122,43,1.75,1.583,7
W211300,Käsewiener,Vienna sausage with cheese,247,62.9,12.9,21.69,0.06,0.04,0.33,800,206,0.0,9.15,55
Y814110,Apfel-Bananen-Birnensalat mit Honig gesüßt,Apple-banana-pear salad sweetened with honey,72,78.8,0.71,0.4,15.1,2.2,0,1,6,13.16,0.11,0
G992152,"Gemüsemischung Erbsen-Karotten, gedünstet","Mixed vegetables peas and carrots, stewed",62,85.7,3.3,0.427,9.115,3.9,0,12,23,3.726,0.094,0
Y8A4150,"Vanillepudding, Flammeri, zubereitet aus Pulver und Milch 1,5 % Fett",Vanilla pudding made from powder with milk 1.5 % fat,92,77.5,3.29,1.44,16.32,0.052,0,61,114,10.73,0.947,6
W882200,Kalbfleischsülze Konserve,Jellied veal canned,82,82.5,11.9,3.8,0.02,0.01,0.23,700,10,0.0,1.694,44
X327563,Grüne Eiersauce von heller/weißer Grundsauce,Green egg sauce from white basic sauce,77,87,3.61,5.6,2.8,0.2,0.4,300,20,0.6,2.7,85
W399400,Französische Schweinefleischterrine gebacken,French pork terrine baked,326,49.9,18.67,27.78,0.21,0.3,0.38,703.2,15,0.09,10.37,81.76
Y733143,"Schaumomelett gesüßt, gebraten, mit Zitronensaft beträufelt","Omelette souffle sweetened, fried, drizzled with lemon juice",238,61.2,10.6,17.9,8.537,0.004,2,178,53,8.537,3.32,411
X423553,Hühnerbrühe mit Reis,Chicken stock with rice,16,95,0.8,0.3,2.6,0.1,0,324,7,0.02,0.1,0
X446643,Tomatensuppe aus frischen Tomaten und Gemüsebrühe,Tomato soup of fresh tomatoes and vegetable stock,29,93,0.79,1.2,3.1,0.9,0,146,9,3.1,0.1,0.021
Y730343,Omelett gebraten mit Kräutern,Omelette fried with herbs,195,69.8,12.11,15.97,0.67,0.1,1.6,199,60,0.67,2.93,320
Y3A1000,Kasseler Pirogge (Kasseler im Hefeteig gebacken),"Pirogue with cured pork loin chop, baked",241,48,15.6,8.24,25.0,1.8,0.2,731,48,2.13,4.07,91
X1A9030,Tintenfischsalat mit Essigmarinade,Cuttlefish salad with vinegar marinade,100,82,7,6.9,1.8,0.9,0,306,25,1.8,0.67,114
X459723,Fisch-Pichelsteiner mit Seelachs,"Fish-vegetable stew ""Pichelsteiner"" with saithe",92,80,8.01,2.7,8.0,1.3,0,94,22,1.7,0.4,21
W396000,"Hirschfleischpastete mit Alkohol, gebacken","Venison meat pate with alcohol, baked",231,58.5,21.13,15.68,0.9,0.7,0.48,700,14,0.6,6.1,100
X7A2000,Nudelpudding (Teigwaren eifrei) mit Kochschinken,"Pudding of pasta egg-free, with boiled ham",149,66.5,9.8,5.2,15.2,0.613,0,240,110,0.8,2.4,76
B511200,Weizenbrötchen mit Schinkenspeck,Wheat roll with bacon,296,26.5,9.6,2.75,56.0,4.21,0,600,18,1.9,0.87,0.68
D461300,Bienenstich (Hefeteig),Bee sting cake (yeast dough),332,38,6.44,19.34,32.0,2,0.1,45,72,16.47,9.6,49
M276300,"Joghurt mind. 3,5 % Fett, mit Frucht-Schokoladenzubereitung, gesüßt","Yogurt min. 3.5 % fat, with fruit-chocolate preparation, sweetened",104,77.4,3.46,3.5,13.93,0.2,0,35,95,13.21,2.24,7.6
Y663232,"Zanderfilet Müllerinart (mehliert, gebraten)","Pike-perch fillet floured, fried",107,73.4,18.89,1.3,4.02,0.41,2.4,154,57,0.363,0.18,69
X092050,"Haferflocken ungesüßt, mit Milch 3,5 % Fett und Fruchtmischung","Oat flakes unsweetened, with milk 3.5 % fat and mixed fruit",136,65.5,5.08,3.3,19.6,3.5,0,15,60,5.51,1.262,5.4
S538400,Vollmilchschokolade mit Rosinen und Haselnüssen (alkoholhaltig),Whole milk chocolate with raisins and hazelnuts (alcoholic),520,4.7,6.3,31.6,49.6,3.1,0.02,60,171,49.0,17.1,13.8
Y8A4030,Grießbrei (als Dessert) mit Schokoladensauce,Semolina pudding (as dessert) with chocolate sauce,110,76.5,4.24,4.13,13.6,0.38,0,41,117,7.85,2.56,13.8
X4A4010,Paprikacremesuppe,Cream of sweet pepper soup,61,90,0.88,4.4,3.9,1,0.01,155,15,3.9,2.4,11
X8A1020,Leberrisotto/Leberreis,Liver risotto,153,66,7.8,4.7,19.5,0.7,0.1,201,7,0.8,0.7,49.47
W333000,Hannoversche Weißwurst,Hanoverian white sausage,256,59.4,17.82,20.27,0.46,0.1,0.34,738,8,0.35,7.71,91.53
Y847140,Orangencreme abgeschlagen (mit Gelatine) mit Weißwein,Orange cream (with gelatine) with white wine,190,68.5,3.4,12.8,12.59,0.039,1,20,47,12.59,6.14,127
X5A1020,Kichererbsenbratlinge gebraten,Chickpea patties fried,190,55,9.4,5.1,22.0,9.3,0.2,158,50,1.6,0.7,45
U281232,"Rind Keule, tiefgefroren, gekocht","Beef round, deep-frozen, boiled",187,63.2,28.6,8.1,0.0,0,0.455,50,7.3,0.0,2.526,79.4
X216510,Radieschensalat mit Essigmarinade,Salad of small red radishes with vinegar marinade,69,88.2,0.97,5.74,2.3,1.3,0,60,25,2.16,0.43,0.115
X070260,"Clubsandwich mit Thunfisch, Gurke, Emmentaler und Mayonnaise","Club sandwich with tuna, cucumber, Emmental cheese and mayonnaise",242,53.9,11.9,13.72,16.6,1.6,0,475,183,1.7,4.39,38
X459363,Krebssuppe,Crayfish soup,32,91,5,0.9,0.4,0.14,0.001,297,29,0.1,0.4,67
X203850,Griechischer Salat,Greek salad,107,84,3.77,8.73,2.3,1,0.2,203,55,2.2,2.6,35
Y877012,"Sahneflammeri/Sahnepudding, mit Früchten",Cream pudding with fruit,185,65,2.7,10.7,18.9,0.8,0,37,75,13.61,5.52,64
D1A4000,Apfelkuchen vegan (Rührmasse),Apple cake vegan (cake batter),198,55,2.2,7.51,29.1,2.33,0,97,7,14.7,0.55,0.147
X510043,"Pilze gedünstet, mit saurer Sahne","Mushrooms stewed, with sour cream",110,79.5,4.08,8.6,3.5,2.3,0,110,30,1.9,1.8,9
Y504322,"Rehschnitzel paniert, gebraten","Roe deer schnitzel breaded, fried",228,54.3,24.08,10.95,8.03,0.63,0.5,261,13,0.47,1.41,100
D653100,Liegnitzer,"""Liegnitzer"" filled gingerbread with chocolate icing",403,12,6.3,14.1,60.4,4.2,0.2,119,34,45.0,6.6,43
X744263,Eierteigwaren gebraten mit Steinpilzen und Tomaten,Egg pasta fried with porcini mushrooms and tomatoes,109,71,4.4,2.2,17.0,2.2,0.03,145,20,1.0,0.3,1
T932200,"Seelachs im Backteig, tiefgefroren","Saithe/pollack, in frying batter, deep-frozen",227,56,13,11.1,18.11,1.3,0,332,17,0.58,1.13,33
X325143,"Meerrettichsauce von Bechamelsauce mit Milch 3,5 % Fett",Horseradish sauce from Bechamel sauce with milk 3.5 % fat,115,77.9,4.45,7.08,7.86,0.74,0.008,75,119,4.8,4.47,22
X740763,Eierteigwaren gebraten mit Thunfisch,Egg pasta fried with tuna,117,69,6.6,2.25,17.0,1.3,0.2,161,23,1.2,0.32,8
D464200,Nusskranz (Hefeteig),Nut ring cake (yeast dough),351,27,8.5,13.5,47.0,3.1,0.1,46,50,19.46,4.24,30
D200300,Erdbeerkuchen (Rührmasse) mit Klarguss,Strawberry cake (cake batter) with gelatin glaze,133,72.1,2.62,4.78,18.46,1.8,0.1,17,16,9.53,2.66,32
Y693723,Kabeljaufilet im Backteig (mit Bier) frittiert,Cod fillet in frying batter (with beer) deep-fried,221,57.7,14.8,11.8,12.84,0.94,0,201,29,0.211,1.24,81
X9A3060,"Pastete (Mürbeteig) mit Champignon-Käsefüllung, gebacken","Pate (shortcrust pastry) with button mushroom-cheese filling, baked",302,46,10.6,19.58,20.0,2.1,0,300,135,0.3,10.51,113
W155000,Aalrauchmettwurst,Aalrauchmettwurst sausage firm,358,42.9,22.6,29.57,0.21,0.12,0.45,1500,13.2,0.0,11.3,81
X469033,Borschtsch (Rote-Bete-Suppe),"""Borschtsch"" (beetroot soup)",57,87,4.35,2.6,3.4,0.9,0.1,150,20,2.2,0.8,12
G650252,"Schwarzwurzel tiefgefroren, gedünstet","Black salsify deep-frozen, stewed",61,76,1.434,0.444,8.6,5,0,5,51,3.9,0.048,0
X454443,Grünkernmehlsuppe,Green spelt flour soup,51,91,1.1,3.9,2.69,0.44,0,278,12,0.71,2.3,31
Y865312,Johannisbeerkompott mit Süßstoff,Red currant compote with artificial sweetener,30,89,1.118,0.155,3.34,2.7,0,10,33,3.34,0.03,0
T780252,"Europäische Auster tiefgefroren, gedämpft","European oyster deep-frozen, steamed",69,83.17,8.036,3.5,1.298,0,9,162,98,0.0,0.94,146
X562063,"Karotten/Möhren, gekocht, in Butter geschwenkt","Carrots boiled, tossed in butter",65,85.4,0.86,3.288,6.296,2.9,0.007,149,23,6.197,1.947,8
X498163,"Biersuppe gesüßt, gebunden mit Stärke","Beer soup sweetened, thickened with starch",78,82.9,2.4,2.6,10.06,0.016,0,19,62,7.5,1.31,43
D380200,Käsetorte (Mürbeteig),Cheese torte (shortcrust pastry),261,49,8.4,12.1,28.9,0.69,0,76,79,17.48,6.56,87
X162612,Karottensalat (gegart) mit warmer Essigmarinade,Carrot salad (cooked) with warm vinegar marinade,66,86,0.72,3.9,5.19,2.2,0,106,19,5.11,0.3,0.073
Y8D8012,"Sahnepudding, Flammeri, zubereitet aus Pulver, Milch 3,5 % Fett und Sahne",Cream pudding made from powder with milk 3.5 % fat and cream,198,66.2,2.9,13.52,16.2,0.052,0.034,61,97,10.61,7.397,38.5
X446813,Rote-Bete-Suppe mit Apfel und Meerrettich,Beetroot soup with apple and horseradish,29,92,0.82,1.2,3.4,0.7,0.002,216,9,3.28,0.8,2
N390100,Cola-Misch-Getränk Orange,Cola Mix (cola beverage caffeinated with orange soft drink),36,91.5,0.015,0,9.0,0.005,0,1,1,9.0,0,0
T730182,"Hummer gekocht, gebraten ohne Fett (Pfanne)","Lobster boiled, fried without fat (pan)",95,77.224,17.267,2.896,0.0,0,-,297,93,0.0,0.3654,135.3
R9A1100,Himbeersahnecreme für Gebäck/Torten,Raspberry cream for pastry/tortes,208,63.6,2.1,13.7,17.5,1.7,0.04,17,41,17.5,7.231,36
Y273632,Kalbsleberspießchen gegrillt,Veal liver skewer grilled,198,59.2,13.63,11.93,8.4,1.2,0.27,500,15,5.54,2.89,156
D660600,Schokoladen-Haselnussmakronen,Chocolate hazelnut macaroons,505,6.3,9.4,29.5,48.2,4.4,0,43,67,47.628,5.04,0.5
D312900,Trüffeltorte (Schoko-Wasserbiskuit),Truffle torte (chocolate water sponge cake),363,29,6.79,17.49,42.9,3.37,0.4,81,42,30.7,9.6,92
D330500,Schokoladen-Nusstorte (Rührmasse),Chocolate nut torte (cake batter),431,21,7.12,25.16,42.2,3.7,0.3,77,51,27.7,12.27,81
Y851312,Fruchtgrütze zuckerreduziert,"Fruit jelly, sugar-reduced",88,75.9,1,0.3,17.5,2.9,0,2,21,12.2,0.026,0
W364000,Fränkischer Fleischpresssack,Franconian pork brawn,237,61.9,18.09,18.17,0.18,0.1,0.3,700,7,0.06,6.48,71.19
E603000,Eier-Frischteigwaren Ravioli (Fleischfüllung) roh,Fresh egg pasta Ravioli (meat filling) raw,235,46,9.8,5.5,35.0,3,0.1,600,23,1.6,1.37,24
X850353,Gemüserisotto,Risotto with vegetables,121,71,2.8,2.9,19.8,2.1,0,122,14,2.9,0.3,0.052
Y880160,Quarkcreme,Quark cream,127,73.4,8.5,5.27,10.89,0,0.014,32,107,10.89,2.88,16.1
S680000,Eiskonfekt,Ice confectionery,601,0.9,2.4,42.7,51.3,0.5,0,150,150,51.1,36.9,3.9
Y838312,Bananenkompott,Banana compote,101,70.5,1.053,0.3,22.21,1.6,0,2,7,20.65,0.061,0
X324263,Kräutersauce von heller/weißer Grundsauce,Herb sauce from white basic sauce,85,87,0.96,7.4,3.59,0.2,0.018,287,13,0.9,4.4,18
W308000,Feine Leberwurst fettreduziert,"Liver sausage finely minced, reduced-fat",163,68.6,19.9,8.89,0.75,0.1,0.34,700,7,0.08,3.27,146.04
S211500,"Speiseeis Vanille, in Waffeltüte","Vanilla ice cream, in waffle cone",221,56.6,3.21,10.94,26.8,0.8,0,38,63,18.2,7.05,32
K270000,Gnocchi roh,Gnocchi raw,152,58.18,3.88,0.61,31.9,1.84,0,520,20.7,0.408,0.04,0
X444453,Spargelcremesuppe,Cream of asparagus soup,58,91.4,0.87,4.7,2.87,0.4,0.011,50,14,1.46,2.77,12
S539300,Vollmilchschokolade gefüllt mit Nuss-Gewürzcreme,Whole milk chocolate with nut-spice cream,576,0.8,5.78,38.64,50.2,2.2,0.01,52,148,49.8,18.41,10.3
W982300,"Jagdwurstpastete mit Mürbeteig, gebacken","Pate made from Jagdwurst sausage, with shortcrust pastry, baked",251,55.5,16.56,17.07,7.14,1.19,0.2,600,7,0.054,7.26,62
Y8A5020,Pannacotta,Pannacotta,330,55.4,3.4,30.9,9.545,0,0.092,51,80,9.545,16.434,82
R9A1000,Erdbeersahnecreme für Gebäck/Torten,Strawberry cream for pastry/tortes,206,65,2,13.7,17.8,0.7,0.04,17,42,17.8,7.238,36
Y842153,Fruchtkompott,Fruit compote,71,82.7,0.56,0.3,15.6,1.1,0,2,10,14.58,0.08,0
X558063,"Zucchinischeiben paniert, gebraten","Courgette slices breaded, fried",154,72,6.4,8.56,12.0,1.5,0.4,225,71,1.9,1.65,72
D312600,Buchweizentorte (Wasserbiskuit) mit Heidelbeersahnecreme,Buckwheat flour torte (water sponge cake) with blueberry-cream,259,51,5.8,13.3,27.5,2.2,0.3,64,43,17.68,6.18,84
Y0A2010,"Fleischküchlein fein (Schwein/Kalb, Hackfleisch) gebraten",Small meatballs (pork/veal mince) fried,212,63,14.33,13.91,7.0,0.5,0.4,247,52,1.8,4.3,88
T601252,"Barsch/Flussbarsch, tiefgefroren, gedünstet","European perch deep-frozen, stewed",70,81.7,16.24,0.6,0.0,0,2.7,47,129,0.0,0.093,85
D464300,Mandelkranz (Hefeteig),Almond ring cake (yeast dough),337,27,9.2,11.6,47.0,3.4,0.1,46,42,19.44,4.1,30
D6A9000,Englischer Teekuchen glutenfrei,English tea cake gluten-free,359,28,4.4,18.1,42.3,2.7,0.4,94,40,23.7,10.7,114
X677042,Kartoffelklöße halb und halb,Potato dumplings (made from half raw and half boiled potatoes),105,72.9,3.84,1.04,19.26,1.81,0.2,122,12,0.602,0.27,34
Y713152,Eier im Ausbackteig gebraten,Eggs in frying batter fried,208,63,11.56,13.54,9.6,0.64,1.3,192,58,0.89,2.6,265
Y689132,"Riesengarnelen mariniert, gegrillt","King prawns marinated, grilled",181,64,24,9.2,0.12,0.172,0,192,123,0.12,0.94,176.57
X518053,Kaisergemüse gedünstet,Mixed vegetables stewed,64,87,2.02,3.9,4.2,2.4,0,120,27,3.01,0.3,0.073
Y175133,Gebratene Rinderkutteln mit Ei aus Bologna,Fried beef tripe with egg,329,51,18.3,28.2,0.4,0.3,0.7,727,156,0.4,8.8,226
Y782012,Käsesoufflee,Cheese souffle,338,48.1,14.9,28.3,5.6,0.36,1,310,380,1.0,16.2,296
Y829243,Schwarzbrotauflauf mit Schokolade,Brown bread casserole with chocolate,321,36.8,6.1,16.3,35.9,3,0,172,51,24.2,6.5,116
Y780863,"Camembert paniert, frittiert","Camembert cheese breaded, deep-fried",294,51.1,18.41,22.07,5.09,0.39,0.4,505,426,0.48,11.13,138
W256100,Leberkäse,Leberkaese sausage,295,57.9,11.8,27.4,0.17,0.06,0.48,599,4,0.0,9.2,61
X3A9040,Schmand-Dip mit Schnittlauch,Schmand dip with chives,184,73.4,2.632,17.6,2.8,0.1,0.4,245,95,2.8,9.1,57
Y0A2020,Hackfleisch-Kohlpudding,Minced meat-cabbage pudding,247,58,18.15,17.8,2.74,1.5,1,402,47,2.66,6.55,95
D420000,Feines Früchtebrot (mit Roggenbrotteig zubereitet),Fruitcake (prepared with rye bread dough),286,25,3.9,5.3,51.0,8.5,0,68,76,42.1,0.5,0
Y855153,Apfelgrütze,Apple jelly,92,75.4,0.301,0.2,21.2,1.083,0,3,6,19.294,0.096,0
V880300,Hähnchencreme (Brotaufstrich),Chicken cream spread,300,57,12.9,26.7,1.75,0.4,0.1,424,20,1.66,16.01,104
X327463,Mornaysauce von Bechamelsauce,Mornay sauce from Bechamel sauce,166,74,5.9,13.8,4.3,0.17,0,219,156,2.03,7.6,109
Y616433,"Sardinen mit Fenchelsamen, gedünstet","Sardines with fennel seeds, baked",139,75,14.118,7.98,2.1,1,2.22,208,43,2.1,1.45,35
X013040,Pumpernickel mit Krabbencreme,Pumpernickel with shrimp cream spread,146,64.1,8.505,5.8,12.7,3.714,0.1,291,77,1.4,2.6,71
X643113,"Eierkartoffeln mit Tomaten, überbacken","Potatoes with eggs and tomatoes, gratinated",96,80.8,3.2,5.6,7.5,1.2,0.2,80,30,2.4,2.1,47
Y7A3000,Basilikumbutter,Basil butter,551,35.5,2.7,59.1,1.7,0.5,0.2,180,50,1.5,35.4,145
Y861753,"Schokoladenpudding, Flammeri, zubereitet aus Pulver und Milch 3,5 % Fett",Chocolate pudding made from powder with milk 3.5 % fat,115,73.8,3.56,3.3,17.4,0.45,0,60,107,12.1,2.1,12.3
P288600,Rotweinpunsch,Red wine punch,85,84,0.2,0,5.13,0.023,0,2,7,5.11,0.002,0
X571163,"Grüne Bohnen gekocht, in Butter geschwenkt","Green beans boiled, tossed in butter",63,86.7,2.121,4.311,3.2,1.804,0.01,132,64,2.1,2.686,11
S538700,Vollmilchschokolade mit Trüffelfüllung (alkoholhaltig),Whole milk chocolate with truffle filling (alcoholic),519,9.4,5.77,33.94,44.6,3.1,0,58,153,43.4,20.3,29
B723000,Laugengebäck mit Hagelsalz,Pretzel salted,282,25,9.132,4.113,50.0,3.746,0,1124,59.5,1.4,0.97,0
W335000,Blutbregenwurst,Bregenwurst blood sausage,140,72.7,17.26,7.78,0.28,0.1,0.16,800,8,0.12,2.66,947
W982100,"Bierschinkenpastete mit Mürbeteig, gebacken","Beer ham pate with shortcrust pastry, baked",280,50.7,18.05,19.53,7.57,0.62,0.2,1100,7,0.32,8.04,66
W252000,Göttinger Bierwurst/Göttinger Blasenwurst,Göttinger Bierwurst,236,66.2,10.17,21.68,0.08,0.04,0.38,800,7,0.0,8.4,48
D660800,Schokoladen-Makronen,Chocolate macaroons,468,5,11.9,23.6,49.2,5.4,0,45,43,48.676,4.67,0.5
Y695322,Seelachsschnitten gegrillt,Fish slices of saithe grilled,124,74.7,21.072,4.3,0.077,0.018,0,73.8,24,0.076,0.8,67
W211100,Bockwurst,Bockwurst,273,59.3,13.1,24.5,0.0,0.06,0.36,900,4.8,0.0,8.97,43
X348360,Apfelmeerrettich,Apple-horseradish cream,130,72.1,2.43,7.6,11.1,2.6,0,166,33,9.32,0.63,0.147
D741600,Donut (Hefeteig) frittiert,Doughnut (yeast dough) deep-fried,336,33.8,7.3,14.8,41.9,2.8,0.1,32,35,6.34,7.6,45
X5A1010,Gemüsewaffeln pikant,Vegetable wafers savoury,182,62,9.44,6.9,18.56,4.02,0.5,190,62,2.66,1.62,111
D754100,Rheinische Mutzen (Nudelteig) frittiert,"""Rheinische Mutzen"" pastry (pasta dough) deep-fried",323,30,8.58,9.1,50.3,2.8,0.4,56,22,12.5,3.5,82
Y670042,"Aal in Rotwein mariniert, pochiert","Eel in red wine marinated, poached",219,69,9,19.5,0.52,0.1,16,95,23,0.51,5.5,136
Y872812,Zitronencreme (mit Gelatine),Lemon cream (with gelatine),158,71.7,5.6,9.8,10.61,0.168,0.06,33,75,10.6,5.08,24
R144100,"Frucht-Chutney, Würzsoße",Fruit chutney,282,26,0.6,0.33,68.0,1.4,0,1185,21,66.4,0.07,0
X255010,Tomatensalat mit Essigmarinade,Tomato salad with vinegar marinade,86,87.1,0.83,7.47,2.89,1.1,0,60,11,2.88,0.53,0.151
W222700,Rindsbratwurst,Beef-Bratwurst,213,67.9,10.884,18.78,0.0,0,0.2,763,15.2,0.0,8.112,46
X871213,Reisauflauf mit Kochschinken und Käse,Rice casserole with boiled ham and cheese,177,64.8,9.51,8.35,15.4,0.6,0.2,344,86,1.02,3.69,68
Y134012,"Rinderrumpsteak gebraten, mit gebratenen Zwiebeln","Beef rump steak fried, with fried onions",155,70.3,22.62,6.03,2.14,0.5,0.289,260,12,2.12,2,50.1
X5A4010,Chicoree mit Speck geschmort,Chicory braised with bacon,59,86,3.38,3.6,2.6,0.9,0,300,60,1.7,1.5,9
W275200,Helle Zungenwurst,Light pork tongue sausage,286,55.9,17.3,24,0.22,0.12,0.24,800,5.4,0.15,4.26,64.4
D4A7100,Mandarinen-Schmand-Kuchen (Quark-Öl-Teig),Mandarin heavy sour cream cake (quark oil dough),198,61,3.97,9.38,23.6,0.9,0.1,77,70,13.2,3.1,17
D9A3300,Käsekuchen (Vollkornmürbeteig),Wholemeal cheesecake (shortcrust pastry),274,47.5,8.57,14.2,26.57,1.79,0.2,77,79,15.36,6.225,53
X5A4020,Spinatauflauf/Spinatpudding,Spinach casserole/spinach pudding,123,72.2,5.3,5.51,12.16,1.9,0,283,71,1.33,2.57,83
X444112,Kräutercremesuppe,Cream of herb soup,93,87,0.91,9.2,1.5,0.1,0.026,245,26,1.5,5,24
X412513,Fleischbrühe mit Flädle,Meat stock with strips of crepe,55,88,2.07,2.8,5.17,0.35,0.1,229,21,0.51,0.5,20
Y221013,"Kalbskotelett gebraten, mit gebratenen Champignons","Veal chop fried, with fried button mushrooms",104,76,16.91,3.4,1.2,0.8,0.216,144,14,0.2,0.89,54
D621000,"Waffeln, einfache (Rührmasse)",Waffles (cake batter),459,15,8.19,24.83,49.8,1.61,0.6,148,43,24.14,14.69,170
Y781112,"Mozzarella paniert, frittiert","Mozzarella cheese breaded, deep-fried",295,52,16.62,22.93,5.05,0.39,0.4,232,293,0.48,11.52,136
X951133,"Grießbrei gesüßt, mit Butter und Ei","Semolina porridge sweetened, with butter and egg",114,76.8,4.6,5.08,12.16,0.33,0,46,108,6.29,3.05,37
V513282,"Schwein Herz, tiefgefroren, gebraten ohne Fett (Pfanne)","Pork heart, deep-frozen, fried without fat (pan)",160,67.42,24.7,6.81,0.0,0,0.39,143.8,6.6,0.0,2.55,109.28
X4A1030,Gemüsebrühe mit Hühnerfleisch und Reis,Vegetable soup with chicken and rice,65,87,5.66,3.6,2.5,0.1,0,214,8,0.39,1.1,26.4
X348140,Sahnemeerrettich,Horseradish cream,155,68.2,4.492,10.6,8.503,2.713,0.031,318,76,6.342,5.581,27.7
D3A3000,Erdbeer-Sahnecremetorte (Wasserbiskuit),Strawberry-cream torte (water sponge cake),290,54,3.8,22,18.5,1.2,0.1,59,47,7.7,12.21,68
W317100,Leberpresssack einfach,Liver brawn simple,291,56.4,15.3,25.3,0.47,0.1,0.67,720,7,0.11,11.27,103.12
Y593112,Entenfleisch im Backteig (mit Bier) frittiert,Duck meat in frying batter (with beer) deep-fried,370,38.2,17.7,26.1,15.18,1.12,1,118,23,0.149,5.66,128
D750700,Marzipanstangen (Rührmasse),Marzipan sticks (cake batter),498,8,6.39,28.6,51.7,4.29,0.2,31,28,30.0,15.23,65
X4A6000,Fenchelsuppe mit Orangenfilets,Fennel soup with orange fillets,40,92,0.74,2.9,2.2,0.9,0.004,212,18,2.1,1.7,7
Y634433,"Seezunge Müllerinart (mehliert, gebraten)","Sole floured, fried",108,75.2,18.18,2.6,2.58,0.23,5,237,33,0.089,0.57,53
W203000,Jagdwurst fettreduziert,Jagdwurst sausage reduced-fat,112,76.2,16.81,4.9,0.09,0.05,0.12,900,4.1,0.0,1.72,48.15
W319200,Champignonleberwurst,Button mushroom liver sausage,250,62.9,12.87,21.58,0.9,0.3,0.57,700,5,0.2,9.32,104.79
Y995040,"Vanillesahneeis mit Schlagsahne, frischen Erdbeeren und Rum","Vanilla cream ice cream with whipped cream, fresh strawberries and rum",157,76.1,1.7,12.09,6.69,1.1,0,15,44,6.66,6.19,53
M831300,"Speisequarkzubereitung mind. 20 % Fett i. Tr., mit Fruchtzubereitung, gesüßt","Quark preparation min. 20 % fat in dry matter, with fruit preparation, sweetened",122,73,7.03,3.51,14.97,0.2,0.039,30,77,13.15,2.01,9.1
D288100,Pfirsichtorte (Mürbeteig) mit Klarguss,Peach torte (shortcrust pastry) with gelatin glaze,189,62.6,2.7,9.15,23.15,1.7,0.1,14,9,10.32,5.63,35
X468713,Gaisburger Marsch,"""Gaisburger Marsch"" (stew with beef, vegetables, potatoes and fresh egg pasta spaetzle)",79,81,6.75,2.6,6.7,0.9,0.1,182,15,0.8,0.8,21
T815900,"Krabben in Dillcreme, Präserve","Common shrimp in dill cream, semi-preserved",309,54.5,10.2,27.243,5.483,0.012,0,611,72,4.441,2.54,150
D0A3200,Nussboden (mit Eiklar zubereitet),Nut cake base (prepared with egg white),391,21.7,8.4,17.8,48.2,2.2,0,75,45,43.292,1.479,0
Y160122,"Rinderfilet gebraten im Ofen, ohne Sauce","Beef fillet fried in oven, without sauce",191,66.9,24.49,10.35,0.01,0,0.37,258,4.3,0.0,3.08,64.2
X3A1000,Biersauce,Beer sauce,56,87,0.9,3.3,4.2,0.4,0,155,16,2.5,0.64,5
T940200,"Kabeljau im Backteig, tiefgefroren","Cod in frying batter, deep-frozen",216,56.9,12.2,10.26,18.11,1.3,0,343,21,0.58,0.88,19
X462023,"Gemüse-Eintopf/Gemüsepichelsteiner, mit Rind- und Schweinefleisch","Vegetable stew ""Pichelsteiner"" with beef and pork",94,81,5.17,5.1,6.0,1.7,0.07,147,22,2.0,1.4,11.8
X9A3070,"Pie (Mürbeteig) gefüllt mit Gemüse und Schweinehackfleisch, gebacken","Pie (shortcrust pastry) filled with vegetables and pork mince, baked",377,38.2,9.1,26.9,23.49,2.2,0,143,28,1.34,14.3,126
G322242,"Grünkohl tiefgefroren, gedämpft","Curly kale deep-frozen, steamed",51,84.72,4.028,0.648,3.21,8.039,0,22,275,2.557,0.1,0
Y2A1000,"Kalbfleischpastete (Mürbeteig) mit Speck und Kochschinken, gebacken","Veal pate (shortcrust pastry) with bacon and boiled ham, baked",307,44,15,18.6,18.9,1.3,0,500,19,1.0,9.13,129
X364003,Kirschsauce gebunden,Cherry sauce thickened,106,74.6,0.585,0.3,23.938,0.7,0,2,8,22.574,0.073,0
W278200,Kalbsroulade mit Lachsschinken (mit Schweinefleisch),"Veal roulade sausage with dry-cured, smoked, rolled lean pork loin",147,72.4,15.87,9.01,0.42,0.01,0.2,800,7,0.41,3.67,60
M231500,"Sahnekefir mind. 10 % Fett, mit Fruchtzubereitung, gesüßt","Kefir min. 10 % fat, with fruit preparation, sweetened",136,75.9,2.396,7.9,13.26,0.1,0,34,89,12.82,5.3,29
X566063,Selleriepüree,Celeriac puree,23,93,1.11,0.6,1.9,2.3,0,220,30,1.5,0.2,1
V475282,"Gans Schenkel tiefgefroren, gebraten ohne Fett (Pfanne)","Goose leg (with skin) deep-frozen, fried without fat (pan)",206,65.24,24.49,11.96,0.0,0,0.39,95,7.6,0.0,3.364,143.8
X4A2000,Terlaner Weinsuppe,"Wine soup ""Terlan""",70,88,1.6,6.5,0.51,0,0,237,25,0.51,2.9,94
X252640,Gurkensalat mit Joghurtmarinade,Cucumber salad with yogurt marinade,35,93.9,1.47,1.83,2.33,0.8,0,67,32,2.33,0.45,1.28
Y839243,"Buchweizengrütze (mit Milch 3,5 % Fett)",Buckwheat groats (with milk 3.5 % fat),161,61.5,7.03,4.9,20.93,2.27,0,134,155,3.14,1.87,10
X655452,Kartoffel-Gemüse-Kuchen,Potato-vegetable cake,94,78,4.417,4.2,8.7,1.9,0.2,124,78,1.7,1.59,46
W134000,Zervelatwurst fettreduziert,Zervelatwurst sausage reduced-fat,252,52.6,25.54,16.49,0.21,0.12,0.37,1500,16.7,0.0,6.4,75
U711272,"Schaf Filetmedaillon, tiefgefroren, gegrillt","Sheep fillet medaillon, deep-frozen, grilled",161,63.28,31.25,3.95,0.0,0,0,64.4,6.6,0.0,1.209,83.76
X937510,"Erdbeermilch mit Milch 1,5 % Fett",Strawberry milk with milk 1.5 % fat,54,86.6,2.37,1.1,7.96,0.7,0,21,78,7.94,0.612,4
X740162,Eierteigwaren mit Butterflöckchen,Egg pasta with flakes of butter,164,60.1,5,5.312,23.309,1.253,0.07,136,27,0.61,3.227,13
Y875140,Ambrosiacreme (Saure-Sahne-Creme mit Rum),Cream made from sour cream with rum,131,71.9,4.2,4,17.7,0.009,0.1,40,70,17.7,2.1,13
Y650313,Karpfen pochiert im Wurzelsud,Carp poached in root vegetable stock,76,82,9.825,2.87,1.8,1.5,0,58,70,1.8,0.739,49
Y8A2000,Mandelkrokant,Almond brittle,549,4.9,14.868,42.635,22.97,6.8,0,4,59.4,22.806,10.22,30
X468263,Hamburger National (Steckrüben-Kartoffel-Eintopf mit Poularde),"Swede-potato stew with poulard ""Hamburg National""",64,86,4,2.8,5.0,1,0.1,40,20,1.4,0.4,15
E632132,Dinkeleierteigwaren gekocht,Spelt egg pasta boiled,139,66.88,5.71,0.9,25.61,2.57,0.1,3,9,0.179,0.16,14
X556263,"Tomaten gefüllt mit Kräuter-Brot-Parmesan-Mischung, gegrillt","Tomatoes filled with herb-bread-parmesan mix, grilled",165,72,3.95,12.42,8.0,2,0.04,332,90,3.32,2.06,4.2
W172100,Knoblauchwurst einfach,Garlic sausage simple,573,22,17.92,55.65,0.0,0.14,0.83,1500,21.6,0.0,21.9,81
D770100,Mohnschnecken (Blätterteig),Danish swirl (puff pastry) with poppy seeds,464,19.7,9.59,32.17,31.03,6.03,0.05,80,372,13.01,15.37,59
Y639212,"Rotzunge mehliert, gebraten","Witch floured, fried",102,75.1,17.58,1.9,3.14,0.26,5,266,36,0.127,0.19,17
X850453,Schinkenrisotto,Risotto with ham,148,66,4.97,4,22.5,0.8,0,200,6,0.91,0.4,7.07
D7A6700,"Langos (Hefeteig) frittiert, ungefüllt","Langos (yeast dough) deep-fried, unfilled",340,25,8.63,10,52.0,3.96,0,487,27.9,2.16,4.3,2.1
Y444123,Lammragout mit Karotten,Lamb ragout with carrots,165,70,11.09,11.2,4.31,1,0,266,19,1.95,3.8,39
S570100,Bitterschokolade gefüllt mit Marzipan (alkoholhaltig),Dark chocolate filled with marzipan (alcoholic),513,4,8.6,35.5,35.0,8.34,0.01,7,61,33.0,17.38,1.5
T020232,"Tintenfisch tiefgefroren, gekocht","Common cuttlefish deep-frozen, boiled",71,81.7,15.094,1.22,0.0,0,0,411,34,0.0,0.36,344
N630700,Schwarztee (Getränk) mit Zitronensaft und Zucker,Black tea (infusion) with lemon juice and sugar,8,97.6,0.008,0,1.823,0.002,0,2,5,1.823,0.001,0
M857000,"Grießpudding mit Sahne, gesüßt","Semolina pudding with cream, sweetened",129,75.5,2.84,6.77,14.03,0.03,0,49,85,13.55,3.77,27
P9B4000,"Cocktail, Margarita","Cocktail, Margarita",70,88.7,0,0,2.4,0.009,0,135,5,2.4,0.008,0
E430082,"Eierteigwaren gekocht, gebraten ohne Fett (Pfanne)","Egg pasta boiled, fried without fat (pan)",133,76.1,5.3,0.929,25.225,1.358,0.06,100,9,0.626,0.324,1
D433300,Schokoladenkuchen (Rührmasse),Chocolate cake (cake batter),402,21,7.4,19.53,47.7,3.06,0.4,178,34,23.1,11.6,102
T822500,"Heringsfilet in Senfcreme, Konserve","Herring fillet in mustard cream, canned",160,75.5,10.5,11.47,3.17,0.6,12,519,53,2.17,1.85,46
Y882150,Bananenquark,Banana quark,114,72.9,7.677,3.2,12.56,0.6,0.05,21,53,11.93,1.66,8
G993100,"Gemüsemischung mexikanische Art, roh","Mixed vegetables Mexican style, raw",59,84,3.3,0.5,7.8,4.4,0,2,24,3.5,0.06,0
T307252,"Schwarzer Heilbutt tiefgefroren, gedünstet","Greenland halibut deep-frozen, stewed",147,78.2,11.526,11.2,0.0,0,14,85,21.5,0.0,1.997,28.4
D650200,Weiße Lebkuchen,White gingerbread,385,14.3,11.55,13.1,53.0,4.6,0.4,49,43,27.8,1.49,75
C341162,"Mais gekocht, gebacken","Maize boiled, baked",99,70.7,2.566,1.067,18.632,2.2,0,1,2.61,0.412,0.178,0
X7A2010,Gratin aus Eierteigwaren und Spinat,Gratin of egg pasta and spinach,183,63,6.9,10.3,15.0,1.2,0.1,310,130,1.2,6.2,26
X456133,"Gulaschsuppe ungarisch, mit Rindfleisch, Fleischbrühe, Tomaten und Kartoffeln","Goulash soup ""Hungarian"" with beef, meat stock, tomatoes and potatoes",59,87,2.8,3.8,3.0,0.5,0,228,8,1.3,2.2,13
Y814310,Apfel-Bananensalat mit Honig gesüßt,Apple-banana salad sweetened with honey,73,77.9,0.845,0.4,15.0,2,0,1,6,13.44,0.134,0
K724432,"Shiitakepilz getrocknet, gekocht","Shiitake mushroom dried, boiled",140,53.2,11.7,0.9,11.18,20.46,0,4.23,4.96,11.18,0,0
W858000,Schweinezungensülze,Jellied pork tongue,157,71.4,17,9.6,0.53,0.02,0.3,600,11,0.53,3.1,100
Y231133,Kalbsschnitzel gebraten mit Parmaschinken (Saltimbocca) und Sauce,Veal schnitzel fried with Parma ham (Saltimbocca) and sauce,194,63,21.6,11.9,0.04,0,0.301,471,15,0.04,3.35,69
Y7A2012,"Schafmilch-Camembert paniert, frittiert","Sheep's milk camembert cheese breaded, deep-fried",310,49.4,17.15,24.16,5.48,0.39,0.6,529,225,0.91,12.98,131
X700212,"Eier-Frischteigwaren, rot, selbstgemacht, roh","Fresh egg pasta, red, homemade, raw",253,41.3,9.9,5.1,40.3,3.1,0.5,409,24,0.8,0.95,106
D750100,Amerikaner (Rührmasse),"""Amerikaner"" moist shortbread biscuit (cake batter) with sugar icing",380,20,5.62,13.7,57.1,2.72,0.2,139,33,38.6,7.49,57
X041910,Brötchen mit Fleischkäse,Roll and fleischkaese sausage,282,47.8,13.76,16.61,18.44,1.2,0,846,20.9,1.47,5.932,49.41
X820453,Reis mit gedünsteten Champignons,Rice with stewed button mushrooms,113,73,2.68,1.4,21.9,0.9,0,31.9,4,0.2,0.12,0.024
Y693752,Rotbarschfilet im Backteig (mit Milch) frittiert,Redfish fillet in frying batter (with milk) deep-fried,213,59,14.2,12.1,11.2,0.77,2,229,43,0.88,1.71,51
U852262,"Schaf Brust, mittelfett, tiefgefroren, gebraten ohne Fett (Ofen)","Sheep breast, medium fat, deep-frozen, fried without fat (oven)",215,58.5,25.9,12.4,0.0,0,0.444,102,10,0.0,5.78,105.6
G490252,"Knoblauch tiefgefroren, gedünstet","Garlic deep-frozen, stewed",105,61,6.59,0.458,3.0,30.825,0,8.5706,15.71,2.3,0.07,0
W162000,Plockwurst einfach,Plockwurst sausage simple,520,27.8,18.93,49.23,0.15,0.09,0.83,1400,11,0.0,19.9,76
U642272,"Schwein Bauch (wie gewachsen) tiefgefroren, gegrillt","Pork belly (untrimmed) deep-frozen, grilled",421,38.88,23.65,36.24,0.0,0,0.5,76.1,5,0.0,12.98,84.96
Y852112,"Fruchtkompott gemischt, ungesüßt",Mixed fruit compote unsweetened,52,87.1,0.646,0.3,10.6,1.2,0,2,13,9.574,0.075,0
X644253,Kartoffel-Kohlrabi-Gratin mit Käse,Potato gratin with kohlrabi and cheese,103,80,3.03,4.43,12.0,1.3,0,112,71,2.5,2.21,11.2
D480300,Käsekuchen mit Streuseln (Mürbeteig),Cheesecake with crumbles (shortcrust pastry),304,41,7.95,14.3,35.1,0.95,0.2,66,68,20.49,8.21,76
N262000,Birnensaftschorle,Pear juice spritzer,32,91.9,0.135,0.116,7.8,0.2,0,6.2,9,6.4,0.0155,0
W221372,Currybratwurst gegrillt,Curry-Bratwurst grilled,240,64.7,12.28,21.17,0.05,0.02,0.37,736.3,5.3,0.0,7.42,58.74
Y624112,Seehechtfilet pochiert (ohne Sauce),Hake fillet poached (without sauce),65,83.9,12.402,1.5,0.112,0.009,0,120,40,0.112,0.266,33
X230610,Lollo-Rosso-Salat mit Essigmarinade,Lollo Rosso salad with vinegar marinade,158,80,0.83,16.04,1.2,1.3,0,138,31,1.2,1.16,0.328
N259000,"Erfrischungsgetränk isotonisch, gesüßt, angereichert mit Vitaminen und Mineralstoffen","Isotonic beverage, sweetened, fortified with vitamins and minerals",18,95.2,0.071,0,4.2,0.036,0,5,10,4.2,0.006,0
G322232,"Grünkohl tiefgefroren, gekocht","Curly kale deep-frozen, boiled",50,85.25,3.924,0.632,3.13,8.179,0,26,297,2.491,0.098,0
X347350,Quarkremoulade,Quark remoulade sauce,199,69.3,9.93,16.59,2.07,0,0.6,185,86,2.05,1.9,112
Y180133,Sächsisches Zwiebelfleisch vom Rind,"Saxon ""Zwiebelfleisch"" (beef stew with onions)",88,79,10.62,2.7,4.6,1.3,0.156,173,15,2.4,0.9,27.6
X3A4000,Gorgonzolasauce,Gorgonzola sauce,241,65,9.23,22.1,1.0,0.101,0.022,571,212,1.0,12.4,60.6
T045900,Dorschleber Konserve,Cod liver canned,694,20,4.7,75,0.0,0,120.2,439.2,11.1,0.0,13.89,1132
Y444113,Lammragout orientalische Art,Lamb ragout oriental style,197,63,14.7,12.6,5.6,1.2,0.02,400,18,3.4,5,52
Y8A4160,"Vanillepudding, Flammeri, zubereitet aus Pulver und Sojadrink",Vanilla pudding made from powder with soya drink,76,81.7,2.61,1.02,13.41,1.33,0,52,13,7.66,0.148,0
D7B5100,"Kekse/Plätzchen, kakaohaltig (Rührmasse) schokoliert","Biscuits, containig cocoa (cake batter) with chocolate icing",529,4,6.8,30.83,53.8,4.38,1,35,35,31.2,17.65,153
X495363,Melonenkaltschale,Cold melon soup,38,89,0.7,0.2,7.5,0.5,0,6,8,7.3,0.044,0
C111082,"Weizen ganzes Korn, gekocht, gebraten ohne Fett (Pfanne)","Wheat whole grain, boiled, fried without fat (pan)",226,40.996,8.7668,1.188,40.513,9.073,0,5,21.2,0.718,0.2,0
W361000,Sülzwurst,Jellied brawn,169,69.6,17.9,10.7,0.25,0.09,0.27,800,8,0.092,4.16,81.43
Y813942,Buchweizenplinsen gebraten,Small buckwheat pancakes fried,319,39,7.8,16.8,33.0,2.12,0,38,97,10.5,4.5,86
Y693342,Seezunge gebraten in Butter,Sole fried in butter,104,76.2,19.399,2.7,0.132,0.039,5,252,36,0.129,0.873,59
F323700,Johannisbeernektar schwarz,Black currant nectar,55,85.3,0.43,<LOD or <LOQ,12.82,0.1,0,5,15,12.8,0.005,0
X5B1000,"Gemüse-Kartoffel-Fisch-Brei, mit Karotte und Lachs (ohne Salz, geeignet für Beikost)","Vegetable-potato-fish purree, with carrots and salmon (without salt, suitable as baby food)",100,81.2,3.32,5.876,7.576,1.6,0.4,16,13,3.819,0.67,7.5
W850200,Schinken-Käse-Sülze,Ham and cheese aspic,121,75,16,5.6,0.84,0.07,0.1,698,99,0.84,3,54
D313300,Erdbeersahnetorte (Wasserbiskuit),Strawberry cream torte (water sponge cake),234,58,3.6,14.1,22.3,1,0.2,44,44,16.5,7.24,66
W222632,Rostbratwurst gargezogen,Rostbratwurst sausage poached,159,72.7,14.82,11.06,0.07,0.04,0.19,626.7,4.3,0.0,4.09,58.16
Y0A1000,Fleischsulze mit gekochtem Schweinefleisch,"Pork boiled, in aspic",83,83,9.5,4.7,0.61,0.1,0.2,182,12,0.61,1.7,47
U711262,"Schaf Filetmedaillon, tiefgefroren, gebraten ohne Fett (Ofen)","Sheep fillet medaillon, deep-frozen, fried without fat (oven)",146,66.17,29.26,3.21,0.0,0,0,56.3,6,0.0,0.984,79.23
X4A5000,Kartoffel-Gemüsesuppe mit Gemüsebrühe,Potato-vegetable soup with vegetable stock,48,90,0.94,2,6.0,0.9,0,200,12,1.6,0.3,0.037
C514500,"Knuspermüslimischung mit Trockenfrüchten, gesüßt, angereichert mit Vitaminen und Mineralstoffen","Crunchy muesli mix with dried fruit, sweetened, fortified with vitamins and minerals",410,8.6,7.9,14.1,59.2,7.1,0,168,23,27.4,7.1,0.2
X389000,Avocadocreme (Guacamole),Avocado dip (Guacamole),113,79,1.41,10.2,2.0,3.7,0,180,18,2.0,2.109,0
Y693522,Kabeljaufilet gedünstet (mit Fett und Salz),Cod fillet stewed (with fat and salt),102,78,15.8,4.2,0.06,0.101,0,287,28,0.06,0.41,30.4
X4A7010,Gemüsesuppe mit Kartoffeln,Vegetable soup with potatoes,27,93,1,1.2,2.7,0.9,0,229,13,1.7,0.1,0.02
X5B1120,"Gemüse-Kartoffel-Brei, mit Karotte, Pastinake (ohne Salz, geeignet für Beikost)","Vegetable-potato purree, with carrot and parsnip (without salt, suitable as baby food)",92,81.3,1.325,5.031,9.3,1.6,0,9,20,3.521,0.39,0.099
Y780743,Käse im Blätterteig gebacken,Cheese in puff pastry baked,426,31,16.6,32.68,15.47,1.14,1,443,381,0.102,14.7,82
X365062,Punschsauce,Punch sauce,87,79.8,0.077,0,15.9,0.033,0,2,7,14.77,0.003,0
D6A7000,"Mandelbrot (mit Eiklar, ohne Fett zubereitet)","Almond bread (prepared with egg white, without fat)",399,14,12.3,15.13,51.63,3.6,0,52,32,33.294,1.31,0
S201600,"Speiseeis Karamell, in Waffeltüte","Caramel ice cream, in waffle cone",214,57.7,4.5,9.94,26.4,0.6,1,35,68,20.8,4.73,102
Y504422,Wildfrikadellen gebraten,Game meatballs fried,135,67,22.03,2.35,6.0,0.7,0.5,265,14,1.0,0.64,95
X448053,Champignonsuppe aus frischen Champignons,Button mushroom soup of fresh button mushrooms,40,91,2.26,2.3,2.7,0.8,0,200,20,1.4,1.2,7
X327613,Käsesauce von Bechamelsauce mit Kochschinken,Cheese sauce from Bechamel sauce with boiled ham,123,78,7.8,8.2,4.18,0.17,0.007,296,168,1.94,5.2,29
F033600,Smoothie gelb (Früchte),Smoothie of yellow fruits,50,85,0.7,0.2,9.7,1.3,0,4,13,9.5,0.049,0
W368000,Anspacher Leberpresssack/Leberpresssack,Anspacher liver brawn,300,56.8,14.12,26.8,0.55,0.1,0.78,822,7,0.12,11.63,120.74
Y891142,"Pfannkuchen/Eierkuchen, mit Milch 3,5 % Fett und Heidelbeeren, gebraten","Pancakes with milk 3.5 % fat and blueberries, fried",241,53.5,6,11.98,25.66,2.7,1,62,61,9.98,2.01,94
Y818162,"Pfannkuchen/Eierkuchen mit Milch 3,5 % Fett, gebraten, gefüllt mit Konfitüre","Pancakes with milk 3.5 % fat, fried, filled with jam",263,46,7.4,10.8,33.1,1.9,0.3,117,74,8.7,1.9,65
D310900,"Biskuitrolle/Biskuitroulade, mit Mandarinensahnecreme","Sponge cake roll, filled with mandarin-cream",244,52.3,5.7,10.7,30.6,0.72,0.5,50,40,22.5,5.05,110
Y880250,Früchtequark,Fruit quark,94,76,4.8,1,15.6,0.7,0,20,71,15.21,0.6,4.1
M2J2100,"Joghurt aus entrahmter Milch, max. 0,5 % Fett, mit Fruchtzubereitung, Zucker und Süßungsmitteln","Yogurt from skimmed milk, max. 0.5 % fat, with fruit preparation, sugar and artificial sweeteners",44,89,3.681,0.113,6.3,0.1,0,51,136,5.7,0.052,1
X1A8010,Fischsalat mit Kabeljau und Essigmarinade,Fish salad with cod and vinegar marinade,104,80.9,9.8,6.46,1.11,0.3,0,198,27,1.1,0.53,24.5
C412182,"Grünkern Vollkornschrot gekocht, gebraten ohne Fett (Pfanne)","Green spelt coarse meal, boiled, fried without fat (pan)",64,80.53,2.21,0.51,11.44,2.42,0,0.1,5.5,0.48012,0.06,0
Y611410,Sahnehering,"Pickled herring fillet, in cream sauce",156,71.7,10.44,11.3,2.1,0,14.3,2330,80,2.1,3.3,49
X4A6010,Grüne Erbsensuppe St. Germain,"Green pea soup ""St. Germain""",52,90.3,2.7,1.5,5.6,2.2,0,30,20,0.8,0.3,2
Y536212,Kaninchenbraten ohne Sauce,Rabbit roast without sauce,171,63.5,25.1,7.8,0.08,0.01,0.03,400,16,0.06,2.9,87
X9A5000,Flammkuchen vegetarisch,Tarte flambee vegetarian,221,56,6.85,10.73,23.0,1.9,0.1,194,41,2.2,4.21,34
S570300,Bitterschokolade mit Haselnüssen,Dark chocolate with hazelnuts,586,1.5,10.53,45.98,27.7,9.6,0.02,6.4,87,24.7,21.06,1.8
X4A6020,Tomatensuppe aus Tomatenmark mit Gemüsebrühe,Tomato soup of tomato paste and vegetable stock,41,92,0.7,2.8,3.0,0.3,0.003,304,9,1.3,1.7,7
X344060,Mayonnaise-Dressing,Mayonnaise dressing,342,53.7,6.7,32.44,5.01,0.5,1,411,35,4.94,3.4,199
H170700,"Cashewkern geröstet mit Fett, gesalzen","Cashew nut roasted with fat, salted",594,3.4,19.6,49.495,15.8,3.3,0,394,39,4.95,10.5,0.1
K701432,"Champignon getrocknet, gekocht","Buttom mushroom dried, boiled",134,55.6,17.08,1.279,13.8,9.2,0,173.64,29,1.0,0.2253,0
C526082,"Polenta (Maisgrieß mit Wasser, Fett und Salz) gekocht, gebraten ohne Fett (Pfanne)","Polenta (Maize semolina prepared with water, fat and salt) boiled, fried without fat (pan)",126,74,1.903,6.3,14.383,2.156,0,164,8,0.318,0.7,0.0041
X2A2050,Gurken- und Kopfsalat mit Joghurtmarinade,Cucumber-lettuce-salad with yogurt marinade,33,93.8,1.48,1.56,2.4,0.9,0,54,39,2.4,0.39,1.11
X171460,Grüne-Bohnen-Salat (gegart) mit warmer Essigmarinade,Green bean salad (cooked) with warm vinegar marinade,57,88,1.62,3.8,2.8,1.4,0,169,49,1.94,0.3,0.075
X651063,"Bratkartoffeln aus rohen Kartoffeln, mit Zwiebeln",Fried potatoes (of raw potatoes) with onions,221,59.2,2.867,12.697,22.502,2.798,0,171,13.8,1.131,0.88,0.258
Y025322,Studentenschnitzel (Fleischkäse gebraten mit Spiegelei),"Students' schnitzel (fleischkaese fried, with fried egg)",287,59,14.12,25.26,0.55,0,0.5,681,19,0.55,7.05,145
S464000,Schokoladen-Dragees (Schokolinsen),Chocolate sugar-coated,466,3.1,2.91,15.03,74.5,3.48,0,6,22.7,66.4,8.934,4.3
W981500,"Schweinerückenpastete mit Mürbeteig, mit Alkohol, gebacken","Pork loin pate with shortcrust pastry, with alcohol, baked",187,60.9,20.35,7.61,8.75,0.49,0,475,7,2.363,3.08,55
X214240,Feldsalat mit Essigmarinade,Lamb's lettuce with vinegar marinade,168,77.1,1.2,17.3,0.64,1.1,0,136,39.3,0.62,1.24,0.35
H910200,Tofu-Bratlinge gebraten ohne Fett (Pfanne),Tofu burgers fried without fat (pan),166,61.4,9.34,6.17,16.8,3,0,504,123,2.31,0.9,0.01
X1A8020,Heringssalat mit Apfel und Essigmarinade,Herring salad with apple and vinegar marinade,173,70.3,8.67,13.7,2.4,0.5,12.86,2097,46,2.16,1.83,33.77
U522282,"Schwein Stielkotelett, tiefgefroren, gebraten ohne Fett (Pfanne)","Pork chop (loin) deep-frozen, fried without fat (pan)",206,61.11,26.99,10.9,0.0,0,0.16,55.9,7.5,0.0,3.67,75.45
D770300,Schweineohren/Schweinsohren (Blätterteig),Pig ear pastry (puff pastry),588,2,4.14,39.72,52.38,2.04,0.021,155,7,24.957,18.03,23
X425813,"Chinesische Suppe scharf, mit Hähnchenbrustfilet","Chinese soup spicy, with chicken breast fillet",54,86,5.8,0.7,5.5,1,0.03,290,15,1.5,0.2,12
X092060,"Müsli Bircher-Benner Art, gesüßt, mit Äpfeln, Rosinen, Sahne und Nüssen","Muesli Bircher-Benner style, sweetened, with apples, raisins, cream and nuts",129,70.1,1.7,4.3,19.3,2.2,0.005,4,19,16.1,1.3,4.7
W318100,Gänseleberwurst mit Trüffeln und Schweinefleisch,Goose liver sausage with truffles and pork,193,65.9,14.3,14.54,1.1,0.2,0.62,800,21,0.3,6.2,295
X1A1040,Grüner-Spargel-Salat (gegart) mit Essigmarinade,Green asparagus salad (cooked) with vinegar marinade,148,75.3,3.27,10.72,7.46,2.7,0,84,37,7.16,0.8,0.235
X425543,"Französische Zwiebelsuppe, mit Weißbrotscheiben, überbacken","French onion soup with white bread slices, gratinated",64,86,2.7,3.3,5.48,0.7,0.003,264,78,2.26,2.1,8
Y8A5040,Sahneflammeri/Sahnepudding (als Dessert) mit Karamellsauce,Cream pudding (as dessert) with caramel sauce,207,62.8,3.8,12.45,19.79,0.054,0,49,109,14.0,6.45,91
D9A4100,Vollkornplunderteig gebacken,"Wholemeal Danish pastry dough, baked",438,20,8.6,26.96,37.0,6.41,0.1,374,52,6.492,14.118,20
X490263,"Kürbissuppe scharf, mit Sahne","Pumpkin soup spicy, with cream",70,86,1,5.9,3.0,0.3,0.014,180,23,2.4,2.6,12.3
Y333831,"Schweineschnitzel natur, gebraten, mit Grundsauce dunkel/braun","Pork schnitzel fried, with brown basic sauce",125,72,20.19,3.9,2.18,0.18,0,225,9,0.00797,0.7,45.5
Y7A3010,Zitronenbutter,Lemon butter,667,24.8,1.123,73.1,0.689,0.014,0.174,180,19,0.689,46.817,189
Y891062,"Pfannkuchen/Eierkuchen, mit Milch 3,5 % Fett, gebraten in Butter","Pancakes with milk 3.5 % fat, fried in butter",266,46.6,8.2,11.77,31.11,1.6,1,84,80,9.54,6.08,147
W259000,Schweinskopfwurst,Pork brawn sausage,216,64.7,15.9,16.85,0.08,0.05,0.28,800,4.4,0.0,6.07,65.66
Y734142,Omelett gebraten mit Kartoffeln und Kochschinken,Omelette fried with potatoes and boiled ham,170,69.5,7.96,11.91,7.17,0.9,0.7,248,36,0.99,1.82,152
S243300,"Speiseeis (Kaffee, Karamell, Schoko, Vanille) gemischt","Ice cream mixed (chocolate, vanilla, coffee, caramel)",196,62,3.6,9.7,22.9,0.7,0,39,86,20.5,5.1,74
X145242,Spargelsalat (gegart) mit Essigmarinade,Asparagus salad (cooked) with vinegar marinade,85,87.9,1.42,7.95,1.13,1.1,0,62,18,0.98,0.6,0.161
S241800,"Speiseeis überzogen mit Schokolade, Karamell und Mandeln","Ice cream covered with chocolate, caramel and almonds",302,42.7,4.5,17.28,30.9,1.7,0.01,54,114,27.73,10.1,23
W221082,Rheinische Bratwurst gebraten ohne Fett (Pfanne),Rhenish bratwurst fried without fat (pan),242,64.3,12.59,21.19,0.09,0.05,0.3,814,7,0.0,7.42,61
Y846553,"Milchreis mit Milch 3,5 % Fett und Banane roh",Rice pudding with milk 3.5 % fat and raw banana,124,69.4,4.03,2.5,20.8,0.9,0,33,81,7.4,1.524,9.3
X423753,Fleischbrühe mit Eierteigwaren,Meat stock with egg pasta,17,95,0.9,0.3,2.64,0.2,0.01,231,5,0.07,0.1,0
D300500,Linzer Torte (Mürbeteig),Linzer torte (shortcrust pastry),480,13.3,8.9,29.7,42.4,3.5,0,22,34,26.7,12.78,95
Y862612,Karamellflammeri/Karamellpudding,Caramel pudding,158,65,3.9,4.55,25.2,0.063,0,52,113,18.4,2.37,65
X531812,Blumenkohl im Backteig (mit Bier) frittiert,Cauliflower in frying batter (with beer) deep-fried,246,54.4,6.5,14.3,21.36,3.4,1,110,32,1.76,1.45,81
R9A3000,Marzipanfüllung für Gebäck/Torten,Marzipan filling for pastry/tortes,444,16.9,6.09,28.7,38.94,2.88,0.1,56,27,31.872,7.69,28
D471600,Gerollte Marzipan-Nuss-Schnitten (Quark-Öl-Teig),"Swiss roll, filled with marzipan and nuts (quark oil dough)",410,18,7.7,22.1,42.8,3.5,0.2,239,59,26.7,5.4,45
P8A3000,Eierpunsch,Egg nog,170,70.7,3.19,7.77,10.6,0,0,37,105,10.6,4,34
Y336022,Schaschlik (mit Schweinefleisch) gegrillt,Shashlik with pork grilled,157,69.7,16.22,8.27,3.82,1.1,0.05,300,13,3.74,2.16,39.2
Y914062,Wiener Würstchen mit Brötchen und Senf,Vienna sausage with roll and mustard,274,49.2,11.43,16.68,18.45,1.4,0,791,27.3,1.14,5.72,40.33
X449023,Kartoffelsuppe mit Gemüsebrühe,Potato soup with vegetable stock,57,87,1.01,1.8,9.0,0.6,0,184,8,1.0,0.1,0.032
X459263,"Hummersuppe mit Schlagsahne, Weißwein und Bleichsellerie","Lobster soup with whipped cream, white wine and celery",64,87,4,4.5,1.0,0.34,0.01,248,38,0.4,2.2,36
X573812,Knollensellerie gedünstet (mit Fett und Salz),Celeriac stewed (with fat and salt),44,91,1.07,2.8,1.91,2.7,0,147,27,1.49,0.3,0.053
X421143,Fleischbrühe mit Eierstich,Meat stock with diced egg custard,18,95,1.5,1.2,0.32,0.011,0.1,267,16,0.32,0.5,25
C522300,"Getreideflakes gesüßt, mit Trockenfrüchten, angereichert mit Vitaminen und Mineralstoffen","Cereal flakes sweetened, with dried fruit, fortified with vitamins and minerals",346,12,8.9,1.6,70.3,7,0,237,20,13.1,0.27,0
W273600,Schweineroulade,Pork roulade sausage,194,68.1,15.21,14.71,0.17,0.04,0.26,700,5,0.15,5.38,79.7
X532812,Broccoli im Backteig (mit Bier) frittiert,Broccoli in frying batter (with beer) deep-fried,234,55.4,6.8,14.19,17.7,3.3,1,201,43,1.06,1.45,75
Y173623,"Rinderlebergeschnetzeltes, mit Grundsauce dunkel/braun","Beef liver ragout, with brown basic sauce",139,72,11.77,7.5,6.01,0.3,0.9,231,7,0.41,1,149
X423053,Rinderkraftbrühe mit Grießklößchen,Beef consomme with small semolina dumplings,32,91,1.67,1.3,3.41,0.25,0.1,225,13,0.29,0.53,17
W845000,Wildbretgalantine gebacken,Game galantine baked,156,65.7,24.6,6.38,0.06,0.07,0.35,700,6,0.03,2.25,83
X445743,Sellerie-Lauchcremesuppe,Cream of celeriac-leek soup,38,92,1.1,2.18,3.0,1,0.003,47,27,1.4,1.36,5
D3A1000,"Biskuitrolle/Biskuitroulade, mit Himbeersahnecreme","Sponge cake roll, filled with raspberry-cream",238,52.3,5.6,10.4,29.3,1.6,0.5,48,38,21.4,4.88,106
V416282,"Hähnchen Brustfilet, tiefgefroren, gebraten ohne Fett (Pfanne)","Chicken breast fillet, deep-frozen, fried without fat (pan)",137,66.91,30.79,1.59,0.0,0,0.15,58.8,6.1,0.0,0.36,91.9
X364043,"Johannisbeersauce einfach, aus Fruchtsaft",Red currant sauce (of fruit juice),79,77.5,0.992,0.1,16.96,0.3,0,2,32,16.22,0.026,0
Y8A8010,"Hefeteig gesüßt, mit Milch 3,5 % Fett, roh","Yeast dough sweetened, with milk 3.5 % fat, raw",317,32,7.91,10.14,47.0,2.97,0.2,229,35,8.04,1.32,34
Y880853,Quarkauflauf,Quark casserole,232,52.5,10.5,11.1,21.5,1.3,0,149,102,14.2,3.8,101
D4A8200,Kürbis-Kuchen (Rührmasse),Pumpkin cake (cake batter),339,34,5.2,16.1,41.7,2.7,0.2,80,35,22.6,9.7,79
X820852,Reis mit gedünstetem Gemüse und Kochschinken,Rice with stewed vegetables and boiled ham,108,75,3.83,2.24,17.5,1,0,100,4,0.9,0.25,5
S221200,"Speiseeis (Karamell, Schokolade) gemischt","Ice cream mixed (caramel, chocolate)",208,59.3,3.9,9.63,25.7,1.21,0,37,86,23.4,4.31,72
Y634732,Seezungenfilet gegrillt,Sole fillet grilled,124,73.7,20.34,4.7,0.03,0.002,6,276,35,0.03,0.8,59
X331463,Teufelssauce von dunkler/brauner Grundsauce,Devil's sauce from brown basic sauce,66,87,0.97,4.2,4.79,0.4,0,272,6,0.47,0.3,0.076
X365743,Erdbeersauce roh,Strawberry sauce (of raw fruit),106,75.7,0.667,2.3,19.493,1.2,0.006,4,16,18.938,1.102,5.4
X437143,Leberspätzle/Leberreis,Liver spaetzle,240,45.7,15.18,5.43,31.26,2.5,0.5,211,20,0.42,2.12,142
Y843312,Nektarinenkompott ungesüßt,Nectarine compote unsweetened,32,91,0.7,0.1,6.0,1.1,0,1.4,8,5.3,0.002,0
X448343,Steinpilzsuppe,Porcini mushroom soup,35,92,2.48,1.5,2.26,2.3,0.003,213,7,1.0,0.9,3
T603252,"Zander tiefgefroren, gedünstet","Pike-perch deep-frozen, stewed",76,80.79,17.647,0.62,0.0,0,2.7,24,64,0.0,0.138,85
Y497412,"Lammkeule geschmort mit Zwiebeln und Senf, mit Grundsauce dunkel/braun","Leg of lamb braised with onions and mustard, with brown basic sauce",189,63,22.05,9.8,3.0,0.4,0,290,10,0.6,2.8,71
Y741952,Eierstich mit Kräutern,"Egg custard with herbs, diced",100,81.8,7.71,6.78,2.09,0.052,0.8,237,86,2.08,2.825,169
W378100,Gänseleber in Aspik,Goose liver in aspic,135,66.4,20.2,5.3,1.53,0.03,0.8,677,57,0.0,1.9,636
T710172,"Edelkrebs/Flusskrebs, gekocht, gegrillt","Crayfish boiled, grilled",83,78.504,18.904,0.806,0.0,0,-,368,74,0.0,0.1156,271
X545053,"Spargel gekocht, mit Grundsauce hell/weiß","Asparagus boiled, with white basic sauce",37,93,1.56,1.5,3.82,1,0.003,160,16,2.77,0.9,3
Y6A1010,Thunfischaufstrich mit Mayonnaise,Tuna dip with mayonnaise,131,72.5,18.2,6,0.63,0.1,1,429,16,0.62,0.66,52
D440800,Königskuchen (Rührmasse) mit Alkohol,Candied fruit cake (cake batter) with alcohol,373,23,6.9,16.2,47.9,2.8,0.3,156,37,26.6,8.6,89
D733600,Nussecken (Mürbeteig),Nut triangles (shortcrust pastry),545,7,7.4,36.6,44.6,3.8,0.1,41,51,30.7,14.18,61
W273100,Rinderbierschinken,Beef beer ham,125,75.9,15.71,6.91,0.08,0.05,0.26,900,5,0.0,2.62,53
D7A7600,Schoko-Plunder,Danish pastry with chocolate,500,9,8.65,29.16,49.0,3.43,0.1,363,48,14.083,15.45,20
W278000,Kalbsroulade mit Schweinefleisch,Veal roulade sausage with pork,157,72.1,14.57,10.78,0.32,0.05,0.23,700,7,0.29,4.19,57
T730172,"Hummer gekocht, gegrillt","Lobster boiled, grilled",118,71.77,21.534,3.501,0.0,0,-,422,112,0.0,0.4418,163.6
M255000,"Buttermilchdessert mit Sahne und Fruchtzubereitung, gesüßt","Buttermilk dessert with cream and fruit preparation, sweetened",110,77.4,3.446,3.944,14.696,0.1,0.011,52,84,13.96,2.19,14.8
Y856243,Weingelee,Wine jelly,87,78.5,1.6,0,16.58,0.01,0,6,10,16.57,0.009,0
X936410,"Bananenmilch mit Milch 3,5 % Fett",Banana milk with milk 3.5 % fat,71,82.7,2.54,2.3,9.39,0.5,0,22,74,8.86,1.375,8.5
X1A3000,"Glasnudelsalat mit Putenbrust, Gemüse und Essigmarinade","Glass noodle salad with turkey breast, vegetables and vinegar marinade",97,79,4.2,3.1,12.3,1.3,0.02,245,18,1.5,0.28,6
X810713,"Apfelreis mit Milch 3,5 % Fett",Apple rice with milk 3.5 % fat,116,73.6,3.28,3.4,17.4,1,0,31,79,8.95,2.126,11
D466100,Apfelkuchen gedeckt (Hefeteig),Apple pie (yeast dough),187,56,3.5,5.6,29.0,2.7,0.1,13,17,11.9,3.3,22
S134000,Gelee extra,Jelly extra quality,230,40.8,0.6,0.1,55.0,0.4,0,4,18,55.0,0.014,0
Y036610,Frikadellen aus Rindfleisch gebraten,Beef meatballs fried,299,49.1,21.24,21.05,5.98,0.5,0.6,292,37,0.74,7.45,96
X651912,Bratkartoffeln mit Ei,Fried potatoes with egg,198,63.1,4.509,13.398,13.84,1.9,0.3,120,21,0.98,1.25,75
Y8A6000,Quark-Grieß-Auflauf,Quark-semolina casserole,143,73.2,5.5,7.3,13.4,0.4,0,48,73,8.5,3.8,81
X212240,Endiviensalat mit Essigmarinde,Endive salad with vinegar marinade,154,79.3,0.83,15.93,0.64,0.8,0,147,37,0.63,1.16,0.324
X1A4000,Geflügelsalat (Huhn) mit Essigmarinade,Poultry salad (chicken) with vinegar marinade,123,76,13,5.95,3.3,1.3,0.06,61,16,2.6,0.53,35.8
K241200,"Kartoffelkloß halb und halb, tiefgefroren","Potato dumpling half and half, deep-frozen",116,70.5,4.09,1.09,21.53,1.98,0.2,36,12,0.668,0.28,35
Y7A2000,Schafskäse-Dip,Dip made from sheep's milk cheese,236,60,8.64,18.58,6.4,2.3,0.2,372,158,6.4,10.8,56
Y780043,Brötchen mit Tilsiter und saurer Sahne überbacken,Rolls gratinated with Tilsit cheese and sour cream,348,30.9,17.58,19.5,24.5,1.601,0.3,670,450,1.9,11.7,50
U010132,"Rind Hackfleisch, gekocht","Beef mince, boiled",299,49.58,28.653,20.488,0.0,0,0.74,53,34.1,0.0,9.244,102
Y814010,Apfel-Bananenmus (roh) mit Rosinen,Apple-banana sauce (raw) with raisins,70,78.8,0.9,0.4,14.1,2,0,1,8,12.7,0.1,0
D433400,Gewürzkuchen (Rührmasse),Spice cake (cake batter),420,19,7.81,21.29,48.2,2.4,0.4,187,45,22.66,11.48,107
Y892142,Kartoffelbällchen (Hefeteig mit gekochten Kartoffeln) frittiert,Small potato-yeast dumplings fried,353,33,6.81,18.8,38.0,2.47,0.3,45,33,12.22,7.1,87
Y686433,"Tintenfischtuben gefüllt, gegrillt","Cuttlefish tubes filled, grilled",173,63,20.13,7.8,5.0,0.5,1,798,44,0.45,1.08,337
Y722353,Rührei gebraten mit Paprika,Scrambled eggs fried with sweet peppers,176,71.5,10.76,13.52,2.3,0.8,1.4,229,47,2.29,2.42,281
Y372012,Schweinehirn gebraten mit Ei,Pork brain fried with egg,149,73.8,12.15,10.85,0.4,0.1,0.4,380,24,0.38,2.22,2507
W302000,Geflügelleberwurst,Poultry liver sausage,106,74,21.8,2,0.12,0.1,0.3,800,13,0.12,0.636,170.8
W863000,Kalbszunge in Weißweinaspik,Veal tongue white-wine aspic,114,78.4,12.7,6.2,0.44,0.02,0.1,600,10,0.44,2,74
X422163,Rinderkraftbrühe mit Flädle/Frittaten/Suppenpfannkuchen,Beef consomme with strips of crepe,54,88,2.07,2.7,5.14,0.36,0.1,201,21,0.51,0.46,20
K750152,Mischpilze gedünstet,Mixed mushrooms stewed,47,84.6,4.9,0.4,3.05,7.18,0,7,15,1.37,0.056,0
D310800,"Biskuitrolle/Biskuitroulade, mit Erdbeersahnecreme","Sponge cake roll, filled with strawberry-cream",240,52.5,5.6,10.5,29.9,1,0.5,49,39,21.9,4.94,107
G311282,"Blumenkohl tiefgefroren, gebraten ohne Fett (Pfanne)","Cauliflower deep-frozen, fried without fat (pan)",66,81.1,2.6,0.622,11.23,6.4,0,24,44,4.56,0.094,0
D721100,Eberswalder Spritzkuchen (Brandmasse) frittiert,"""Eberswalder"" french crullers (choux pastry) deep-fried",374,26,5.88,16.3,50.3,0.89,0.5,88,22,36.0,7.4,125
M2R7300,"Joghurt mind. 3,5 % Fett, mit Knuspermüslizubereitung, gesüßt","Yogurt min. 3.5 % fat, with crunchy-muesli mix, sweetened",110,77.1,4.3,4.83,11.1,0.8,0,54,100,7.2,2.84,7.9
D461200,Käsekuchen/Quarkkuchen (Hefeteig),Cheesecake (yeast dough),243,50,9.7,9.7,28.0,1.3,0.2,50,87,13.1,5.6,60
X455913,"Gulaschsuppe mit Rindfleisch, Fleischbrühe und Rotwein","Goulash soup with beef, meat stock and red wine",70,86,4.3,4.7,2.0,0.2,0.056,269,10,1.1,1.3,12.4
Y868040,Buttermilchsulze (mit Arrak),Buttermilk aspic (with arrack),94,79.2,3.8,1.6,13.33,0.005,0.003,31,79,13.33,0.89,8.3
Y033112,Deutsches Beefsteak gebraten,German beefsteak fried,282,51.6,21.2,19.52,4.93,0.6,0.6,295,38,0.96,7.37,96
X9A6070,Vegetarische Füllung für Gemüse,Vegetarian filling for vegetables,249,55.1,8.3,16.85,15.23,1.2,0,479,244,3.01,4.83,16.2
X458143,Geflügelcremesuppe (Huhn),Cream of chicken soup,109,81,8.2,7.8,1.53,0.1,0,248,12,0.108,3.1,63
X493343,Heidelbeersuppe gebunden mit Stärke,Blueberry soup thickened with starch,79,80.8,0.4,0.4,15.84,3.2,0,3,11,14.86,0.039,0
M2A3200,"Joghurt fettarm, mind. 1,5 % bis max. 1,8 % Fett, mit Fruchtzubereitung, gesüßt, laktosefrei","Yogurt low-fat, min. 1.5 % to max. 1.8 % fat, with fruit preparation, sweetened, lactose-free",81,82,3.612,1.273,12.9,0.2,0.02,50,133,11.81,0.65,5
X744233,Eierteigwaren mit gebratenem Hähnchenbrustfilet und Grundsauce hell/weiß,Egg pasta with fried chicken breast fillet and white basic sauce,129,67,12.1,2.8,13.44,0.74,0.1,174,65,0.43,1.5,29
D6A2000,Baumkuchenspitzen,Spit cake tips,488,10,7.1,29.7,45.7,4.94,0,117,40,35.3,16,117
R9A1200,Käsesahnecreme für Gebäck/Torten,Cheese cream (egg-free) for pastry/tortes,208,65.2,7.1,14.3,12.129,0.003,0.12,29,73,12.129,7.67,38
W410482,"Schwein Schinkenspeck, Rohpökelware, geräuchert, gebraten ohne Fett (Pfanne)","Pork bacon (ham) raw cured, smoked, fried without fat (pan)",131,67.5,23.51,3.9,0.573,0,0,1900,3.2,0.573,1.29,62.79
G480232,"Speisezwiebel tiefgefroren, gekocht","Onion deep-frozen, boiled",37,88.8,1.284,0.167,6.68,1.7,0,6,30,6.68,0.0279,0
X5A8050,"Tofu vegan paniert, gebraten","Tofu vegan breaded, fried",233,52.1,15.74,11.93,14.24,2.59,0,193,161,0.98,1.39,0.13
G450242,"Spargel tiefgefroren, gedämpft","Asparagus deep-frozen, steamed",34,92,2.351,0.187,4.78,1.7,0,2.3,23.924,4.56,0.0335,0
T934200,"Alaska-Seelachs paniert, tiefgefroren","Alaska pollock breaded, deep-frozen",147,65,10.3,4.99,14.59,1.02,0,398,14,0.83,0.6,37
X1A7040,Fleischsalat (Rind) mit Essigmarinade,Meat salad (beef) with vinegar marinade,189,65.7,23.43,10.1,0.72,0.2,0.372,102,11,0.71,2.34,61.7
Y8A4100,"Schokoladenpudding, Flammeri, zubereitet aus Pulver und Milch 1,5 % Fett",Chocolate pudding made from powder with milk 1.5 % fat,100,75.1,3.58,1.6,17.6,0.46,0,61,113,12.21,1,5
Y852312,Quittenkompott mit Süßstoff,Quince compote with artificial sweetener,34,89,0.27,0.322,5.3,3.815,0,4,8.5,4.496,0.024,0
X928112,Zwiebelkuchen ohne Speck,Onion cake without bacon,169,67,4.9,8.6,17.0,1.8,0.2,140,40,4.8,2.9,67
X1A2040,"Kartoffelsalat mit Salatgurke und Mayonnaise, gestreckt mit Joghurt","Potato salad with cucumber and mayonnaise, diluted with yogurt",123,75.5,1.9,7.52,11.04,1.6,0,61,14,1.0,0.69,14
X4A3010,Kürbissuppe mit Kokosmilch,Pumpkin soup with coconut milk,59,88,1.01,4.1,4.0,0.9,0,167,14,2.5,2.2,0.032
W881400,Gewürfelte Zungenwurst Konserve,Sausage with diced tongue canned,261,60.9,15.9,21.69,0.41,0.1,0.41,600,8,0.34,8,84
S623200,Nuss-Trüffel-Pralinen (alkoholhaltig),Nut truffle pralines (alcoholic),519,9.4,5.77,33.94,44.6,3.1,0,58,153,43.4,20.3,29
Y321012,"Schweinekotelett paniert, gebraten","Pork chop breaded, fried",296,48.3,24.11,19.22,6.29,0.49,0.3,198,13,0.37,4.43,86
T424282,"Meerforelle tiefgefroren, gebraten ohne Fett (Pfanne)","Sea trout deep-frozen, fried without fat (pan)",126,73,21.8,4.06,0.0,0,8.4,62,22,0.0,0.99,104
V988100,Leberknödel Konserve,Liver dumplings canned,212,56.5,16.18,9.75,14.34,1.1,0.4,400,26,1.7,3.35,117
V474272,"Gans Fleisch, mit Haut, tiefgefroren, gegrillt","Goose meat, with skin, deep-frozen, grilled",379,45.09,21.077,32.699,0.0,0,0.3,108,16,0.0,9.198,118
X2A1010,Chinakohlsalat mit Joghurtmarinade,Chinese white cabbage with yogurt marinade,33,92.1,2,1.45,1.96,1.5,0,62,77,1.83,0.33,1.04
S693000,Nüsse mit Vollmilchschokoladenüberzug,Whole milk chocolate covered nuts,564,1.4,8,37.7,46.5,3.3,0.01,53,170,45.9,15.99,12.2
W237032,"Fleischkäse fettreduziert, gekocht","Fleischkaese sausage reduced-fat, boiled",118,75.5,16.3,5.74,0.14,0.09,0.13,500,4.8,0.0,2.18,54.56
X9A4030,Pfannkuchen-Auflauf mit Spinatgemüse,Pankcake casserole with spinach,234,57,9.3,14.76,14.9,1.5,0,262,227,2.1,5.85,67
X636043,"Kartoffelpüree, zubereitet aus Instantpulver, Wasser, Milch 3,5 % Fett und Fett","Potato puree, made from instant powder, water, milk 3.5 % fat and fat",85,80.5,2.26,3.33,11.09,0.828,0.03,163,49,1.41,1.76,8
X530163,"Bayerisches Kraut gedünstet, mit Speck","Bavarian white cabbage stewed, with bacon",40,90,1.67,1.12,4.48,2.2,0.01,100,35,4.38,0.376,2.15
X558312,Zucchinipuffer gebraten,Courgette pancakes fried,95,81,4.2,3.96,10.0,1.4,0.3,130,26,1.9,0.58,60
Y632132,"Hamburger Speckscholle, gebraten",Plaice fried with bacon,156,68.9,18.9,7.8,2.12,0.23,4,600,27,0.36,2.11,71
F014600,Mehrfruchtsaft angereichert mit Vitaminen (Multivitaminsaft),Multi-fruit juice fortified with vitamins (multivitamin juice),48,87,0.4,0.1,10.61,0.3,0,2.1,11,10.03,0.014,0
W870500,Kalbfleischwurst mit Schweinefleisch Konserve,"Veal bologna with pork, canned",253,64.4,9.82,23.72,0.08,0.04,0.5,826,7,0.0,9.19,50
P9A5110,"Cocktail, Sex on the Beach","Cocktail, Sex on the beach",73,86.3,0.3,0.093,6.6,0.131,0,5,11,6.6,0.018,0
D1A2000,Aprikosenkuchen (Mürbeteig) mit Rahmguss,Apricot cake (shortcrust pastry) with cream topping,238,53,3.9,11.99,28.21,1.29,0.2,43,37,17.18,6.79,71
Y584123,Putenragout mit Paprika und saurer Sahne,Turkey ragout with sweet pepper and sour cream,152,70,17.26,7.8,2.9,0.4,0.1,260,10,1.2,1.1,32
T797262,"Venusmuschel tiefgefroren, gratiniert ohne Fett (Ofen)","Venus clam deep-frozen, gratinated without fat (oven)",80,77.4,16,1.07,1.6,0,0,366,43,0.0,0.21,33
G093200,"Suppengrün/Suppenkraut, tiefgefroren",Mirepoix deep-frozen,32,89,2.154,0.335,3.3,3.4,0,50,55,3.2,0.061,0
W145000,Rindersalami,Beef salami,395,38.6,21.63,34.14,0.18,0.1,0.5,1500,31.8,0.0,16.061,84
Y311233,"Schweinemedaillon gebraten, mit Apfel und Sauce","Pork medaillon fried, with apple and sauce",105,74,16.8,2.5,3.6,0.51,0,213,6,1.844,0.3,44.74
D9A5200,Vollkornsandkuchen (Rührmasse),Wholemeal sand cake,412,22,7.82,23.1,41.1,4.16,0.4,180,27,22.618,8.14,86
W371000,Kalbfleischsülze,Jellied veal,82,82.5,11.9,3.8,0.02,0.01,0.23,700,10,0.0,1.694,44
X7A3030,"Eier-Frischteigwaren Ravioli, vegetarisch gefüllt mit Spargel und Ricotta","Fresh egg pasta Ravioli, vegetarian filled with asparagus and ricotta",113,76.5,6,4.17,12.24,1.1,0,159,88,0.91,1.75,65
X8A1070,Reis-Schinkenfüllung für Gemüse,Rice-ham filling for vegetables,251,50,14.55,13.45,17.2,0.6,0.07,593,154,0.69,3.13,30
Y650812,Karpfen im Backteig (mit Bier) frittiert,Carp in frying batter (with beer) deep-fried,244,53.2,16.1,13.62,13.5,0.99,0,168,56,0.125,1.97,109
X0A3020,"Knuspermüsli (Granola) gesüßt, mit Milch 3,5 % Fett und Fruchtmischung","Crunchy muesli (granola) sweetened, with milk 3.5 % fat and mixed fruit",154,65,4.8,6.2,17.9,3,0,16,61,9.4,2.2,5.4
U067100,"Kalbskäsebrät mit Schweinefleisch, roh","Leberkase sausage meat from veal with pork, raw",271,60.5,11.7,24.9,0.09,0.05,0.46,862,7,0.0,9,56
X3A9000,Buttermilch-Dressing für Salat,Buttermilk dressing for salad,38,88.8,2.59,0.5,3.74,0.14,0,552.4,65.1,3.69,0.29,4.2
Y625112,Schellfischfilet pochiert (ohne Sauce),Haddock fillet poached (without sauce),71,82,15.9,0.6,0.145,0.011,0,119,15,0.145,0.107,43.7
Y813142,Savarin (getränkt mit Weißwein),"""Savarin"" (yeast ring cake, drizzled with white wine)",291,42,7.8,10.89,36.0,2.07,1,56,33,9.55,5.96,134
D4A6300,Thüringer Mohnkuchen (Hefeteig),Thuringian poppy seed cake (yeast dough),294,38.8,9,12.73,34.0,3.8,0.1,34,238,16.66,3.93,33
X061610,"Baguette mit Kochschinken, Frischkäsecreme, Tomaten und Champignons, überbacken","Baguette gratinated with boiled ham, cream cheese, tomatoes and button mushrooms",166,62,11.4,5.26,17.0,1.8,0.01,574,52,2.0,2.97,32
D771900,Brötchen (Blätterteig),Puff pastry roll,425,33.3,4.18,32.19,28.65,2.12,0,159,5.5,0.12256,12.91,0
F4A1900,Preiselbeere gezuckert (mit Pektin) Konserve,Lingonberry sugared (with pectine) canned,176,54.1,0.3,0.2,42.2,1.3,0,3,8,42.2,0.048,0
X547053,"Lauch/Porree, gedünstet, mit Bechamelsauce","Leek stewed, with Bechamel sauce",62,87,2.39,3.3,5.0,1.2,0.005,144,55,3.2,2,9
Y0A2000,"Blätterteigtaschen gefüllt mit Rinderhackfleisch und Käse, gebacken","Puff pastry pockets filled with beef mince and cheese, baked",423,33.9,14.25,33.68,14.78,1.2,0.3,453,198,0.48,14.06,63
X0A4030,"Haferflocken ungesüßt, mit Sojadrink und Fruchtmischung","Oat flakes unsweetened, with soya drink and mixed fruit",124,67.8,4.95,2.4,18.2,4.2,0,11,20,4.08,0.472,0
K282200,Kartoffelkroketten tiefgefroren,Potato croquettes deep-frozen,180,62,4.04,9.27,19.05,2.09,0.2,378,13,0.95,2.5,41
X671042,Thüringer Klöße (Mischung aus rohen und gekochten Kartoffeln),Thuringian dumplings (made from raw and boiled potatoes),77,81.8,1.82,0.45,15.66,1.27,0.001,96,8,0.8,0.254,1
M260100,"Molkenmischgetränk mit Fruchtsaft, Zucker und Süßungsmitteln, angereichert mit Vitaminen","Whey with fruit juice, sugar and artificial sweeteners fortified with vitamins",33,91,0.6,0.1,7.0,0.1,0,33,69,6.8,0.04,1
X820553,Reis mit gedünsteten Tomaten,Rice with stewed tomatoes,98,76.6,2.154,1.151,19.2,1,0,47,5,1.18,0.09,0.02
U013100,"Rind Frikadelle, roh","Beef patty, raw",175,68,13.96,11.3,4.0,0.5,0.5,523,28,0.6,4.963,59
E632232,"Dinkelvollkornteigwaren eifrei, gekocht","Wholemeal spelt pasta egg-free, boiled",127,67,5.26,0.9,22.38,3.98,0,0.4,20.9,0.389,0.092,0
X359712,French Dressing,French dressing,501,39,2.8,52.9,1.3,0.4,1,460,32,1.3,4.82,200
W981600,"Champignonpastete mit Mürbeteig, gebacken","Button mushroom pate with shortcrust pastry, baked",247,56.9,15.01,17.25,7.62,0.8,0.2,600,7,0.055,7.36,59
Y245013,Kalbsfrikassee,Veal fricassee,94,79,14.9,3,1.83,0.11,0.228,221,11,0.31,1.7,49
W132000,Zervelatwurst,Zervelatwurst sausage,395,41.6,20.3,34.8,0.21,0.12,0.61,1500,24,0.0,14.7,75
U461242,"Kalb Bug/Schulter, tiefgefroren, geschmort ohne Fett","Veal shoulder, deep-frozen, braised without fat",116,70.864,26.571,1.077,0.0,0,0.427,70,16,0.0,0.452,84
X421363,Rinderkraftbrühe mit Eierstich,Beef consomme with diced egg custard,18,95,1.5,1.2,0.31,0,0.1,227,16,0.31,0.427,25
X610253,Brühkartoffeln mit Gemüsebrühe und Gemüse,Boiled potatoes with vegetable stock and vegetables,73,83,1.51,1.7,12.3,1.2,0,108,11,1.1,0.1,0.03
Y302232,Kasseler im Brotteig gebacken,"Pork loin chop cured, baked in bread dough",165,59,13.31,1.84,22.0,2.5,0,948,44,2.15,0.46,20.3
X642063,Bäckerin-Kartoffeln vegetarisch,"""Bäckerin-Kartoffeln"" (potato gratin) vegetarian",105,78,1.66,4.8,13.0,1.3,0.004,253,16,2.8,1.2,4
Y111032,"Rinderfiletmedaillons gebraten, mit Röstgemüse","Beef fillet medaillons fried, with fried vegetables",126,73,17.42,4.82,2.1,2.2,0.222,234,42,2.1,1.44,40.2
Y131223,"Roastbeef gebraten im Ofen, mit Sauce","Roast beef fried in oven, with sauce",166,69,24.98,7,0.76,0.07,0.322,228,4,0.00278,1.9,55.9
X200840,"Sommersalat mit Karotten, Kohlrabi, Gurke und Joghurtmarinade","Summer salad with carrots, kohlrabi, cucumber and yogurt marinade",46,90.1,1.63,2.03,4.0,1.3,0,71,43,3.94,0.5,1.46
N261700,Pfirsich-Maracuja Fruchtnektar,Peach-maracuja fruit nectar,43,88.1,0.3,0,10.2,0.1,0,2,5,9.8,0.005,0
F957900,"Rhabarberkompott mit einer Zuckerart und Süßungsmitteln, Konserve","Rhubarb compote with sugar and artificial sweeteners, canned",48,86,0.522,0.121,9.3,2.908,0,4,68,9.1,0.025,0
D660300,Kokosmakronen,Coconut macaroons,504,6.5,5.9,29.9,49.4,6.779,0,59,8,49.1,28.222,0
X443063,Blumenkohlcremesuppe/Dubarry-Suppe,Cream of cauliflower soup (Puree Dubarry),53,90,2,3.1,4.05,1.1,0,152,32,1.69,1.7,22
W352000,Zungenblutwurst,Tongue blood sausage,257,60.2,17.44,20.76,0.16,0.1,0.45,700,8,0.1,7.6,102
X657052,Kartoffelbratlinge mit Zwiebeln gebraten,Potato patties with onions fried,218,58,3.69,13.67,18.95,2.4,0.2,136,17,1.78,1.08,35
D740600,Wiener Hörnchen (Hefeteig),Viennese crescent roll (yeast dough),318,32,7.6,10.5,47.0,2.3,0.3,169,41,19.4,5.9,84
U980400,Gulaschsuppe Konserve,Goulash soup canned,99,79,7.9,5.6,4.0,0.6,0.13,534,18,1.3,2.34,22
X324253,Kräutersauce von Bechamelsauce,Herb sauce from Bechamel sauce,88,84,2.5,6.2,5.42,0.22,0.009,199,64,2.44,4,18
S493000,Haselnuss-Krokant,Hazelnut brittle,456,0.5,3.25,12.918,80.9,1.6,0,4,31,80.786,1.075,0
T753272,"Garnele/Granat/Krabbe, tiefgefroren, gegrillt","Common shrimp deep-frozen, grilled",128,74.4,27.206,2.149,0.0,0,-,218,137,0.0,0.47454,200.858
Y9A2010,Himbeereis,Raspberry ice cream,172,64.4,1.4,7.5,22.5,2.2,0.022,17,26,22.5,3.938,19.6
X436143,Brätklößchen,Small sausage meatballs,189,67.5,11.39,13.32,5.61,0.35,0.6,396,48,1.25,4.73,111
X357340,Joghurt-Dressing,Yogurt dressing,128,79.7,3.25,10.7,3.51,0.03,0,222.1,90.1,3.49,2.39,7.31
D650500,Feine Oblaten-Lebkuchen,Gingerbread on baking wafers,386,13.2,11.24,11.9,56.2,4.4,0.4,57,42,30.0,1.41,79
X416813,Gemüsebrühe mit Gemüse,Vegetable stock with vegetables,23,95,0.8,1.5,1.4,0.6,0.003,246,9,1.3,1,4
X2A2010,Feldsalat mit Champignons und Essigmarinade,Lamb's lettuce with button mushrooms and vinegar marinade,103,83.7,1.76,9.69,1.3,1.4,0,85,36,0.8,0.69,0.193
U583232,"Schwein Kochfleisch (Bauch) tiefgefroren, gekocht","Pork meat for boiling (belly) deep-frozen, boiled",357,46.86,22.49,29.64,0.0,0,0.45,38.6,5.4,0.0,10.61,86.15
F4B1900,Preiselbeere mit einer Zuckerart und Süßungsmitteln (mit Pektin) Konserve,Lingonberry with sugar and artificial sweeteners (with pectine) canned,84,77,0.3,0.2,19.2,1.1,0,4,8,19.2,0.043,0
X820653,Reis mit Tomatenmark,Rice with tomato paste,112,73,2.4,1.3,22.3,0.9,0,70,5,1.0,0.1,0.024
X7A3020,"Eier-Frischteigwaren Ravioli, gefüllt mit Rinderhackfleisch","Fresh egg pasta Ravioli, filled with beef mince",144,69,7.6,4.8,17.0,1.4,0,171,15,0.17,1.48,73
Y870643,Mokkacreme abgeschlagen (mit Gelatine),Mocha cream (with gelatine),191,66.1,5.5,12.6,13.8,0.2,1,50,111,13.73,6.59,101
T753282,"Garnele/Granat/Krabbe, tiefgefroren, gebraten ohne Fett (Pfanne)","Common shrimp deep-frozen, fried without fat (pan)",109,79.2,22.948,1.87,0.0,0,-,161,119,0.0,0.41291,174.773
X535053,"Kohlrabi gedünstet, mit Grundsauce hell/weiß","Kohlrabi stewed, with white basic sauce",72,88,1.37,5.6,3.46,0.9,0.004,207,34,2.2,1.4,4
W841000,Kalbfleischgalantine gebacken,Veal meat galantine baked,119,72.5,20.45,4.13,0.03,0.01,0.35,700,13,0.0,1.76,72
R941000,Kirschfüllung für Gebäck/Torten,Cherry filling for pastry/tortes,81,79.6,0.73,0.24,18.32,0.6,0,1,14,13.61,0.029,0
X422363,Rinderkraftbrühe mit Eierteigwaren,Beef consomme with egg pasta,17,95,0.9,0.3,2.64,0.2,0.01,210,5,0.07,0.033,0
Y843143,Apfelmus,Apple sauce,59,83.7,0.338,0.399,12.5,1.815,0,1,5,11.558,0.16,0
D660200,Marzipanmakronen,Marzipan macaroons,457,5.9,11.2,26.1,41.56,5.4,0,48,47,41.419,2.25,0
V413242,"Hähnchen Fleisch, ohne Haut, tiefgefroren, geschmort ohne Fett","Chicken meat, without skin, deep-frozen, braised without fat",190,61,33.8,6.1,0.0,0,0.1,57,17,0.0,1.068,122
X341060,Mayonnaise mit Zitronensaft,Mayonnaise with lemon juice,720,16.5,2.1,78.6,0.56,0.1,1,502,23,0.56,6.41,151
D7A6000,"Berliner/Pfannkuchen/Krapfen (Hefeteig) frittiert, ungefüllt","""Berliner"" doughnut (yeast dough) deep-fried, unfilled",355,31.7,7.8,17.3,40.7,2.8,0,200,32,4.6,8.8,87
U811262,"Schaf Filet/Lende, tiefgefroren, gebraten ohne Fett (Ofen)","Sheep tenderloin, deep-frozen, fried without fat (oven)",225,60.2,24,14.3,0.0,0,-,86,11,0.0,6.508,93
Y780543,"Käsescheiben paniert, gebraten","Cheese slices breaded, fried",414,31.6,25.8,31.65,5.81,0.46,0.2,265,1000,0.5,18.05,101
S201000,Frucht-Sorbet,Fruit sherbet/sorbet,121,69.1,0.7,0.1,27.809,0.044,0,12,7,27.809,0.036,0
X673612,Kartoffelklöße von rohen Kartoffeln,Potato dumplings from raw potatoes,87,80.6,2.1,1.75,15.05,1.19,0.003,86,19,1.13,1.052,5
X3A7030,Sardellenpesto mit Kräutern,Anchovy pesto with herbs,240,64,7.53,22.8,0.3,1.2,3,1071,206,0.3,4.1,19
X551142,Auberginenscheiben gebraten,Aubergine slices fried,159,74,1.05,14.2,4.6,2.7,0,272,17,4.4,1.08,0.314
G311232,"Blumenkohl tiefgefroren, gekocht","Cauliflower deep-frozen, boiled",29,93.4,1.2,0.28,5.05,3,0,14,16,2.05,0.042,0
S538600,Milchschokolade mit Karamell-Füllung (alkoholhaltig),Whole milk chocolate with caramel filling (alcoholic),524,6.7,4.78,31.33,52.2,2.26,0.02,54,120,47.1,19.37,34
X444613,Broccolicremesuppe,Cream of broccoli soup,52,88,2.4,3.1,3.1,1.2,0,162,40,1.43,1.6,21
Y174122,Rinderlungenhaschee mit Sauce,Beef lung ragout with sauce,95,80,9.39,4.8,3.22,0.2,0.002,235,10,0.4,1,114
Y812962,"Arme Ritter gebraten, mit Zucker und Zimt","French toast fried, with sugar and cinnamon",284,42.1,7.1,12.59,34.43,1.91,0,312,73,12.83,2.7,67
Y996240,Erdbeercremeeis,Strawberry ice cream (with egg),142,71.5,3.5,6.43,16.96,0.5,0,29,93,16.94,3.21,73
U811272,"Schaf Filet/Lende, tiefgefroren, gegrillt","Sheep tenderloin, deep-frozen, grilled",260,55.2,25.6,17.5,0.0,0,-,99,12,0.0,8,99
Y856312,Rote Grütze zuckerreduziert,"Red fruit jelly, sugar-reduced",74,79.8,1.1,0.3,14.3,2.9,0,2,24,10.0,0.035,0
N251000,Fruchtsaftgetränk mit Zucker und Süßungsmitteln,Fruit juice beverage with sugar and artificial sweeteners,10,97,0.148,0,2.2,0.058,0,3,12,2.2,0.002,0
Y141123,Rindergulasch ungarisch,"Beef goulash ""Hungarian""",160,68,14.9,8.8,4.5,1.2,0.214,225,22,4.5,1.98,40.7
Y886240,Joghurtcreme,Yogurt cream (with gelatine),113,74.8,4.6,3.3,15.59,0.01,0,54,66,15.59,1.55,67
S582100,Waffelschnitte gefüllt mit Kakaocreme und gerösteten Haselnussstückchen,Wafer square filled with cocoa cream and roasted hazelnut bits,524,3.1,7.6,30.6,52.6,3.6,0,100,150,42.2,11.5,6
X536463,Rosenkohl mit Käse überbacken,Brussels sprouts with cheese gratinated,88,78,5.1,5.2,3.24,3.4,0.04,220,81,1.36,2.6,10
S581700,"Karamell-Toffee gefüllt mit Nougatcreme, Schokolade und Haselnuss","Caramel-toffee filled with nougat cream, chocolate and hazelnut",532,2.3,5.7,27.7,58.3,3.1,0,140,96,47.6,9.8,23.1
X453253,Brühreis mit Rindfleisch,Boiled rice with beef,150,65,10.27,2.7,20.7,0.7,0.134,181,5,0.36,1.3,26
W397300,"Gänseleberpastete mit Schweinefleisch, gebacken","Goose liver pate with pork, baked",244,55.5,19.8,17.66,1.46,0.1,0.8,700,35,0.36,7.3,421
W274500,Presssäckel,Brawn Presssäckel,281,57.9,14.7,24.7,0.07,0.04,0.28,700,4,0.0,6.05,53.72
V419072,"Hähnchen Flügel, mit Haut, mariniert, gegrillt","Chicken wings, with skin, marinated, grilled",303,48.2,26.02,20.83,2.56,0.2,0.4,543,17,2.49,3.95,157.3
V465282,"Ente Schenkel, mit Haut, tiefgefroren, gebraten ohne Fett (Pfanne)","Duck leg, with skin, deep-frozen, fried without fat (pan)",199,69,25.23,10.88,0.0,0,0.4,133,7.9,0.0,3.61,148.2
D732100,Vanille-Mürbchen (Mürbeteig),Vanilla shortcrust pastry biscuit,537,1.2,4.94,28.73,63.5,2.35,0.068,33,17,27.3,18.19,73
X2A1050,Karottensalat (roh) mit Joghurtmarinade,Carrot salad (raw) with yogurt marinade,60,86.1,1.46,2.76,5.72,2.1,0,97,39.5,5.65,0.68,1.97
U080232,"Rind Leberhack, tiefgefroren, gekocht","Beef liver mince, deep-frozen, boiled",174,59.453,26.195,4.436,7.227,0,2.3,105,7,0.0,1.391,389
S691000,Knäckebrotstückchen in Vollmilchschokolade,Crispbread pieces in whole milk chocolate,475,2,6.87,22.52,57.4,7.66,0.01,209,135.4,39.49,13.32,10.9
Y914032,Wiener Würstchen mit Senf,Vienna sausage with mustard,271,60.8,12.12,24.34,0.16,0.3,0,822,16.4,0.15,8.467,61.1
W277000,Paprikaspeckwurst,Paprika bacon sausage,184,70,12.23,14.97,0.08,0.05,0.26,900,3.9,0.0,5.43,50.77
Y332832,Cordon bleu vom Schwein gebraten,Pork cordon bleu fried,215,59.2,21.9,11.88,4.74,0.36,0.1,305,124,0.42,3.32,78
X070060,"Clubsandwich mit Mozzarella, Tomaten und Kochschinken","Club sandwich with mozzarella, tomatoes and boiled ham",190,63.1,10.9,10.45,12.0,1.3,0,446,104,1.8,4.57,36
D705400,Bananen im Ausbackteig frittiert,Bananas in frying batter deep-fried,236,54.4,4.8,13.2,23.2,1.9,0,33,40,8.55,4.4,52
V132262,"Kaninchen Fleisch, tiefgefroren, gebraten ohne Fett (Ofen)","Domestic rabbit meat, deep-frozen, fried without fat (oven)",154,65.6,25.7,5.7,0.0,0,0,59,16,0.0,2.2,88
S244800,"Speiseeis (Kaffee, Schoko) gemischt","Ice cream mixed (chocolate, coffee)",201,61,4,9.8,23.4,1.3,0,38,89,21.1,4.43,75
V487242,"Pute Flügel, mit Haut, tiefgefroren, geschmort ohne Fett","Turkey wings, with skin, deep-frozen, braised without fat",176,66.6,23.2,9.2,0.0,0,0.26,28,15,0.0,2,88
X0A4010,"Haferflocken gesüßt, mit Sojadrink und Fruchtmischung","Oat flakes sweetened, with soya drink and mixed fruit",131,65.8,4.65,2.3,20.6,4,0,11,25,7.4,0.445,0
R9A6000,"Apfel-Weincreme eihaltig, für Gebäck/Torten",Apple-wine cream (with egg) for pastry/tortes,183,58.3,2.4,6.4,26.44,1.086,0,23,19,22.76,0.75,40
D7A6600,Quarkbällchen (Hefeteig) frittiert,Quark balls (yeast dough) deep-fried,408,17.2,10.8,17.5,49.7,2.9,0.2,33,75,24.4,8.8,54
V465262,"Ente Schenkel, mit Haut, tiefgefroren, gebraten ohne Fett (Ofen)","Duck leg, with skin, deep-frozen, fried without fat (oven)",194,69.1,26.02,9.98,0.0,0,0.22,137,8.1,0.0,3.31,152.8
X469113,Serbische Bohnensuppe mit Speck,Serbian bean soup with bacon,97,80,4.84,4.2,8.0,3.4,0.03,200,23,1.9,1.06,5.76
X444253,Lauchcremesuppe,Cream of leek soup,64,88,1.4,4.5,4.0,0.9,0.012,146,29,2.4,2.4,11
E605300,"Schupfnudeln eifrei, roh","Finger-shaped pasta egg-free, raw",175,52.6,4.93,0.56,36.18,2.54,0,823,15,0.54,0.1,0
D440300,Kuchen aus Sandmasse/Sandkuchen,Sand cake,447,19,5.43,25.11,49.3,0.86,0.5,91,22,27.7,15.11,154
Y859343,Orangencreme abgeschlagen (mit Stärke),Orange cream (with starch),104,76,2.8,2.159,18.085,0.122,0,50,21,13.493,0.59,80
Y277033,Kalbsnierengeschnetzeltes mit Grundsauce dunkel/braun,Veal kidney ragout with brown basic sauce,165,70,14.03,10.9,2.42,0.3,0.1,319,12,0.54,2.8,308
S211100,"Speiseeis (Nuss, Vanille) gemischt, in Waffeltüte","Ice cream mixed (nut, vanilla) in waffle cone",229,55.7,3.29,11.72,26.8,1.2,0,36,70,19.9,7.61,26
D660700,Haselnussmakronen,Hazelnut macaroons,499,7.5,9.8,29,47.9,3.5,0,50,70,47.686,2.413,0
Y824463,Kirschplotzer (mit Weißwein) gebacken,Cherry souffle (with white wine),260,53.2,4.6,15.787,23.6,2.4,0,83,35,17.97,6.04,95
R930000,"Vanillebuttercreme eihaltig, gestreckt, für Gebäck/Torten","Vanilla butter cream with egg, light, for pastry/tortes",288,53.3,2.7,20.77,22.5,0.04,0.043,24,72,18.2,12.88,94
X671052,Thüringer grüne Kartoffelklöße (mit Grieß),Thuringian green dumplings (made from raw and boiled potatoes with semolina),113,76.1,2.77,3.81,16.3,1.24,0.007,120,31,1.59,2.31,11
X641812,Butterkartoffeln,Butter potatoes,106,73.6,1.961,3.705,15.134,1.956,0.009,73,7,0.646,2.344,9
X3A6030,"Meerrettichsauce vegan, mit Sojadrink","Horseradish sauce vegan, with soya drink",79,84.8,3.56,4.9,4.2,1.89,0,73,21,1.187,0.94,0.11
X5A6010,Artischocken gekocht,Artichokes boiled (with lemon juice and salt),53,78.5,2.833,0.2,3.21,13.051,0,372,66,3.0,0.004,0
U231232,"Rind Hals/Kamm/Nacken, tiefgefroren, gekocht","Beef neck/chuck, deep-frozen, boiled",199,66.1,27.944,9.738,0.0,0,0.484,31,8.36,0.0,4.373,97
X810013,"Milchreis gesüßt, mit Milch 3,5 % Fett, Rosinen und Pistazien","Rice pudding sweetened, with milk 3.5 % fat, raisins and pistachios",155,64.8,4.9,4.3,23.5,1,0,44,101,7.8,2.3,13
X320712,Kohlrübensuppe püriert,Swede puree soup,37,92,0.75,2.9,1.4,0.9,0.005,198,20,1.3,1.1,4.9
T753252,"Garnele/Granat/Krabbe, tiefgefroren, gedünstet","Common shrimp deep-frozen, stewed",94,82.8,19.11,1.973,0.0,0,-,170,126,0.0,0.43553,184.349
D730900,Fettgebäck (Mürbeteig) frittiert,Pastries (shortcrust pastry) deep-fried,405,23,7.03,20,48.0,2.47,0.3,109,16,14.6,10.6,86
Y863112,Apfelmus mit Süßstoff,Apple sauce with artificial sweetener,50,86,0.369,0.435,10.1,1.978,0,4,6,9.118,0.175,0
K392200,Kartoffel-Speck-Rösti tiefgefroren,"Potato rösti with bacon, deep-frozen",220,53,4.71,11.05,24.5,1.6,0,534,12,1.2,1.7,7.63
Y910060,Pommes frites mit Mayonnaise,Potato chips with mayonnaise,316,46,3.1,21.6,26.14,2.1,0,403,17,1.38,1.71,25
X636012,"Kartoffelpüree, zubereitet aus Instantpulver und Milch 1,5 % Fett","Potato puree, made from instant powder and milk 1.5 % fat",89,76.4,4.55,1.62,13.67,0.836,0,185,127,3.9,1.045,6
X558412,Zucchini mit Hirsefüllung und Käse überbacken,Courgette with millet-filling and cheese gratinated,100,80,3.7,5.16,9.0,1.3,0.1,178,59,2.2,1.46,20
X462413,Bayerischer Gemüsetopf mit Weißkraut,Bavarian vegetable stew with white cabbage,58,87,1.28,2,7.55,2.1,0,96,26,3.3,0.2,0.035
S581500,Milchschokoladen-Riegel gefüllt mit Knusperwaffel,Milk chocolate bar filled with crispy waffle,457,13.8,6.39,25.51,48.9,2.9,0.1,60,122,41.9,14.76,22
W005000,Rinderbrät-Grundmasse (Halbfabrikat),Sausage meat for beef cold cuts,188,64.6,18.915,12.515,0.038,0,0.39,1000,21,0.016,5.415,57
X9A1040,"Grünkernbratlinge mit Karotten und Nüssen, vegan, gebraten","Green spelt patties with carrots and nuts, vegan, fried",123,69.2,3.27,3.93,16.8,3.7,0,42,14,1.95,0.33,0.038
W373000,Gemüsesülze/Gemüse-Mix in Aspik,Vegetable aspic/vegetable mix in aspic,30,90.7,1.8,0.4,3.82,1.6,0,702,18,2.99,0.064,0
K311200,"Kartoffeltaschen mit Frischkäsefüllung, tiefgefroren","Potato pockets with cream cheese filling, deep-frozen",215,55,3.1,11.46,24.0,1.5,0.05,533,30,2.1,3.75,15.3
D312800,Mokkasahnetorte (Wasserbiskuit) mit Alkohol,Mocha cream torte (water sponge cake) with alcohol,284,52,4.5,19,22.8,0.63,0.2,52,54,17.0,9.9,79
X511463,"Champignons gefüllt, überbacken","Button mushrooms filled, gratinated",220,62,13.14,16.8,3.3,1.9,0.2,659,69,1.0,4.35,70
U121272,"Rind Kotelett (Rücken) tiefgefroren, gegrillt","Beef chop (loin) deep-frozen, grilled",151,72,26.283,5.101,0.0,0,0.376,57,3.891,0.0,2.228,59.1
V913300,"Wildschweinpastete imitiert, mit Mürbeteig, gebacken","Mock wild boar pie, with shortcrust pastry, baked",209,59,19.44,11.2,7.3,0.59,0.1,600,8,0.08,5.08,73
Y725412,Rührei gebraten mit Kräutern,Scrambled eggs fried with herbs,202,68.5,12.85,16.54,0.39,0.1,1.7,282,56,0.38,2.97,346
S243200,"Speiseeis (Nuss, Schoko, Vanille) gemischt, mit Eierlikör","Ice cream mixed (chocolate, vanilla, nut) with egg liqueur",231,55.8,3.24,10.65,26.4,1.33,0,39,87,22.5,6.2,26
X916063,Specktorte lothringisch,Quiche lorraine,344,43,11.81,25.16,16.7,1.4,0.6,400,169,1.6,12.52,132
W383100,Grützblutwurst,Blood sausage with oat groats,187,66.6,13.1,12.87,4.3,0.9,0.21,700,9,0.19,4.71,70
N5A0000,"Kaffeeersatz (Getränk) mit Haferdrink, ungesüßt","Coffee substitute (infusion) with oat drink, unsweetened",6,98,0.1,0.04,1.07,0.54,0,5.4,5.9,0.267,0.0041,0.001
T831900,Makrele in Tomatensauce Konserve,"Mackerel in tomato sauce, canned",200,64.4,10,15,5.6,0.6,4,365,21,4.5,1.68,57
V421072,"Hähnchen Brustfilet, mariniert, gegrillt","Chicken breast fillet, marinated, grilled",163,63.6,27.34,4.91,2.13,0.1,0.15,412,8,2.07,0.63,80.7
W980100,Fleischwurst im Blätterteig gebacken,Bologna in puff pastry baked,403,40.1,10.6,34.16,12.45,0.91,0,713,23,0.23,13.48,43.1
Y870653,Kaffeecreme einfach (mit Stärke),Coffee cream simple (with starch),146,70.3,5.2,6.7,16.1,0,0.006,56,112,11.76,3.4,82
X4A8080,Weiße-Bohnensuppe,Haricot bean soup,58,87,2.99,1.2,7.1,2.9,0,158,23,1.0,0.1,0.018
W342100,Leberrotwurst,Liver blood sausage,176,67.2,20.51,10.28,0.43,0.1,0.3,700,7,0.07,3.88,102
W985000,Fleischsalat mit Salatmayonnaise und Gurke,Bologna salad with salad mayonnaise and gherkin,290,60.1,4.2,27.35,6.18,0.3,0,600,22,4.78,4.32,55
X446143,Karottencremesuppe,Cream of carrot soup,33,93,0.53,1.9,2.92,0.9,0.004,204,12,2.88,1.1,4
Y623012,Seelachsfilet gedünstet mit Weißwein,Saithe fillet stewed with white wine,128,75,17.534,5.7,0.13,0.103,0,275.7,23,0.13,0.84,54
Y374113,"Schweinelunge sauer, gekocht, mit Grundsauce hell/weiß","Pork lung sour, boiled, with white basic sauce",82,85,5.61,5.5,2.3,0.14,0,250,10,0.5,2.7,124
U984100,Markklößchen Konserve,Marrow dumplings canned,383,36.4,10.03,28.22,21.21,1.86,0.7,652,37,1.82,11.815,173
S623100,Pralinen mit Frucht-Nuss-Füllung (alkoholhaltig),Pralines with fruit-nut filling (alcoholic),520,4.7,6.3,31.6,49.6,3.1,0.02,60,171,49.0,17.1,13.8
R9A6100,"Mokkaflammeri mit Likör, für Gebäck/Torten","Mocha flummery with liqueur, for pastry/tortes",144,67,2.7,2.4,25.0,0.52,0,56,76,19.0,1.5,8.6
X635053,"Kartoffelbrei mit Milch 3,5 % Fett",Potato mash with milk 3.5 % fat,78,83.5,1.9,2.7,11.04,0.839,0.005,206,30,1.32,1.706,8
M2J1100,"Joghurt aus entrahmter Milch, max. 0,5 % Fett, mit Fruchtzubereitung, Zucker und Süßungsmitteln, angereichert mit Vitaminen","Yogurt from skimmed milk, max. 0.5 % fat, with fruit preparation, sugar and artificial sweeteners, fortified with vitamins",44,89,3.681,0.113,6.3,0.1,0,51,120,5.7,0.052,1
C359082,"Reis parboiled, poliert, gekocht, gebraten ohne Fett (Pfanne)","Rice parboiled, boiled, fried without fat (pan)",117,64.9,2.851,0.34,25.3,0.5,0,1,2,0.12,0.098,0
Y311332,"Schweinelende im Wirsingmantel, gebraten im Ofen","Pork tenderloin wrapped in savoy cabbage, fried in oven",93,78,13.33,3.2,2.0,1.4,0,211,32,1.5,0.6,31.04
U861232,"Schaf Bug/Schulter, mager, tiefgefroren, gekocht","Sheep shoulder, lean, deep-frozen, boiled",206,60.1,31.2,9.01,0.0,0,0.3,70,20,0.0,3.1,107
D540200,Apfelstrudel (Strudelteig),Apple strudel (strudel dough),220,49.7,3.3,8.6,30.4,3.5,0.016,34,15,15.6,4.4,17
W350000,Filet-Blutwurst,Fillet blood sausage,226,62.5,19.57,16.35,0.16,0.1,0.26,700,7,0.1,6.1,64
Y627112,Sushi mit Lachs,Sushi with salmon,126,72.2,7.3,3.19,16.4,0.8,1,60,7,0.38,0.66,15.6
Y740342,"Eier gekocht, gesalzen","Eggs boiled, salted",134,76,13.113,8.958,0.338,0,1.7,333,52,0.338,2.426,348
X354060,Roquefort-Dressing,Roquefort dressing,253,62.8,5.58,24.2,2.2,0.04,0.035,595,175,2.17,14.499,66
X521413,Spinatgratin mit Käse überbacken,Spinach casserole with cheese gratinated,114,78,6.6,8.4,2.1,1.7,0.3,210,180,2.1,2.9,73
S530800,Milchschokolade mit Trüffelfüllung (alkoholhaltig),Milk chocolate with truffle filling (alcoholic),569,4.8,5.03,40.1,44.5,2.16,0.03,59,134,43.7,21.8,9.5
D283000,Pfirsichtörtchen (Mürbeteig) mit Klarguss und Sahne,Peach tartlet (shortcrust pastry) with gelatin glaze and whipped cream,227,57,2.9,12.26,25.47,1.6,0.1,18,15,11.51,7.38,44
Y8A4120,Vanilleflammeri/Vanillepudding (als Dessert) mit Karamellsauce,Vanilla pudding (as dessert) with caramel sauce,141,69.6,4.2,4.88,19.98,0.054,0,49,119,14.16,2.52,72
V481282,"Pute Fleisch, ohne Haut, tiefgefroren, gebraten ohne Fett (Pfanne)","Turkey meat, without skin, deep-frozen, fried without fat (pan)",140,66.1,27.903,3.1,0.0,0,0.3,110,14,0.0,0.865,99.9
N260000,"Erfrischungsgetränk isotonisch, mit Zucker und Süßungsmitteln, angereichert mit Vitaminen und Mineralstoffen","Isotonic beverage with sugar and artificial sweeteners, fortified with vitamins and minerals",18,95,0.037,0,4.3,0.011,0,20,24,4.3,0.004,0
X574312,"Bohnen weiß, gekocht (mit Fett und Salz)",Haricot beans boiled (with fat and salt),149,68.9,8.527,2.7,17.252,8.759,0,58,40,0.776,0.24,0.04
Y8A3000,Apfel-Bananen-Birnenmus ungesüßt,Apple-banana-pear sauce unsweetened,65,80.4,0.719,0.4,13.4,2.3,0,1,6,11.43,0.113,0
Y840312,Birnenkompott ungesüßt,Pear compote unsweetened,34,90.5,0.185,0.2,7.45,1.6,0,1.7,7,5.72,0.024,0
Y546033,"Wildschweinkeule geschmort, mit Wildsauce von dunkler/brauner Grundsauce","Leg of wild boar braised, with game sauce from brown basic sauce",166,69,15.21,10.5,2.55,0.19,0.17,300,10,0.00942,2.68,48.1
T933100,"Karpfen im Backteig, roh","Carp in frying batter, raw",155,65.7,13.7,5.55,11.44,0.84,0,143,48,0.105,1.22,92
Y8A4040,Grießbrei (als Dessert) mit Vanillesauce,Semolina pudding (as dessert) with vanilla sauce,107,76.9,4.2,3.81,13.72,0.24,0,40,113,8.31,2.2,32
T822400,"Heringsfilet in Meerrettichcreme, Konserve","Herring fillet in horseradish cream, canned",168,75.6,9.9,12.62,3.58,0.1,12,335,44,1.99,2.22,47
X5A8030,"Linsen gekocht, mit gedünstetem Suppengemüse","Lentils boiled, with stewed vegetables",121,70,7.2,2.9,13.6,5.7,0,96,21,0.9,0.3,0.048
Y722243,Rührei gebraten mit Tomaten,Scrambled eggs fried with tomatoes,170,72.6,10.65,13.35,1.4,0.5,1.4,227,47,1.39,2.39,278
X2A2060,"Kopfsalat mit Tomate, Gurke und Joghurtmarinade","Lettuce with tomato, cucumber and yogurt marinade",47,91.2,1.83,2.76,2.6,0.9,0,100,55,2.6,0.67,2.1
V438242,"Suppenhuhn Innereien, tiefgefroren, geschmort ohne Fett","Boiling fowl giblets, deep-frozen, braised without fat",244,52.3,30.9,13.4,0.0,0,1.11,98,18,0.0,3.52,436
X496363,Orangenkaltschale,Cold orange soup,80,80,1.2,1.1,14.5,1.8,0,6,33,14.4,0.101,0
U980200,"Ochsenschwanzsuppe gebunden, Konserve","Oxtail soup thickened, canned",88,81.4,9.6,4.4,2.27,0.4,0.18,379,20,1.44,1.97,26
M2R9300,"Joghurt mind. 3,5 % Fett, mit Nusszubereitung, gesüßt","Yogurt min. 3.5 % fat, with nuts, sweetened",110,75.9,3.99,3.675,14.4,0.3,0,35,101,13.72,2.1,7.81
D734700,Husarenkrapfen (Mürbeteig),"""Husaren"" biscuits (shortcrust pastry) filled with jam",489,9.6,8.4,27.2,51.0,3.3,1,36,31,20.9,13.71,149
S243800,"Speiseeis (Karamell, Nuss, Vanille) gemischt","Ice cream mixed (nut, vanilla, caramel)",206,60.3,3.3,10.58,23.85,0.7,0,38,82,20.68,6.65,55
T797282,"Venusmuschel tiefgefroren, gebraten ohne Fett (Pfanne)","Venus clam deep-frozen, fried without fat (pan)",79,77.8,15.7,1.08,1.6,0,0,314,44,0.0,0.21,34
Y862363,Haselnussflammeri/Haselnusspudding,Hazelnut pudding,174,65.7,5.3,8.66,18.3,0.5,0,56,131,10.86,2.88,71
W271000,Bierschinken,Beer ham,161,68.21,16.625,10.45,0.08,0.05,0.09,800,10.19,0.0,3.5,54.39
T817900,"Sardine in Tomatensauce, Konserve","Sardine in tomato sauce, canned",151,75.2,11.4,10.7,1.9,0.4,2.41,447,43,1.9,1.7,39
Y143132,Rindfleischspieße gegrillt,Beef skewer grilled,212,63,25.34,11.8,0.3,0.41,0.38,154,10,0.3,2.61,62.8
X0A2000,"Frischkornbrei ungesüßt, mit Fruchtmischung","Fresh-grain porridge unsweetened, with mixed fruit",145,65.1,4.82,5,17.8,4.5,0,4,21,4.04,0.54,0
Y842412,Aprikosenkompott mit Süßstoff,Apricot compote with artificial sweetener,38,87,0.7,0.115,7.283,1.365,0,6,20.6,6.574,0.0092,0
X570653,Erbsen-Mais-Gemüse gedünstet,Green peas and sweetcorn stewed,90,77,3.7,3.56,8.8,3.9,0,70,21,4.4,0.34,0.058
X6A2000,"Süßkartoffelpüree (ohne Salz, geeignet für Beikost)","Sweet potato puree (without salt, suitable as baby food)",122,74.2,1.084,4.792,17.6,2.101,0,4,16,4.5,0.31,0.09
N001000,"Nearwater/Aqua Plus Getränk, aromatisiert, ungesüßt","Nearwater/Aqua Plus beverage, flavoured, unsweetened",0,99.9,0.008,0,0.0,0.002,0,2.7,10,0.0,0.001,0
T410252,"Lachs tiefgefroren, gedünstet","Salmon deep-frozen, stewed",163,72.539,17.355,10.419,0.0,0,3.5,31.5,13,0.0,2.232,67.8
E530032,Vollkorneierteigwaren gekocht,Wholemeal egg pasta boiled,125,69.49,5.17,0.99,21.56,4.51,0.1,3,14,0.271,0.171,13
W531000,"Kasseler, Rohpökelware, geräuchert, paniert","Pork loin chop raw cured, smoked, breaded",124,69.8,18.29,2.69,6.28,0.49,0.2,970,11,0.42,0.91,66
X570763,"Zuckererbsen gekocht, in Butter geschwenkt","Sugar peas boiled, tossed in butter",77,85,3.5,4.7,4.1,2,0.011,184,81,3.01,2.879,12
V351242,"Wachtel Fleisch, ohne Haut, tiefgefroren, geschmort ohne Fett","Quail meat, without skin, deep-frozen, braised without fat",184,55.2,36.5,4.28,0.0,0,0.3,37,20,0.0,1.23,127
N500200,"Kaffeeersatz (Getränk) mit Milch 3,5 % Fett",Coffee substitute (infusion) with milk 3.5 % fat,7,97.8,0.19,0.12,1.07,0.525,0,5,9.7,0.27,0.073,0.5
X980112,Semmelknödel,White bread dumplings,179,60.2,7.49,6.64,21.66,1.5,0.3,469,69,2.52,1.47,69
X2A1100,Rote-Bete-Karottensalat (roh) mit Essigmarinade,Beetroot-carrot salad (raw) with vinegar marinade,95,82.4,1.26,6.71,5.83,2.2,0,83,17,5.79,0.51,0.134
X1A7000,Wurst-Käsesalat mit Essigmarinade,Sausage-cheese salad with vinegar marinade,255,62.1,10.4,22.54,1.63,0.3,0,459,260,1.61,8,36.17
X369243,Rotweinsauce süß,Red wine sauce sweet,76,83,0.008,0,12.9,0.008,0,2,7,12.12,0.001,0
U881242,"Schaf Keule, mager, tiefgefroren, geschmort ohne Fett","Sheep leg, lean, deep-frozen, braised without fat",181,60.1,33.5,5.25,0.0,0,0,60,16,0.0,2.5,100
P9A7100,"Cocktail, Cuba Libre","Cocktail, Cuba libre",52,90.2,0.012,0,5.435,0.002,0,1,2,5.435,0.002,0
W873500,Helle Zungenwurst Konserve,Light pork tongue sausage canned,166,71.3,13.71,12.2,0.22,0.12,0.24,800,5.4,0.15,4.26,64.4
Y652112,Schleie pochiert im Wurzelsud,Tench poached in root vegetable stock,54,83,9.671,0.531,1.8,1.5,0,60,68,1.8,0.136,49
X445713,Selleriecremesuppe,Cream of celeriac soup,59,90,0.96,4.7,2.62,1,0.014,194,24,1.36,2.5,12.2
Y371033,Schweineherzragout,Pork heart ragout,134,72,13.8,7,3.6,0.5,0.2,409,9,0.8,1.8,55.75
R963100,Brotaufstrich Tomate-Mozzarella,Tomato-mozzarella spread,242,59.5,4.8,19.4,10.2,2.2,0,600,86,8.3,3.5,43
W254000,Jagdwurst/Schinkenwurst grob,Jagdwurst sausage/ham bologna coarsely minced,204,65.3,15.3,15.8,0.08,0.05,0.2,800,14,0.0,5.61,51.03
D3A6000,Frischkäse-Torte (ohne Backen),Cheesecake (without baking),246,60,5.5,17.9,15.1,0.21,0.3,150,68,11.0,11.2,74
X448153,Champignoncremesuppe aus frischen Champignons und Fleischbrühe,Cream of button mushroom soup with meat stock,78,87,1.68,7,2.0,0.5,0.017,186,16,0.7,4,17
K260200,Kartoffelpuffer tiefgefroren,Potato pancakes deep-frozen,149,59,4,1.65,28.49,2.2,0,379,14,1.28,0.22,10
X328143,Schinkensauce von heller/weißer Grundsauce,Ham sauce from white basic sauce,70,87,4.11,4.4,3.13,0.19,0.008,403,6,0.62,2.6,18
X891133,Nasi Goreng (Reis gebraten mit Gemüse und Schweinefleisch),Nasi Goreng (rice fried with vegetables and pork),110,73,10.2,1,14.0,2,0,199,15,1.7,0.27,18.3
X930862,"Pfannkuchen/Eierkuchen, gebraten, gefüllt mit gedünstetem Rahmspinat","Pancakes fried, filled with stewed cream-spinach",205,61,9.38,12.07,13.6,1.8,0.2,221,232,1.64,3.94,43
E607132,"Grießklößchen getrocknet, gekocht","Semolina dumplings dried, boiled",117,75.51,6.02,4.78,12.12,0.72,0.2,73,77,2.48,2.47,61
T412252,"Buckellachs tiefgefroren, gedünstet","Pink salmon deep-frozen, stewed",110,78.6,18.3,4.1,0.0,0,8.9,61,10,0.0,0.76,55
X416313,Gemüsebrühe mit Ei-Einlauf,Vegetable stock with egg,23,94,1.71,1,1.67,0.1,0.2,300,9,0.51,0.4,33
W131000,Zervelatwurst Ia,Zervelatwurst sausage high quality,341,44.2,23.12,27.54,0.21,0.12,0.52,1500,15,0.0,10.5,73
W854000,Sülzkotelett,Jellied pork chop,104,74.3,22.1,1.7,0.05,0.01,0,874,9,0.05,0.6,52
D7B8000,Spritzgebäck (Rührmasse),Spritz biscuits (cake batter),493,12,6.7,28.8,50.5,2.47,1,63,25,17.2,17.18,183
V484282,"Pute Fleisch, mit Haut, tiefgefroren, gebraten ohne Fett (Pfanne)","Turkey meat, with skin, deep-frozen, fried without fat (pan)",216,59.447,27.494,11.806,0.0,0,0.3,74,21,0.0,3.018,103
U342282,"Kalb Schnitzel (Keule) tiefgefroren, gebraten ohne Fett (Pfanne)","Veal schnitzel (round) deep-frozen, fried without fat (pan)",126,66.989,29.224,0.974,0.0,0,0.412,76,18,0.0,0.407,85
G620262,"Karotte/Möhre, tiefgefroren, gebacken","Carrot deep-frozen, baked",47,86,0.882,0.495,7.613,3.6,0,25.3,28,7.494,0.1152,0
G720232,"Wachsbohne tiefgefroren, gekocht","Wax bean deep-frozen, boiled",29,89.5,2.2,0.2,3.6,2.123,0,1.61,50.6,2.34,0,0
X548343,"Zwiebeln gedünstet, mit Speck","Onions stewed, with bacon",56,87,2.63,2.5,4.93,1.1,0,300,20,4.68,0.3,4.37
Y660912,Rotbarschfilet gedünstet (mit Fett und Salz),Redfish fillet stewed (with fat and salt),113,76,13,6.5,0.3,0.1,2.2,262,25,0.3,0.8,24.8
V222262,"Reh Rücken, tiefgefroren, gebraten ohne Fett (Ofen)","Roe deer saddle, deep-frozen, fried without fat (oven)",152,64.913,29.151,3.89,0.0,0,0.438,98,31,0.0,1.476,89
Y361123,"Schweinerücken geschmort, mit Grundsauce dunkel/braun","Pork loin braised, with brown basic sauce",196,65,17.09,13.1,2.25,0.18,0.1,238,7,0.00825,3.1,45.16
W161000,Plockwurst,Plockwurst sausage,319,48.56,20.5,26.3,0.0,0.12,0.7,1400,19.5,0.0,14.6,77
E605000,Kartoffel-Schupfnudeln roh,Potato noodles (Schupfnudeln) raw,151,59.2,5,1.27,28.72,2.55,0.1,469,13,0.569,0.22,21
X237460,Rotkohlsalat (roh) mit warmer Essigmarinade,Red cabbage salad (raw) with warm vinegar marinade,66,86,1.14,3.7,5.5,1.8,0,92,23,5.15,0.3,0.071
X424553,Fleischbrühe mit Brötchenscheiben,Meat stock with roll slices,52,85,1.88,1.1,8.2,0.6,0.02,329,13,0.76,0.3,0.02
X320363,Bechamelsauce mit Sahne,Bechamel sauce with cream,178,75,2.57,16.4,4.91,0.15,0.042,147,74,2.9,9.2,45
X638012,"Kartoffelpüree, zubereitet aus Instantpulver und Wasser","Potato puree, made from instant powder and water",42,87.7,0.953,0.06,9.101,0.779,0,141,9,0.0,0.02,0
W288200,Gänsepresskopf mit Schweinefleisch,Ghoose brawn with pork,125,74.6,16.2,6.63,0.03,0.02,0.2,700,8,0.0,2.36,77
Y760142,Quarkklöße (mit Zucker und Zimt),Quark dumplings (with sugar and cinnamon),182,61,9.6,6.4,20.7,0.99,0.3,107,76,7.68,3.68,67
W410472,"Schwein Schinkenspeck, Rohpökelware, geräuchert, gegrillt","Pork bacon (ham) raw cured, smoked, grilled",201,50.1,35.18,6.33,0.823,0,0,2800,4.7,0.823,2.091,92.02
Y693842,Rotbarschfilet gegrillt,Redfish fillet grilled,132,71.5,18,6.6,0.03,0.002,3.5,255,27,0.03,1.01,35.6
Y842443,Kürbiskompott,Pumpkin compote,82,76.7,0.538,0.1,19.395,0.286,0,5,14.5,19.141,0.022,0
X880442,Curryreis mit Mandeln,Curried rice with almonds,147,69.8,2.684,5.64,20.9,0.9,0,36,3.6,0.17,0.44,0.089
W882300,Sächsischer Presskopf Konserve,Saxon brawn canned,239,61.4,18.4,18.3,0.1,0.06,0.3,800,7,0.0,6.533,71.78
W255300,Käsekrainer/Käsewürstchen,Small scalded sausage filled with cheese,192,66.9,15.9,14.17,0.06,0.04,0.18,800,204.4,0.0,6.59,55.45
X451463,Allgäuer Käsesuppe mit Croutons,"Cheese soup ""Allgäuer"" with croutons",90,84,3.1,6.7,4.0,0.28,0.01,337,100,0.7,4.3,17
X538153,"Weißkraut gekocht, mit Grundsauce hell/weiß","White cabbage boiled, with white basic sauce",40,92,1.1,1.8,3.97,1.9,0.003,182,29,2.79,1.1,4
T617282,"Schafskopf (Meerbrasse) tiefgefroren, gebraten ohne Fett (Pfanne)","Sheepshead deep-frozen, fried without fat (pan)",120,73.8,24,2.71,0.0,0,3.1,75,26,0.0,0.671,62
W222100,Bratwurst mittelgrob,Bratwurst medium-coarsely minced,292,56.9,15.2,25.6,0.08,0.05,0.27,774,15,0.0,6.5,63.97
F2A2700,Sauerkirschnektar mit Süßungsmitteln,Sour cherry nectar with artificial sweeteners,22,95,0.284,0.14,4.499,0,0,3,9,4.184,0.031,0
U050100,"Rind/Schwein, Hackfleisch gemischt, roh","Beef/pork, mince mixed, raw",236,61.96,18.8,17.83,0.0,0,0.52,57,20.2,0.0,7.392,60
X336363,Paprikasauce von dunkler/brauner Grundsauce,Sweet pepper sauce from brown basic sauce,75,85,1.1,4.9,6.0,1.23,0,263,7,1.9,0.4,0.085
X465363,"Tomaten-Eintopf mit Speck, dicken Bohnen und Suppengemüse","Tomato stew with bacon, broad beans and vegetables",74,85,4,3.5,5.4,1.7,0.04,400,17,2.1,1.2,7.15
Y238033,"Kalbsrücken gebraten im Ofen, mit Sauce","Veal loin fried in oven, with sauce",122,73,17.07,5,2.1,0.16,0.232,243,12,0.00773,0.9,58
U693262,"Schwein Hintereisbein/Hinterhaxe, tiefgefroren, gebraten ohne Fett (Ofen)","Pork hindshank (hock) deep-frozen, fried without fat (oven)",271,54.2,27.31,17.94,0.0,0,0.37,99.5,6.7,0.0,6.035,100.06
D430600,Rosinenkuchen (Rührmasse),Raisin cake (cake batter),375,23,6.7,15.9,49.6,2.5,0.4,172,33,25.6,9.4,100
X216460,Radicchiosalat mit Essigmarinade,Radiccio salad with vinegar marinade,134,81,1,13.23,1.9,0.7,0,114,17,1.2,0.98,0.267
X610143,"Rahmkartoffeln/Niedernauer Kartoffeln, gebraten","Cream potatoes ""Niedernauer"" fried",158,67.9,4.37,9.1,13.8,1.647,0.3,140,50,1.8,2.2,60
K750182,Mischpilze gebraten ohne Fett (Pfanne),Mixed mushrooms fried without fat (pan),55,81.9,5.7,0.5,3.55,8.36,0,8,18,1.59,0.068,0
Y560723,Pilaw mit gedünstetem Hähnchenbrustfilet und Sauce,Pilaf with stewed chicken breast fillet and sauce,152,67,8.1,5.2,17.4,1.3,0.03,232,10,3.2,1.8,23
M252000,"Buttermilchdrink mit Fruchtzubereitung, gesüßt","Buttermilk drink with fruit preparation, sweetened",62,84.8,2.42,0.42,11.7,0,0,36,91,10.8,0.29,6
X416513,Gemüsebrühe mit Teigwaren eifrei,Vegetable stock with pasta egg-free,21,93,0.9,0.2,3.91,0.2,0,258,6,0.58,0.1,0
Y725212,Rührei gebraten mit Kochschinken,Scrambled eggs fried with boiled ham,203,67,14.9,15.64,0.45,0.1,1.5,386,51,0.44,2.91,324
T313252,"Rotzunge tiefgefroren, gedünstet","Witch deep-frozen, stewed",64,83.8,13.839,0.95,0.0,0,5,122,35,0.0,0.136,18
X5B1130,"Gemüse-Kartoffel-Brei, mit Spinat (ohne Salz, geeignet für Beikost)","Vegetable-potato purree, with spinach (without salt, suitable as baby food)",77,85,1.47,4.976,5.9,1.2,0,26,43,1.62,0.37,0.099
W383700,Bremer Pinkel (Grützwurst),Bremer Pinkel pork sausage with oat groats,123,76,5.1,7.77,7.4,1.6,0.14,664,12,0.38,3,26.9
W278600,"Kalbsbrust gefüllt, gebraten ohne Fett (Ofen)","Veal brisket filled, fried (in oven)",199,63.4,19.55,12.89,0.9,0.6,0.4,636,22,0.6,5.2,85
U022232,"Schwein Hackfleisch, tiefgefroren, gekocht","Pork mince, deep-frozen, boiled",345,46.57,25.95,26.78,0.0,0,0.35,59.5,4.9,0.0,8.941,93.1
X5B1030,"Gemüse-Kartoffel-Fleisch-Brei, mit Karotte und Schweinefleisch (ohne Salz, geeignet für Beikost)","Vegetable-potato-meat purree, with carrots and pork (without salt, suitable as baby food)",92,81.8,3.63,4.82,7.576,1.6,0,18,13,3.819,0.46,7.58
Y504023,Wildragout mit Grundsauce dunkel/braun,Game ragout with brown basic sauce,147,71,15.14,8.2,3.0,0.3,0.2,250,10,0.4,0.9,46
R931000,"Schokoladenbuttercreme eihaltig, gestreckt, für Gebäck/Torten","Chocolate butter cream with egg, light, for pastry/tortes",312,48.2,3.1,21.89,25.2,0.94,0.038,22,70,21.0,13.52,85
W141200,"Salami Ia, fettreduziert","Salami high quality, reduced-fat",252,52.6,25.53,16.49,0.23,0.13,0.37,1500,16.9,0.0,6.4,75
X571253,"Dicke Bohnen mit Speck gedünstet, in Grundsauce hell/weiß","Broad beans with bacon stewed, in white basic sauce",118,79,3.4,8.8,4.6,3.1,0.07,285,17,1.5,3.5,9
D490500,Französische Apfeltarte (Blätterteig),French apple tart (puff pastry),343,40.7,4.2,23.6,27.1,2.5,0.2,25,14,6.7,14.78,80
T122252,"Weißer Thun tiefgefroren, gedünstet","Albacore deep-frozen, stewed",109,72.5,24.3,1.3,0.0,0,2.12,78.6,4.2,0.0,0.22,41.9
X810223,"Milchreis gesüßt, mit Milch 3,5 % Fett und Fruchtmischung","Rice pudding sweetened, with milk 3.5 % fat and fruit mix",126,70,3.89,2.5,21.5,0.9,0,33,82,8.34,1.539,9.4
W008000,"Brätblock dunkel, zur Rouladenherstellung","Sausage meat dark, for roulade sausage",152,73,13.35,10.91,0.08,0.05,0.2,700,4.3,0.0,3.95,49
D7A1200,Biskuitplätzchen schokoliert,Sponge cake biscuits with chocolate icing,453,2,10.65,13.89,69.6,3.62,0.7,87,61,44.1,7.07,137
U121282,"Rind Kotelett (Rücken) tiefgefroren, gebraten ohne Fett (Pfanne)","Beef chop (loin) deep-frozen, fried without fat (pan)",166,68.7,29.124,5.532,0.0,0,0.378,63,4.312,0.0,2.415,65.5
U711282,"Schaf Filetmedaillon, tiefgefroren, gebraten ohne Fett (Pfanne)","Sheep fillet medaillon, deep-frozen, fried without fat (pan)",156,63.69,31.38,3.44,0.0,0,0,60.4,6.4,0.0,1.055,84.97
X262612,Karottensalat (roh) mit Essigmarinade,Carrot salad (raw) with vinegar marinade,125,79.8,0.69,10.6,4.97,2.2,0,96,18,4.89,0.8,0.211
X439163,Wildklößchen,Small game meatballs,187,67.7,16.68,12.51,1.72,0.2,0.4,310,14,0.37,4.47,95
X535163,"Kohlrabi gefüllt mit Hähnchenbrustfilet, Reis und Gemüse, überbacken","Kohlrabi filled with chicken breast fillet, rice and vegetables, gratinated",96,79,6.6,4.2,7.0,1.6,0,160,130,2.8,2.2,15
Y855043,Rote Grütze aus Fruchtsaft,Red fruit jelly of fruit juice,70,79.8,1.021,0.1,14.49,0.3,0,2,33,8.55,0.027,0
X216210,Kopfsalat mit Radieschen und Essigmarinade,Lettuce with small red radishes and vinegar marinade,126,83,1.02,12.34,1.6,1.1,0,113,38,1.5,0.9,0.25
X5A7000,Antipasti von gegrillter Paprika,Antipasti of grilled sweet pepper,104,84,1.036,7.9,5.7,2.268,0,95.9,9,5.7,1,0.0054
G480252,"Speisezwiebel tiefgefroren, gedünstet","Onion deep-frozen, stewed",37,88.8,1.259,0.164,6.55,1.6,0,10,27,6.55,0.0274,0
X553712,"Paprikaschoten gebacken, mit Bulgur-Gemüsefüllung","Sweet peppers baked, with bulgur-vegetable-filling",90,79,2.7,2,14.0,2.5,0,77,12,4.3,0.17,0.032
X446153,Karottensuppe,Carrot soup,33,93,0.67,1.9,3.03,0.5,0,245,11,1.63,0.3,0.6
W380200,Reiswurst,Rice sausage,203,62.1,9.54,12.9,12.0,0.33,0.26,714,17.9,0.05,5.26,42
Y813552,Hefeplinsen gebraten,Small yeast pancakes fried,328,38,7.47,16.16,37.0,2.21,0.2,48,57,8.83,2.01,51
X465713,Grüne-Bohnen-Eintopf mit Gemüsebrühe und Kartoffeln,Green bean stew with vegetable stock and potatoes,46,88,1.5,0.6,8.0,1.1,0.001,172,23,1.5,0.4,1
D770800,Kaffeegebäck (Quarkblätterteig),Coffee pastry (puff pastry with quark),432,21,7.6,24.3,44.3,1.9,0.2,124,52,23.9,15.16,83
U861242,"Schaf Bug/Schulter, mager, tiefgefroren, geschmort ohne Fett","Sheep shoulder, lean, deep-frozen, braised without fat",193,62.5,29.2,8.45,0.0,0,0.2,66,19,0.0,2.9,100
X422643,Fleischbrühe mit Teigwaren eifrei,Meat stock with pasta egg-free,21,93,1,0.3,3.44,0.2,0,221,6,0.11,0.1,0
Y894243,Schaumeierkuchen (Omelette souffle) gebraten,Omelette souffle fried,253,54.1,9.3,14.9,19.99,0.19,2,105,46,17.536,6.52,361
W007000,"Brätblock mittel, zur Rouladenherstellung","Sausage meat medium, for roulade sausage",162,72.1,13.01,12.2,0.08,0.05,0.22,700,4.1,0.0,4.41,50
X357613,Saure-Sahne-Dressing für Salat,Sour cream dressing for salad,113,80.3,2.81,8.4,5.7,0.2,0.2,470,100,5.7,4.3,30
Y516112,Hirschbraten ohne Sauce,Venison roast without sauce,161,65.2,26.48,6.05,0.05,0.01,0.43,300,12.8,0.032,1.8,88
V420072,"Hähnchen Unterschenkel, mit Haut, mariniert, gegrillt","Chicken drumstick, with skin, marinated, grilled",220,58.9,23.7,12.81,2.31,0.1,0.27,491,11,2.25,2.27,131.3
X493153,"Holundersuppe mit Apfel und Grießklößen, gebunden","Elderberry soup with apple and small semolina dumplings, thickened",75,81,1.87,1.38,11.8,2,0,22,24,9.86,0.34,8
T502282,"Blei/Brachsen/Brasse, tiefgefroren, gebraten ohne Fett (Pfanne)","Common bream deep-frozen, fried without fat (pan)",112,73.1,19.712,3.72,0.0,0,-,35,65.8,0.0,0.965,94
S581800,Milchschokoladen-Riegel gefüllt mit Karamell-Waffel und Cerealien,Milk chocolate bar with caramel-waffle and puffed cereals,464,10,5.1,20.4,59.7,2,0,170,98,43.1,11.9,19
V511282,"Rind Herz, tiefgefroren, gebraten ohne Fett (Pfanne)","Beef heart, deep-frozen, fried without fat (pan)",176,64.911,24.812,8.492,0.0,0,0,141,10.22,0.0,3.243,192
Y991060,Vanillecremeeis mit Schlagsahne,Vanilla ice cream (with egg) with whipped cream,238,64.5,3.4,19.9,11.32,0.003,0.044,38,89,11.05,10.38,99
Y568223,Eingemachtes Huhn mit Grundsauce hell/weiß und saurer Sahne,"Chicken boiled, with white basic sauce and sour cream",209,67,13.4,16.3,2.0,0.1,0.2,190,20,0.6,5.9,65
X567243,"Rote-Bete-Gemüse gedünstet, mit saurer Sahne","Beetroot stewed, with sour cream",66,86,1.55,4.2,4.7,1.3,0,120,30,4.7,0.8,4
X462133,Gemüse-Eintopf mit Hammelfleisch,Vegetable stew with mutton,106,80,4.53,6.7,6.0,1.7,0,156,23,2.0,2.4,13
G994200,"Gemüsemischung asiatische Art, tiefgefroren","Mixed vegetables Asian style, deep-frozen",29,91,2,0.3,3.4,2,0,6,20,3.4,0.039,0
Y9A2040,"Tartufo, Vanilleeis im Schokoladenmantel (mit Alkohol)","Tartufo, vanilla ice cream in chocolate coating (with alcohol)",375,34,5,24.1,30.0,4.33,0.004,27,66,29.0,15.36,50
Y857540,Erdbeerschnee,Strawberry froth,105,73,2.4,0.2,22.091,1.1,0,38,11,22.057,0.023,0
X270112,Fruchtsalat ungesüßt,Fruit salad unsweetened,56,84,0.77,0.4,10.9,2.2,0,1,15,9.67,0.075,0
X983062,Grießklöße,Semolina dumplings,159,68.4,6.57,7.95,14.74,0.88,0.3,462,80,2.38,2.91,75
X1A1030,"Grüne-Bohnen-Salat (gegart) mit Steinpilzen, Parmaschinken und warmer Essigmarinade","Green bean salad (cooked) with porcini mushrooms, Parma ham and war vinegar marinade",75,84,4.1,4.2,3.7,2.8,0,234,39,2.32,0.6,5
V224142,"Reh Rücken, mariniert, geschmort ohne Fett","Roe deer saddle, marinated, braised without fat",143,66,26.94,3.61,0.42,0.27,0.399,351,35,0.42,1.37,82
X742233,Eierteigwaren mit vier Käsesorten,Egg pasta with four cheeses,196,57,8.2,9.5,18.97,1,0.1,200,160,0.942,5.7,25
X5B1100,"Gemüse-Kartoffel-Brei, mit Fenchel (ohne Salz, geeignet für Beikost)","Vegetable-potato purree, with fennel (without salt, suitable as baby food)",81,85.2,1.15,4.928,7.11,2,0,15,22,2.69,0.38,0.099
X443812,Karotten im Backteig (mit Bier) frittiert,Carrots in frying batter (with beer) deep-fried,231,55.8,5,13.31,20.79,3.2,1,181,28,4.364,1.4,77
X663213,Kartoffelpudding,Potato pudding,157,72.1,6.7,9.39,10.77,0.9,0,230,125,0.65,4.69,98
Y870253,Vanillecreme einfach,Vanilla cream simple,146,70.6,5.2,6.74,16.04,0.039,0.006,57,113,11.82,3.42,82
X5A1000,"Gemüsebratlinge vegan, gebraten","Vegetable patties vegan, fried",152,71,2.2,9.9,12.0,3,0,95,16,3.1,0.7,0.197
X492143,"Kirschkaltschale/Kirschsuppe, gebunden mit Stärke",Cold cherry soup thickened with starch,66,83.6,0.671,0.222,15.1,1.1,0,1,12,13.14,0.05,0
X556142,"Tomatengemüse gedünstet, mit Rosmarin und Salbei","Tomatoes stewed, with rosemary and sage",47,90.3,1.17,2.26,4.37,1.5,0,107,13,3.59,0.17,0.044
T412282,"Buckellachs tiefgefroren, gebraten ohne Fett (Pfanne)","Pink salmon deep-frozen, fried without fat (pan)",145,71,24.9,5,0.0,0,10.2,66,11,0.0,0.91,59
X060030,"Baguette-Brötchen mit Salami, Tomaten und Salatcreme","Baguette roll with salami, tomatoes and salad cream",198,56,7,5.8,28.0,2.5,0.05,500,17,2.5,1.4,11
H900900,"Bohnen weiß, in Tomatensoße, Konserve","Haricot beans in tomato sauce, canned",94,78.5,5.08,1.33,12.88,4.1,0,326,23,3.48,0.1,0
N500500,"Kaffeeersatz (Getränk) mit Kondensmilch 7,5 % Fett und Zucker",Coffee substitute (infusion) with evaporated milk 7.5 % fat and sugar,17,95.7,0.279,0.25,3.026,0.515,0,7,14,2.242,0.136,0.7
X423153,Fleischbrühe mit Gemüse und Reis,Meat stock with vegetables and rice,24,92,1,0.3,4.0,0.6,0,210,10,0.6,0.1,0
U891232,"Schaf Hinterhaxe, mager, tiefgefroren, gekocht","Sheep hindshank, lean, deep-frozen, boiled",169,61.5,32.3,4.47,0.0,0,0,82,7,0.0,1.4,103
Y813162,Savarin (getränkt mit Fruchtsaft),"""Savarin"" (yeast ring cake, drizzled with fruit juice)",283,42,7.9,10.89,37.0,2.14,1,56,36,11.37,5.96,134
X813113,"Kaiserreis (Milchreis gesüßt, mit Sahne und Sauerkirschen)","""Kaiserreis"" (rice pudding sweetenend, with cream and sour cherries)",138,73.4,2.96,7.27,14.8,0.7,0.017,26,69,6.69,3.955,20.8
W981700,"Haselnusspastete mit Mürbeteig, gebacken","Hazelnut pate with shortcrust pastry, baked",312,47.7,16.79,23.39,7.9,1.5,0.2,600,24,0.503,7.54,58
W850400,Burgunder Schinken in Aspik,Burgundy ham in aspic,124,70.1,25.8,2.3,0.013,0.044,0,600,8,0.008,0.7,63.72
S561500,"Zartbitter-/Halbbitterschokolade, gefüllt mit Marzipan","Bittersweet/semisweet chocolate, filled with marzipan",474,6.1,7.31,28.6,43.38,7.13,0,7,46,41.956,10.79,1.6
X491163,Apfelkaltschale/Apfelsuppe,Cold apple soup,51,86.4,0.232,0.3,11.0,1.16,0,2,5,10.372,0.105,0
G710282,"Bohne grün, tiefgefroren, gebraten ohne Fett (Pfanne)","Bean green, deep-frozen, fried without fat (pan)",33,86.7,2.2,0.307,4.2,2.414,0,2.28,82,2.75,0.09,0
N500400,"Kaffeeersatz (Getränk) mit Kondensmilch 7,5 % Fett",Coffee substitute (infusion) with evaporated milk 7.5 % fat,10,97.4,0.284,0.254,1.249,0.525,0,7,14,0.451,0.138,0.7
B521200,Roggenbrötchen mit Schinkenspeck,Rye roll with bacon,270,29.755,8.49,2.9,48.0,8.76,0,600,24.7,0.822,0.86,0.7
W984100,"Kalbfleischpastete mit Schweinefleisch und Mürbeteig, gebacken","Veal pate with pork and shortcrust pastry, baked",217,58.4,18.23,12.58,7.32,0.61,0.3,700,12,0.08,5.77,73
X321163,Tomatensauce aus Tomatenmark,Tomato sauce of tomato paste,107,85,0.5,10.4,2.3,0.8,0,207,12,2.3,0.75,0.2
U541272,"Schwein Schnitzel (Oberschale) tiefgefroren, gegrillt","Pork schnitzel (topside) deep-frozen, grilled",137,67.597,28.8,2.388,0.0,0,0,88,9,0.0,0.898,65.7
X7A1020,"Spaghetti Aglio e olio (Teigwaren eifrei, mit Knoblauch und Öl)","Pasta aglio e olio (pasta egg-free, with garlic and vegetable oil)",189,58,5.1,6.6,26.41,1.6,0,96,12,0.86,0.8,0.0041
W332000,Gekochte Zwiebelwurst,Cooked sausage with onions,314,53.7,17.55,27,0.17,0.09,0.72,700,5.4,0.0,11.73,90.9
D9A2100,Vollkornhefeteig süß gebacken,"Wholemeal yeast dough, sweetened, baked",317,30,9.77,9.6,44.0,7.42,0.1,77,60,7.6,3.686,23
G994162,"Gemüsemischung asiatische Art, gebacken","Mixed vegetables Asian style, baked",35,89,2.4,0.4,4.2,2,0,8,26,4.2,0.046,0
S466000,"Haselnusskerne gebrannt, dragiert","Hazelnut roasted, sugar-coated",533,4.7,7.638,30.358,51.6,3.7,0,2,72,43.6,2.526,0
G322282,"Grünkohl tiefgefroren, gebraten ohne Fett (Pfanne)","Curly kale deep-frozen, fried without fat (pan)",88,71.78,6.899,1.11,5.5,13.913,0,42,470,4.3789,0.171,0
X238310,Weißkrautsalat (roh) mit Essigmarinade,White cabbage salad (raw) with vinegar marinade,98,85,1.14,7.98,3.75,2.5,0,271,37,3.63,0.59,0.16
N253000,"Fruchtsaftgetränk mit Süßungsmitteln, angereichert mit Vitaminen","Fruit juice beverage with artificial sweeteners, fortified with vitamins",2,99,0.042,0,0.4,0.016,0,3,10,0.4,0.002,0
X6A1020,"Süßkartoffeln und Broccoli gedünstet, mit gekochtem Rindfleisch und Grundsauce hell/weiß","Sweet potatoes and broccoli stewed, with boiled beef and white basic sauce",115,75,8.77,4.7,8.4,2,0.112,160,24,2.2,1.1,20
T410282,"Lachs tiefgefroren, gebraten ohne Fett (Pfanne)","Salmon deep-frozen, fried without fat (pan)",208,64.001,23.631,12.6,0.0,0,4,33.9,14,0.0,2.698,72.9
U011172,"Rind Hackfleisch, gegrillt","Beef mince, grilled",303,50.063,26.197,22.009,0.0,0,0.65,70,36.6,0.0,9.931,87
X536063,"Rosenkohl gedünstet, mit zerlassener Butter","Brussels sprouts stewed, with melted butter",89,81,3.27,6.8,1.84,3.1,0.007,109,27,1.35,2.1,8
X720912,"Teigwaren eifrei, gebraten mit Ei","Pasta egg-free, fried with egg",159,64.1,7.8,5.1,19.85,1.04,0.5,116,26,0.69,0.91,116
X356250,Quark-Meerrettich-Dressing,Quark-horseradish dressing,64,83,8.21,1.1,4.06,0.25,0,174,112,3.85,0.72,4.89
X201600,Gemischter Salat mit Joghurtmarinade,Mixed salad with yogurt marinade,47,89.8,2,2.6,2.8,1.2,0,157,50,2.6,0.64,1.95
W881500,Thüringer Rotwurst Konserve,Thuringian blood sausage canned,191,65.5,20.58,11.9,0.37,0.1,0.3,700,7,0.13,4.57,91
Y845453,Apfel im Schlafrock (Mürbeteig) gebacken,Apple baked in shortcrust pastry,248,48,4.5,11.1,30.7,3.3,0.1,27,16,16.0,5.8,37
U065200,"Schwein Brät, tiefgefroren","Pork sausage meat, deep-frozen",268,60.8,12.49,24.13,0.09,0.05,0.41,715.3,6.2,0.0,8.53,53.3
N250000,Fruchtsaftgetränk Zitrusfrüchte,Fruit juice beverage citrus fruit,41,89.6,0.119,0,9.975,0.049,0,3,11,9.975,0,0
V475262,"Gans Schenkel tiefgefroren, gebraten ohne Fett (Ofen)","Goose leg (with skin) deep-frozen, fried without fat (oven)",203,64.89,25.62,11.122,0.0,0,0.22,99.4,8,0.0,3.128,150.5
X548443,Zwiebeln überbacken,Onions gratinated,123,77.2,4.348,8.6,5.98,1.4,0.06,158,137,5.98,2.14,6.6
W193000,Kabanossi/Peperoni,"Kabanossi/Peperoni, sausage, raw, small, firm",329,46.9,21.27,27.13,0.0,0,0.52,1400,11.3,0.0,10.32,83
X462743,"Schusterpfanne auf Köthener-Art (mit Kartoffeln, Schweinenacken und Birnen) gebacken","Stew ""Köthen"" style with potatoes, pork neck and pears, baked in oven",99,79,6.22,4.3,8.48,0.9,0.07,187,8,1.73,1.6,20
Y710362,Spiegelei gebraten mit Schinkenspeck,Fried egg with bacon,201,65.5,16.19,14.91,0.46,0,1.1,900,36,0.44,2.58,238
Y562133,"Hähnchenbrustfilet gebraten, mit Schmorgurken","Chicken breast fillet fried, with braised cucumbers",141,74.6,14.61,8.21,1.69,0.6,0.08,145,23,1.68,2.13,49.3
T417282,"Wildlachs tiefgefroren, gebraten ohne Fett (Pfanne)","Pacific salmon deep-frozen, fried without fat (pan)",208,63.99,23.631,12.6,0.0,0,4,51,20,0.0,2.698,70
N500300,"Kaffeeersatz (Getränk) mit Milch 3,5 % Fett und Zucker",Coffee substitute (infusion) with milk 3.5 % fat and sugar,14,96.1,0.19,0.12,2.84,0.515,0,5,9.5,2.06,0.072,0.5
V250282,"Wildschwein Fleisch, tiefgefroren, gebraten ohne Fett (Pfanne)","Wild boar meat, deep-frozen, fried without fat (pan)",214,59.363,28.068,11.273,0.0,0,0.33,121,13.5,0.0,3.937,94.8
D4A3000,Käsekuchen ohne Boden,Cheesecake (without cake base),183,61.4,10,7.3,18.6,0.3,0.3,60,110,16.4,3.9,68
T900382,Meeresfrüchtemischung gebraten ohne Fett (Pfanne),Shellfish (frutti di mare) fried without fat (pan),82,78.97,16.528,1.71,0.0,0,3,281,54,0.0,0.47,206
T306252,"Heilbutt/Weißer Heilbutt, tiefgefroren, gedünstet","Halibut/white halibut, deep-frozen, stewed",119,79.09,17.529,5.42,0.0,0,5,66,16,0.0,1.154,28.4
T411222,"Lachs tiefgefroren, pochiert","Salmon deep-frozen, poached",187,68.309,19.9,11.947,0.0,0,5.1,37.4,15,0.0,2.558,77.7
Y421012,"Hammelkotelett natur, gebraten",Mutton chop fried,462,36.4,18.94,42.8,0.06,0.01,0,282,12,0.05,15.61,86
T730272,"Hummer tiefgefroren, gegrillt","Lobster deep-frozen, grilled",119,70.849,23.257,2.836,0.0,0,-,403,91,0.0,0.3577,132.5
D430500,Nusskuchen (Rührmasse),Nut cake (cake batter),520,16,9.02,39,31.8,3,0.4,135,56,18.002,15.14,126
U882262,"Schaf Keule, mittelfett, tiefgefroren, gebraten ohne Fett (Ofen)","Sheep leg, medium fat, deep-frozen, fried without fat (oven)",219,60,25.2,13.1,0.0,0,0,72,10,0.0,5.55,94
X213510,Eisbergsalat mit Essigmarinade,Iceberg lettuce with vinegar marinade,71,89.5,0.7,6.4,1.66,1.6,0,56,19,1.65,0.48,0.127
X426153,Ochsenschwanzsuppe klar,Oxtail soup clear,103,81,8.9,6.6,1.3,1.1,0.127,137,26,1.3,2.21,25
W395000,Leberpastete,Liver pate,316,53.9,14.2,28.6,0.5,0.1,0.28,700,10,0.13,3.83,92.16
U852242,"Schaf Brust, mittelfett, tiefgefroren, geschmort ohne Fett","Sheep breast, medium fat, deep-frozen, braised without fat",242,53.7,29.1,14,0.0,0,0.5,81,10,0.0,6.5,118.8
X167512,Rote-Bete-Salat (gegart) mit Essigmarinade,Beetroot salad (cooked) with vinegar marinade,128,79.4,1.47,10.65,5.16,1.8,0,118,14,5.15,0.77,0.217
Y644112,Renke pochiert (ohne Sauce),Whitefish poached (without sauce),86,80,14.918,2.5,0.142,0.011,7.6,156,59,0.142,0.539,54
X215240,Kopfsalat mit Essigmarinade,Lettuce with vinegar marinade,170,78.6,0.94,17.45,1.2,0.9,0,150,39,1.2,1.27,0.355
X434543,Semmelklößchen,Small white bread dumplings,317,46.7,9.02,22.33,19.06,1.63,0.7,391,38,1.76,12.501,194
W395100,Leberpastete mit Champignons,Liver pate with button mushrooms,318,53.9,14.2,28.6,0.8,0.4,0.23,700,10,0.1,3.19,76.82
X4A9010,Weißkohl-Eintopf,White cabbage stew,68,85,1.4,3.7,5.9,2.6,0,212,40,5.8,0.3,0.067
V311262,"Fasan Fleisch, mit Haut, tiefgefroren, gebraten ohne Fett (Ofen)","Pheasant meat, with skin, deep-frozen, fried without fat (oven)",188,58.789,33.785,5.904,0.0,0,0.2,37,25,0.0,1.92,104
Y662032,Schwertfisch pochiert (ohne Sauce),Swordfish poached (without sauce),90,77.8,15.874,2.7,0.161,0.012,2.42,133,12,0.161,0.518,42
B551800,Weizenmischbrötchen mit Zwiebeln,Wheat-rye roll (> 50 % and < 90 % wheat) with onions,296,26.5,8.8,3.1,55.0,6,0,573,22,2.1,0.86,0.009
E811032,"Frischteigwaren eifrei, gekocht","Fresh pasta egg-free, boiled",82,81.3,3.6,1.55,12.87,0.9,0,123,8,0.33,0.2,0
U231242,"Rind Hals/Kamm/Nacken, tiefgefroren, geschmort ohne Fett","Beef neck/chuck, deep-frozen, braised without fat",186,68.4,25.85,9.2,0.0,0,0.457,37,8.52,0.0,4.131,86
M2L2200,"Trinkjoghurt fettarm, mind. 1,5 % bis max. 1,8 % Fett, mit Fruchtzubereitung, gesüßt","Yogurt drink low-fat, min. 1.5 % to max. 1.8 % fat, with fruit preparation, sweetened",80,82.1,3.612,1.273,12.8,0.2,0.02,50,133,11.7,0.65,5
T931200,"Seelachs paniert, tiefgefroren","Saithe/pollack, breaded, deep-frozen",175,62.7,15,6.04,14.59,1.02,0,360,21,0.83,0.9,40
W237062,"Fleischkäse fettreduziert, gebraten ohne Fett (Ofen)","Fleischkaese sausage reduced-fat, fried without fat, (oven)",156,67.5,21.07,7.81,0.19,0.11,0.16,900,6.9,0.0,2.97,66.9
X359540,"Rotweinmarinade, Salatsauce",Red wine marinade for salad,99,81.7,0.41,5.48,8.2,0.4,0,160,14,8.11,0.39,0.105
X536143,"Rosenkohl gedünstet, mit Kochschinken","Brussels sprouts stewed, with boiled ham",58,81.6,6.23,2.04,1.77,3.3,0,256,28,1.26,0.3,8
G650242,"Schwarzwurzel tiefgefroren, geschmort ohne Fett","Black salsify deep-frozen, braised without fat",74,73,1.745,0.54,10.5,6,0,6,62,4.8,0.059,0
X464643,Grüne Erbsensuppe mit Grießklößchen,Green pea soup with small semolina dumplings,78,84,4.6,1.4,9.95,3.3,0,131,24,1.27,0.7,11
U065132,"Schwein Brät, gekocht","Pork sausage meat, boiled",236,64.7,13.21,20.25,0.09,0.06,0.36,485.1,5.9,0.0,7.16,61.26
U025182,"Schwein Frikadelle, gebraten ohne Fett (Pfanne)","Pork patty, fried without fat (pan)",253,58,16.86,18.25,5.0,0.7,0.4,631,17,0.8,6.02,76
Y8D5010,Tiramisu (ohne Ei) mit Likör,Tiramisu (without egg) with liqueur,313,43,5.4,18.2,30.0,1.16,0.3,86,60,21.0,11.49,105
X9A3020,"Blätterteigtaschen mit Lachs-Schmandfüllung, gebacken","Puff pastry pockets with salmon-schmand filling, baked",352,44.2,11.02,26.7,15.9,1.15,1.6,251,40,1.0,10.5,71
Y883140,Quark-Mokka-Creme,Quark-mocha cream,289,51.3,6.3,20.5,18.7,1.6,0.1,30,82,18.3,11.4,38.6
G470282,"Porree/Lauch, tiefgefroren, gebraten ohne Fett (Pfanne)","Leek deep-frozen, fried without fat (pan)",54,84,1.4,0.441,9.0,3.8,0,1,75,6.8,0.078,0
X365563,Aprikosensauce von frischen Früchten,Apricot sauce from fresh fruit,54,84,0.5,0.1,11.759,0.995,0,2,16,10.441,0.01,0
S539700,Vollmilchschokolade mit Rosinen und Haselnüssen,Whole milk chocolate with raisins and hazelnuts,521,3.9,6.5,31.7,50.2,3.4,0.02,59,170,49.6,16.7,13.3
Y725153,"Rührei gebraten, mit Räucherlachs","Scrambled eggs fried, with smoked salmon",193,68,15.35,14.4,0.32,0.1,1.5,544,41,0.31,2.61,256
X497143,"Weinsuppe gesüßt, gebunden mit Stärke","Wine soup sweetened, thickened with starch",35,91.5,0.066,0,5.97,0.026,0,12,7,3.3,0.002,0
Y261422,"Kalbsbrust gedünstet, mit Grundsauce dunkel/braun","Veal brisket stewed, with brown basic sauce",198,66,13.95,14.4,2.78,0.4,0.253,225,12,0.66,4.7,51
W224000,Münchner Weißwurst,Bavarian white sausage,292,57.94,11.7,27.225,0.08,0.08,0.41,834,16.94,0.0,6.29,48
X2A1130,Rotkohlsalat (roh) mit Essigmarinade,Red cabbage salad (raw) with vinegar marinade,93,83.1,1.25,7.62,3.47,2.1,0,263,30,3.38,0.55,0.153
X0A3010,"Knuspermüsli (Granola) gesüßt, mit Joghurt 3,5 % Fett und Fruchtmischung","Crunchy muesli (granola) sweetened, with yogurt 3.5 % fat and mixed fruit",123,72.8,4.6,5.2,12.8,1.9,0,26,78,7.5,2.2,5.54
Y841443,Aprikosenkompott,Apricot compote,61,82,0.7,0.109,13.145,1.284,0,2,19.4,12.478,0.0086,0
N0A1000,"Nearwater/Aqua Plus Getränk, mit Fruchtsaft, aromatisiert, gesüßt","Nearwater/Aqua Plus beverage, with fruit juice, flavoured, sweetened",18,95.6,0.008,0.007,4.4,0,0,2.8,10,4.3,0.001,0
X358240,Sahne-Dressing für Salat,Cream dressing for salad,127,79.8,2.01,10.9,3.4,0.07,0.1,410,70,3.4,5.7,33
B723600,Laugengebäck mit Käse und Schinkenspeck,Lye pastry (pretzels) with cheese and bacon,276,34,9.3,3.41,50.0,3.48,0,500,32,1.4,1.28,1.56
P9A7110,"Cocktail, Mojito","Cocktail, Mojito",52,90,0.031,0,3.498,0.009,0,2,7,3.498,0,0
Y841953,Erdbeerkompott,Strawberry compote,61,84.2,0.708,0.345,12.287,1.7,0,2,14,12.012,0.027,0
U622262,"Schwein Kotelett (Rücken/cranial) tiefgefroren, gebraten ohne Fett (Ofen)","Pork loin (cranial part) deep-frozen, fried without fat (oven)",203,61.63,26.63,10.75,0.0,0,0.16,53.2,7.6,0.0,3.624,74.44
W205000,Knackwürstchen fettreduziert,Small scalded sausage reduced-fat,116,75.8,15.44,5.9,0.13,0.08,0.13,900,5.1,0.0,2.24,50.74
X3A3020,Zucchini-Auberginensauce von heller/weißer Grundsauce,Courgette-aubergine sauce from white basic sauce,84,87,0.8,7.5,3.0,0.7,0.003,265,9,1.4,1.6,4
D9A1100,"Vollkornblätterteig eifrei, gebacken","Wholemeal puff pastry egg-free, baked",533,15,6.45,41.16,31.21,6.2,0,201,18.3,0.37568,16.381,0
X6A5000,Kartoffelteig (aus gekochten Kartoffeln) roh,Potato dough (from boiled potatoes) raw,112,69,3.83,0.87,21.09,2.27,0.1,58,11,0.586,0.23,27
E612032,"Teigwaren eifrei, glutenfrei, gekocht","Pasta egg-free, gluten-free, boiled",143,61.5,3.659,0.965,28.4,3.201,0,0,6,0.45,0.13,0
N272000,Karottensaftschorle,Carrot juice spritzer,11,96.4,0.315,0.16,1.858,0.2,0,19.6,8,1.818,0.0372,0
Y870363,Schokoladencreme abgeschlagen (mit Gelatine) mit Rum,Chocolate cream (with gelatine) with rum,247,57.5,5.5,16.4,17.7,0.82,1,37,108,17.4,8.55,121
V481232,"Pute Fleisch, ohne Haut, tiefgefroren, gekocht","Turkey meat, without skin, deep-frozen, boiled",121,69.5,26.357,1.7,0.0,0,0.2,53,12,0.0,0.489,102.7
Y893062,Honigpfannkuchen gebraten,Honey pancakes fried,321,35,6.81,12.87,43.0,2.6,0.1,26,37,9.55,3.01,29
T604252,"Katfisch/Steinbeißer, tiefgefroren, gedünstet","Catfish/wolffish, deep-frozen, stewed",75,82.08,14.107,2.03,0.0,0,0.5,106,24,0.0,0.484,39.2
T307282,"Schwarzer Heilbutt tiefgefroren, gebraten ohne Fett (Pfanne)","Greenland halibut deep-frozen, fried without fat (pan)",173,73.4,14.772,12.7,0.0,0,15,86,21.8,0.0,2.273,28.7
V417262,"Hähnchen Flügel, mit Haut, tiefgefroren, gebraten ohne Fett (Ofen)","Chicken wings, with skin, deep-frozen, fried without fat (oven)",226,60.63,24.77,14.13,0.0,0,0.34,102.7,13,0.0,3.052,148.6
W273500,Schinkenroulade,Ham roulade sausage,173,70.1,15.75,12.21,0.08,0.08,0.18,700,4.6,0.03,4.48,62.4
W415072,"Schwein Frühstücksspeck, Rohpökelware, geräuchert, gegrillt","Pork breakfast bacon, raw cured, smoked, grilled",337,46.1,19.12,28.69,0.561,0,0.34,1900,4.3,0.561,10.275,67.26
X986143,"Polenta (Maisbrei zubereitet mit Wasser, Rapsöl und Salz) gebacken","Polenta (maize porridge prepared with water, rapeseed oil and salt) baked",128,74,1.913,6.781,13.877,2.08,0,194,8,0.307,0.51,0.118
U331282,"Kalb Steak (Rücken) tiefgefroren, gebraten ohne Fett (Pfanne)","Veal steak (loin) deep-frozen, fried without fat (pan)",142,67.237,27.867,3.348,0.0,0,0.389,78,17,0.0,1.401,97
Y0A2060,"Hackfleischteig roh (für Frikadellen, Buletten, Fleischklopse/-küchle/-pflanzerl)",Minced meat dough (for meatballs) raw,216,63.4,15.58,15.36,3.59,0.4,0.5,238,22,0.7,5.762,69
N312000,Limonade mit höherem Fruchtsaftgehalt,Carbonated soft drink with higher fruit juice content,37,90.6,0.121,0,8.9,0.054,0,3,10,8.9,0.003,0
V489082,"Pute Brust, ohne Haut, mariniert, gebraten ohne Fett (Pfanne)","Turkey breast, without skin, marinated, fried without fat (pan)",178,59.1,30.46,5.14,2.35,0.1,0.15,469,9,2.29,0.74,57
U291242,"Rind Hinterhesse, tiefgefroren, geschmort ohne Fett","Beef leg/hindshank, deep-frozen, braised without fat",177,63.2,28.7,6.9,0.0,0,0.457,58.9,5.71,0.0,2.2,74.9
V050282,"Schnecken tiefgefroren, gebraten ohne Fett (Pfanne)","Snails edible/escargots, deep-frozen, fried without fat (pan)",73,79.5,15.5,1.227,0.0,0,0,79,11,0.0,0.219,56
B254072,Weizenmischtoastbrot getoastet,Mixed wheat toast toasted,297,26,9.3,3.37,54.0,6.32,0,585,22,1.7,1.11,0
C556000,"Weizenglutenfertigmischung, Trockenprodukt","Wheat gluten mix, dried product",404,8,72.7,5.6,14.3,2.4,0,264,139,14.3,0.46,0.5
B255500,Weizenmischbrot mit Zwiebeln,Wheat-rye bread (> 50 % and < 90 % wheat) with onions,214,45,6.69,1.61,40.0,6.1,0,443,20,1.17,0.14,0.017
F921900,"Apfelkompott/Apfelmus, gezuckert, Konserve","Apple sauce/apple compote, sugared, canned",86,77.9,0.22,0.1,20.32,1.827,0,3,4.4,19.2,0.02,0
T792182,"Miesmuschel gekocht, gebraten ohne Fett (Pfanne)","Common mussel boiled, fried without fat (pan)",67,82.38,10.517,2.746,0.0,0,9,300,33,0.0,0.8272,178
X444913,Spargelsuppe,Asparagus soup,43,92,1.2,2.7,3.31,0.4,0,241,13,1.21,1.6,23
Y273012,"Kalbsleber gebraten, mit gebratenen Zwiebeln","Veal liver fried, with fried onions",118,67.1,13.83,2.59,9.25,0.9,0.28,207,20,2.9,0.44,209
W881300,Hausmacher Blutwurst Konserve,Homemade blood sausage canned,322,54.2,15.37,28.81,0.36,0.1,0.51,800,10,0.23,10.8,58
X201840,Gurkensalat mit Essigmarinade,Cucumber salad with vinegar marinade,98,87.5,0.87,9.43,1.61,0.8,0,73,18,1.6,0.71,0.19
T020272,"Tintenfisch tiefgefroren, gegrillt","Common cuttlefish deep-frozen, grilled",107,72.75,23.549,1.46,0.0,0,0,578,40,0.0,0.44,410
S210700,"Speiseeis (Schokolade, Vanille) gemischt, in Waffeltüte","Ice cream mixed (chocolate, vanilla) in waffle cone",226,55.8,3.39,10.75,27.8,1.5,0,37,72,21.1,5.93,28
X992163,Couscous (mit Fett und Salz),Couscous (with fat and salt),179,58.4,5.093,3.645,30.02,2.688,0,67.5,10.9,0.46278,0.31,0.06
X539043,"Wirsing gedünstet, mit Sahne","Savoy cabbage stewed, with cream",80,84,2.28,5.7,3.6,2.2,0.004,142,53,3.1,1,3.4
T793272,"Pilgermuschel/Jakobsmuschel, tiefgefroren, gegrillt","Scallop deep-frozen, grilled",93,72.294,22.818,0.149,0.0,0,11,442,39,0.0,0.044,155
X8A1090,"Sushi vegan, gefüllt mit Gemüse","Sushi vegan, filled with vegetables",97,77,2.3,1.88,16.8,1.4,0,53,8,0.83,0.4,0
X4A1010,Bouillon (Fleischbrühe) mit Ei,Meat bouillon with egg,29,94,1.5,2.5,0.02,0,0,211,15,0.02,0.8,92
W142000,Salami Ia,Salami high quality,410,37.8,21.17,36,0.18,0.1,0.59,1500,16.2,0.0,13.9,80
V464232,"Ente Fleisch, mit Haut, tiefgefroren, gekocht","Duck meat, with skin, deep-frozen, boiled",204,62.676,24.682,11.727,0.0,0,0.2,23,18.8,0.0,3.895,115.026
D660100,Makronen/Mandelmakronen,Macaroons,433,10.6,12.3,20.9,46.59,4.5,0,49,40,46.481,1.78,0
S201300,"Speiseeis (Nuss, Schokolade) gemischt, in Waffeltüte","Ice cream mixed (chocolate, nut) in waffle cone",245,52.5,3.81,11.86,29.5,2.1,0,34,72,22.8,6.36,25
U863262,"Schaf Bug/Schulter, fett, tiefgefroren, gebraten ohne Fett (Ofen)","Sheep shoulder, fat, deep-frozen, fried without fat (oven)",351,50.3,23.3,28.6,0.0,0,0.2,118,10,0.0,13.03,91
T501232,"Karpfen tiefgefroren, pochiert","Carp deep-frozen, poached",107,76.61,15.882,4.88,0.0,0,-,31,78,0.0,1.274,88
Y872160,Erdbeercreme (mit Gelatine),Strawberry cream (with gelatine),154,75,2.2,11.451,9.605,1,0.033,15,39,9.574,6.003,29.9
V487262,"Pute Flügel, mit Haut, tiefgefroren, gebraten ohne Fett (Ofen)","Turkey wings, with skin, deep-frozen, fried without fat (oven)",278,50.8,30.9,17.1,0.0,0,0.35,61,19,0.0,3.6,97
X530343,Sauerkraut mit Apfel gedünstet,Sauerkraut with apple stewed,33,91.9,0.72,0.99,3.0,2.6,0,254,33,2.63,0.12,0.014
X870443,Reisauflauf gesüßt,Rice casserole sweetened,168,63.2,5.34,5.27,24.3,0.7,0,56,114.3,5.84,3.353,18
W223172,Geflügelbratwurst gegrillt,Poultry bratwurst grilled,215,66.9,12.85,18.11,0.1,0.05,0.1,766,11,0.0,5.1,75
U872262,"Schaf Vorderhaxe, mittelfett, tiefgefroren, gebraten ohne Fett (Ofen)","Sheep foreshank, medium fat, deep-frozen fried without fat (oven)",219,60,25.2,13.1,0.0,0,0,72,10,0.0,4,94
U511282,"Schwein Filetmedaillon, tiefgefroren, gebraten ohne Fett (Pfanne)","Pork fillet medaillon, deep-frozen, fried without fat (pan)",144,67.01,28.87,3.17,0.0,0,0,55.5,5.9,0.0,0.97,78.17
D6A5000,Honigkuchen schokoliert,Gingerbread cake with chocolate icing,392,11,6.7,10.6,65.4,4.1,0.1,150,44,39.0,3.41,16
Y184212,Rindfleisch gedünstet (mit Fett und Salz),Beef stewed (with fat and salt),155,70,17.6,8.6,1.2,0.9,0.291,188,20,1.2,2.26,48.7
Y860840,Vanillebuttercreme,Vanilla butter cream,578,13.8,2,46.913,36.916,0,1,14,24,36.916,30.31,252
X518133,Leipziger Allerlei gedünstet,"Mixed vegetables ""Leipziger Allerlei"" stewed",75,86,2.5,3.7,6.36,2.7,0,119,20,3.01,0.3,0.07
X455243,Brotsuppe (Schwarzbrot) aufgebrüht mit Gemüsebrühe,Bread soup (brown bread) with vegetable stock,43,90,0.9,2,5.06,0.7,0,301,7,1.18,0.3,0.035
V990162,"Geflügel Frikadelle, gebraten ohne Fett (Ofen)","Poultry patty, fried without fat (oven)",113,75,16.7,3.2,4.0,0.6,0.2,498,20,0.6,0.678,74
Y849912,"Pflaumenkompott/Zwetschgenkompott, mit Süßstoff",Plum compote with artificial sweetener,39,89,0.24,0.138,8.68,1.4,0,7,8,6.57,0.018,0
Y882410,Quark (Magerstufe) mit Konfitüre,Quark (< 10 % fat in dry matter) with jam,90,75.9,10.3,0.2,11.0,0.2,0,29,115,11.0,0.101,3.53
X5B1140,"Gemüse-Kartoffel-Brei, mit Zucchini (ohne Salz, geeignet für Beikost)","Vegetable-potato purree, with courgette (without salt, suitable as baby food)",75,87,1.1,4.97,6.0,0.9,0,3,14,2.2,0.39,0.099
W171300,Touristenwurst (Rohwurst),Touristenwurst sausage raw,455,33.2,19.93,41.61,0.18,0.1,0.84,1500,28.2,0.0,16.3,80
X562053,"Karotten/Möhren, gekocht, mit Grundsauce hell/weiß","Carrots boiled, with white basis sauce",45,89,0.83,1.6,5.63,2.2,0.003,182,17,4.67,0.9,3
G620282,"Karotte/Möhre, tiefgefroren, gebraten ohne Fett (Pfanne)","Carrot deep-frozen, fried without fat (pan)",74,78.1,1.389,0.78,11.983,5.7,0,39.8,44,11.796,0.1813,0
X810613,"Reisbrei gesüßt, mit Milch 3,5 % Fett","Rice porridge sweetened, with milk 3.5 % fat",129,73.2,5,5.66,14.4,0.3,0,51,109,5.55,3.23,60
G090182,"Gemüsemischung Kaisergemüse, gebraten ohne Fett (Pfanne)","Mixed vegetables (carrots, cauliflower and broccoli florets) fried without fat (pan)",55,83.6,3.446,0.637,6.9,4.3,0,30,45,4.89,0.127,0
V512242,"Kalb Herz, tiefgefroren, geschmort ohne Fett","Veal heart, deep-frozen, braised without fat",175,63.17,27.175,7.36,0.0,0,0,113,27,0.0,2.812,227
X4A9020,"Wirsing-Eintopf mit Gemüsebrühe, Kartoffeln und Karotten","Savoy cabbage stew with vegetable stock, potatoes and carrots",40,89,1.66,0.7,6.0,1.5,0,130,32,2.9,0.1,0.01
G880402,"Bohne grün, milchsauer fermentiert, abgetropft","Bean green, lactic acid fermented, drained",23,91,1.905,0.205,2.6,1.662,0,488.1,64,1.72,0.06,0
Y715142,Eier mit Käse überbacken,Eggs with cheese gratinated,155,73,8.17,11.6,4.35,0.2,0.6,369,135,2.04,6.4,137
X5B1160,"Gemüse-Süßkartoffel-Brei, mit Karotte, Pastinake (ohne Salz, geeignet für Beikost)","Vegetable-sweet potato purree, with carrot and parsnip (without salt, suitable as baby food)",101,78.8,1.25,5.151,11.2,2,0,9,23,4.7,0.39,0.099
X573212,Bleichsellerie gekocht (mit Fett und Salz),Celery boiled (with fat and salt),78,87.4,1.232,6.8,1.6,2.57,0,223,41,1.5,0.48,0.128
V634282,"Hähnchen Leber, tiefgefroren, gebraten ohne Fett (Pfanne)","Chicken liver, deep-frozen, fried without fat (pan)",159,67.01,24.36,6.1,1.765,0,0.95,140,8.7,0.0,1.738,476.5
S570700,Bitterschokolade gefüllt mit Fruchtcreme,Dark chocolate filled with fruit cream,522,5.7,6.49,34.15,43.1,7.5,0.01,8,51,40.0,20.92,14
W866000,Ochsenschwanz in Gelee,Oxtail in jelly,192,63.3,23.8,10.8,0.0,0,0.377,643,14,0.0,4.93,73
T020282,"Tintenfisch tiefgefroren, gebraten ohne Fett (Pfanne)","Common cuttlefish deep-frozen, fried without fat (pan)",87,77.67,19.119,1.22,0.0,0,0,411,34,0.0,0.36,344
X561053,"Kohlrüben/Steckrüben, gedünstet, in Grundsauce hell/weiß","Swede stewed, in white basic sauce",52,88,1.07,3.7,2.55,1.94,0.003,191,25,1.1,1,3
R9A2100,Nusssahne für Gebäck/Torten,Nut cream for pastry/tortes,348,51,5.2,31.6,10.0,1.1,0.067,27,81,9.9,12.736,59.7
Y662233,Schwertfisch gedünstet (mit Fett und Salz),Swordfish stewed (with fat and salt),119,75,16,5.9,0.28,0,1.6,267,14,0.28,0.8,31
X378243,Malteser Sauce,Maltese sauce,368,55,3.3,38.1,2.67,0.062,1,148,38,2.67,22.6,275
S220400,"Speiseeis (Kaffee, Schokolade, Vanille) gemischt","Ice cream mixed (chocolate, coffee, vanilla)",199,61.4,3.5,9.9,23.1,1,0,39,86,20.13,5.4,58
U693272,"Schwein Hintereisbein/Hinterhaxe, tiefgefroren, gegrillt","Pork hindshank (hock) deep-frozen, grilled",282,53.5,26.1,19.73,0.0,0,0.36,103.3,5.2,0.0,6.638,94.65
S420000,Marzipan,Marzipan,407,5.7,4,12.4,68.6,2.494,0,5,22,68.539,1.08,0
U852232,"Schaf Brust, mittelfett, tiefgefroren, gekocht","Sheep breast, medium fat, deep-frozen, boiled",239,54.4,28.6,13.8,0.0,0,0.492,79,10,0.0,6.4,116.9
X1A9020,Meeresfrüchte-Cocktail mit Essigmarinade,Shellfish cocktail with vinegar marinade,140,73.1,15.29,8.64,0.05,0,3,379,60,0.04,0.92,165
F516700,Mangonektar,Mango nectar,51,88,0.2,0.126,12.2,0.1,0,5,12,12.2,0.028,0
X431340,"Schneeklößchen gesüßt, Suppeneinlage",Meringue dumplings as sweet soup garnish,175,55.1,7.2,0,36.445,0.002,0,136,5,36.445,0.002,0
X820753,Reis mit gebratenen Zwiebeln,Rice with fried onions,101,74.5,2.344,0.587,21.0,1.1,0,95,11,2.4,0.06,0.008
X411713,Fleischbrühe mit Grießklößchen,Meat stock with small semolina dumplings,32,91,1.67,1.3,3.41,0.25,0.1,244,13,0.29,0.7,17
X526162,Chicoree gedünstet (mit Fett und Salz),Chicory stewed (with fat and salt),55,88.6,1.63,4.6,1.0,0.9,0,103,56,0.76,0.34,0.093
T617252,"Schafskopf (Meerbrasse) tiefgefroren, gedünstet","Sheepshead deep-frozen, stewed",93,80.3,18,2.3,0.0,0,2.8,72,25,0.0,0.568,60
Y021312,Bratwurst gebraten,Bratwurst fried,252,63.2,12.59,22.31,0.09,0.05,0.3,814,7,0.0,7.42,61
U010162,"Rind Hackfleisch, gebraten ohne Fett (Ofen)","Beef mince, fried without fat (oven)",281,52.08,26.968,19.282,0.0,0,0.61,60,33.9,0.0,8.699,90
U861262,"Schaf Bug/Schulter, mager, tiefgefroren, gebraten ohne Fett (Ofen)","Sheep shoulder, lean, deep-frozen, fried without fat (oven)",176,65.6,26.7,7.73,0.0,0,0.2,85,19,0.0,2.6,91
U271232,"Rind Vorderhesse, tiefgefroren, gekocht","Beef shin/foreshank, deep-frozen, boiled",149,68.703,24.904,5.445,0.0,0,0.411,38,4.184,0.0,1.705,77.7
W214000,Delikatesswürstchen,Gourmet sausage small,163,72,12.52,12.53,0.08,0.05,0.23,900,4.4,0.0,4.55,49.29
X820353,Reis mit gedünsteter Paprika,Rice with stewed sweet peppers,110,74.3,2.293,1.303,21.6,1,0,25.2,3,1.15,0.11,0.023
U541282,"Schwein Schnitzel (Oberschale) tiefgefroren, gebraten ohne Fett (Pfanne)","Pork schnitzel (topside) deep-frozen, fried without fat (pan)",144,65.653,31.015,2.235,0.0,0,0,90,12,0.0,0.841,71.5
W415082,"Schwein Frühstücksspeck, Rohpökelware, geräuchert, gebraten ohne Fett (Pfanne)","Pork breakfast bacon, raw cured, smoked, fried without fat (pan)",310,49.7,18.73,25.91,0.573,0,0.33,1900,4.3,0.573,9.281,67.26
V474232,"Gans Fleisch, mit Haut, tiefgefroren, gekocht","Goose meat, with skin, deep-frozen, boiled",260,59.114,20.186,19.929,0.0,0,0.2,49,15,0.0,5.606,123
X372012,Pesto verde,Pesto verde,542,30,6.7,56.5,0.7,2.1,0.06,722,156,0.7,7.5,6.1
X548812,Zwiebelringe im Backteig (mit Bier) frittiert,Onion rings in frying batter (with beer) deep-fried,226,57.4,5.1,13.12,20.18,2.2,1,99,31,4.48,1.33,74
W151000,Mettwurst,Mettwurst sausage firm,349,43.2,22.85,28.51,0.18,0.1,0.59,1500,14.7,0.0,10.8,87
X810333,"Milchreis gesüßt, mit Milch 3,5 % Fett und Beerenmischung","Rice pudding sweetened, with milk 3.5 % fat and berry mix",113,73.3,3.8,2.4,18.1,1.5,0,31,81,5.6,1.432,8.8
S143000,Maronenkrem,Sweet chestnut cream (spread),247,37.4,1.112,0.737,57.327,3.281,0,3,18.6,47.171,0.111,0
W238032,"Geflügelfleischkäse mit Schweinefleisch, gekocht","Poultry fleischkaese sausage with pork, boiled",150,71.9,15.06,9.9,0.1,0.06,0.2,500,8,0.0,3.16,61.5
X5B1020,"Gemüse-Kartoffel-Fleisch-Brei, mit Karotte und Rindfleisch (ohne Salz, geeignet für Beikost)","Vegetable-potato-meat purree, with carrots and beef (without salt, suitable as baby food)",92,81.8,3.532,4.822,7.576,1.6,0.043,20,13,3.819,0.48,8
U133182,"Rind Steak (Rücken) mariniert, gebraten ohne Fett (Pfanne)","Beef steak (loin) marinated, fried without fat (pan)",172,67,26.48,7.11,0.19,0.3,0.382,457,8,0.19,2.13,59.3
X323253,Zwiebelsauce von heller/weißer Grundsauce,Onion sauce made from white basic sauce,63,89,0.92,4.5,4.17,0.5,0.01,288,12,1.92,2.7,10
Y8A4140,"Vanilleflammeri/Vanillepudding, mit Ei",Vanilla pudding with egg,127,72.6,4.8,4.54,16.64,0.062,0,69,123,9.92,2.5,53
X0A2010,"Frischkornbrei ungesüßt, mit Joghurt 3,5 % Fett und Fruchtmischung","Fresh-grain porridge unsweetened, with yogurt 3.5 % fat and mixed fruit",87,78.6,3.54,2.2,11.8,2,0,22,62,4.1,1.23,4.43
Y790340,Senfbutter,Mustard butter,590,31.1,3.9,63.18,0.9,0.7,1,222,50,0.87,38.22,326
W982600,"Getrüffelte Zungenpastete mit Champignons und Mürbeteig, gebacken","Truffled tongue pate with button mushrooms and shortcrust pastry, baked",236,58.4,14.59,16.03,7.84,1.2,0.2,500,8,0.211,6.77,75
Y840853,Birnen im Sud gekocht,Pears boiled,67,81.1,0.332,0.3,15.28,3,0,1,9,12.02,0.044,0
G090142,"Gemüsemischung Kaisergemüse, geschmort ohne Fett","Mixed vegetables (carrots, cauliflower and broccoli florets) braised without fat",40,88,2.512,0.465,5.1,3.2,0,22,33,3.61,0.093,0
X437343,Leberklößchen mit Semmelbröseln,Small liver dumplings with bread crumbs,244,55.3,13.47,15,13.19,1,1.1,334,26,1.55,8.162,235
C353182,"Wildreis gekocht, gebraten ohne Fett (Pfanne)","Wild rice boiled, fried without fat (pan)",149,64.1,5.398,0.371,30.17,1.6,0,2.01,8.34,0.3,0.062,0
V464242,"Ente Fleisch, mit Haut, tiefgefroren, geschmort ohne Fett","Duck meat, with skin, deep-frozen, braised without fat",213,60.799,26.019,12.094,0.0,0,0.3,24,19.4,0.0,4.015,118.62
C352082,"Reis poliert, gekocht, gebraten ohne Fett (Pfanne)","White rice boiled, fried without fat (pan)",124,65.6,3.51,0.37,26.4,0.65,0,10.39,25.53,0.1,0.042,0
W171200,Krakauer roh,Krakow sausage raw,332,45,23.27,26.56,0.0,0.14,0.59,1500,17.4,0.0,10.15,86
Y810242,Apfelklöße,Apple dumplings,196,57,5.72,5.8,29.0,2.31,0.2,90,24,6.28,3.19,60
U025172,"Schwein Frikadelle, gegrillt","Pork patty, grilled",288,52,18.98,21.23,5.0,0.7,0.4,704,18,0.8,7.005,84
D790300,Kekse/Plätzchen (Vollkornmürbeteig) schokoliert,Wholemeal biscuits with chocolate icing,528,3,6.95,30.85,52.5,6.3,0.05,69,51,28.7,19.05,57
X565043,Schwarzwurzeln gekocht,Black salsify boiled (with lemon juice and salt),56,78,1.26,0.4,7.7,5,0,136,50,3.6,0.049,0
X365443,Hagebuttensauce aus Konfitüre,Rose hip sauce of jam,183,53.7,0.3,0.1,44.5,0.7,0,3,7,43.4,0.011,0
S243400,"Speiseeis (Karamell, Schoko, Vanille) gemischt","Ice cream mixed (chocolate, vanilla, caramel)",204,60.3,3.4,9.81,24.69,0.92,0,38,84,21.65,5.33,56
X521053,"Spinat gedünstet, in Grundsauce hell/weiß","Spinach stewed, in white basic sauce",32,90,2.04,1.5,1.78,1.7,0.002,127,73,0.83,0.8,3
X494143,"Hagebuttensuppe mit Apfel, gebunden mit Stärke","Rose hip soup with apple, thickened with starch",48,89,0.657,0.2,9.6,1.3,0,6,31,8.713,0.021,0
D705300,"Apfelküchlein/Apfelringe im Ausbackteig, frittiert","Apple slices in frying batter, deep-fried",197,61.4,3.5,11.9,17.9,2.04,0,27,33,6.1,4.2,42
V435232,"Suppenhuhn Schenkel, mit Haut, tiefgefroren, gekocht","Boiling fowl leg, with skin, deep-frozen, boiled",226,61.388,22.5,15.088,0.0,0,0.2,34.9,13,0.0,3.339,115.35
U432232,"Kalb Hals/Nacken/Kamm, tiefgefroren, gekocht","Veal scrag deep-frozen, boiled",135,69.241,27.257,2.85,0.0,0,0.429,67,17,0.0,1.191,100
X571153,"Grüne Bohnen gekocht, in Grundsauce hell/weiß","Green beans boiled, in white basic sauce",34,90,1.85,1.1,3.6,1.5,0.002,131,52,2.06,0.6,2
X0A3030,"Knuspermüsli (Granola) gesüßt, mit Sojadrink und Fruchtmischung","Crunchy muesli (granola) sweetened, with soya drink and mixed fruit",142,67.3,4.7,5.4,16.5,3.7,0,12,21,8.0,1.3,0.023
Y993540,Vanillesahneeis mit heißer Schokoladensauce,Vanilla cream ice cream with hot chocolate sauce,182,68.2,4,12.03,14.1,0.29,0,38,113,11.04,6.52,64
U892232,"Schaf Hinterhaxe, mittelfett, tiefgefroren, gekocht","Sheep hindshank, medium fat, deep-frozen, boiled",259,53,29.8,15.5,0.0,0,0,60,11,0.0,4.9,112
Y845312,Pfirsichkompott zuckerreduziert,Peach compote sugar-reduced,47,86,0.6,0.095,10.16,1.5,0,1,6,9.27,0.009,0
G311262,"Blumenkohl tiefgefroren, gebacken","Cauliflower deep-frozen, baked",46,87.8,1.8,0.438,7.92,4.5,0,17,31,3.22,0.066,0
X9A2030,"Getreide-Obst-Brei, mit Apfelmus ungesüßt und Haferflocken (geeignet für Beikost)","Cereal-fruit puree, with unsweetened apple sauce and oat flakes (suitable as baby food)",71,81.6,1.443,2.283,10.0,2.002,0,1,7,4.451,0.3,0.03
V614282,"Hähnchen Herz, tiefgefroren, gebraten ohne Fett (Pfanne)","Chicken heart, deep-frozen, fried without fat (pan)",270,54.01,27.89,17.66,0.0,0,1.4,194,11.3,0.0,4.402,358
W520032,Corned Beef gekocht,Corned beef boiled,138,71.23,22.448,5.172,0.29,0.1,0.3,500,30,0.0,2.171,72
V417242,"Hähnchen Flügel, mit Haut, tiefgefroren, geschmort ohne Fett","Chicken wings, with skin, deep-frozen, braised without fat",185,67.13,21.9,10.86,0.0,0,0.26,48.2,10.8,0.0,2.346,142.9
E612132,"Eierteigwaren glutenfrei, gekocht","Egg pasta gluten-free, boiled",140,65.6,3.173,1.417,28.0,1.183,0.2,10,10,0.18,0.344,43
G720252,"Wachsbohne tiefgefroren, gedünstet","Wax bean deep-frozen, stewed",31,88.6,2.4,0.2,4.0,2.234,0,2.11,52.1,2.54,0,0
U382232,"Kalb Kochfleisch (Brust) tiefgefroren, gekocht","Veal meat for boiling (breast) deep-frozen, boiled",231,60.52,23.895,14.992,0.0,0,0.429,58,10.8,0.0,6.275,100
G710042,"Bohne grün, tiefgefroren, geschmort ohne Fett","Bean green, deep-frozen, braised without fat",32,86.8,2.1,0.3,4.2,2.386,0,2.23,80,2.71,0.089,0
Y861653,"Vanillepudding, Flammeri, zubereitet aus Pulver und Milch 3,5 % Fett",Vanilla pudding made from powder with milk 3.5 % fat,107,76,3.27,3.2,16.14,0.051,0,60,108,10.66,2.023,12.7
V484262,"Pute Fleisch, mit Haut, tiefgefroren, gebraten ohne Fett (Ofen)","Turkey meat, with skin, deep-frozen, fried without fat (oven)",221,57.837,29.627,11.333,0.0,0,0.3,67,20,0.0,2.898,99
Y8A4130,Vanilleflammeri/Vanillepudding (als Dessert) mit Schokoladensauce,Vanilla pudding (as dessert) with chocolate sauce,137,71,4.4,5.35,17.6,0.2,0,52,128,10.87,2.97,54
T415282,"Königslachs tiefgefroren, gebraten ohne Fett (Pfanne)","Chinook salmon deep-frozen, fried without fat (pan)",208,63.99,23.631,12.6,0.0,0,4,51,32,0.0,2.8,70
Y841543,Mirabellenkompott,Mirabelle plum compote,86,78.7,0.449,0.1,20.393,1,0,2,9,18.838,0.018,0
X2A1110,Rote-Bete-Salat (roh) mit Joghurtmarinade,Beetroot salad (raw) with yogurt marinade,60,84.7,1.98,1.73,7.7,2.1,0,85,28,7.35,0.44,1.24
C351082,"Reis unpoliert, gekocht, gebraten ohne Fett (Pfanne)","Brown rice boiled, fried without fat (pan)",137,68.8,3.198,0.976,28.01,1.5,0,1.254,5.5,0.28,0.1715,0
X330563,Sahnesauce von dunkler/brauner Grundsauce,Cream sauce from brown basic sauce,97,83,1.24,7.7,5.34,0.38,0.008,277,11,0.302,1.9,7.4
B314272,"Mehrkorntoastbrot mit Ölsamen, getoastet",Multigrain toast toasted,343,19,11.68,6.83,56.0,5.6,0,539,29,2.0,1.6,0
X445863,Kürbiscremesuppe,Cream of pumpkin soup,69,91,0.95,5.2,4.0,1.3,0.013,169,16,3.1,2.9,13
X567053,"Rote-Bete-Gemüse süß/sauer, gedünstet",Beetroot sweet-and-sour stewed,60,87,1.28,3.3,5.26,1.4,0,124,15,5.26,0.3,0.066
S156000,Birnendicksaft,Pear syrup,272,26.55,1.165,1.001,67.8,1.3,0,42.0652,35.4426,55.8,0.1337,0
U881262,"Schaf Keule, mager, tiefgefroren, gebraten ohne Fett (Ofen)","Sheep leg, lean, deep-frozen, fried without fat (oven)",163,63.8,30.2,4.73,0.0,0,0,77,16,0.0,2.2,90
D314600,Pfirsichtorte (Biskuit) mit Klarguss (ohne Sahne/Creme),Peach torte (sponge cake) with gelatin glaze (without cream),87,78,2.3,1.08,16.56,1.1,0.2,18,11,11.3,0.29,38
U471200,"Kalb Haxe, tiefgefroren","Veal shank, deep-frozen",118,74.9,19.3,4.51,0.0,0,0.42,115,12,0.0,1.913,63
W872500,"Jagdwurst/Schinkenwurst grob, Konserve","Jagdwurst sausage/ham bologna coarsely minced, canned",152,72.6,14.46,10.46,0.08,0.05,0.2,800,4,0.0,3.78,51.03
V487232,"Pute Flügel, mit Haut, tiefgefroren, gekocht","Turkey wings, with skin, deep-frozen, boiled",152,70.9,20.7,7.7,0.0,0,0.21,25,14,0.0,1.6,80
T122282,"Weißer Thun tiefgefroren, gebraten ohne Fett (Pfanne)","Albacore deep-frozen, fried without fat (pan)",143,64.1,32.3,1.54,0.0,0,2.37,82.6,4.4,0.0,0.26,44
X4A8030,Kichererbsen-Eintopf,Chickpea stew,62,85,2.6,2.5,6.0,2.2,0,255,21,1.7,0.3,0.033
X453023,Brühreis mit Hühnerfleisch,Boiled rice with chicken,171,63,9.16,5.6,20.7,0.7,0.1,180,8,0.36,2,37
X640053,Kartoffelgratin,Potato gratin,128,75,3.42,5.77,15.0,1.14,0.03,146,75,1.75,3.01,14.5
G311242,"Blumenkohl tiefgefroren, gedämpft","Cauliflower deep-frozen, steamed",33,92.5,1.3,0.311,5.62,3.2,0,11,22,2.28,0.047,0
X455013,"Brotsuppe (Weißbrot) mit Gemüsebrühe, Tomaten, Champignons und Käse","Bread soup (white bread) with vegetable stock, tomatoes, button mushruooms and cheese",74,85,2.8,4.2,5.9,0.7,0,277,69,1.4,1.5,4.19
Y867112,Erdbeer-Carpaccio (mit Weißwein),Strawberry carpaccio (with white wine),54,86.3,0.737,0.31,9.38,1.6,0,1,15,9.29,0.0242,0
Y063023,Leberpastete/Leberpudding,Liver pate/liver pudding,196,64,15.91,12,6.0,0.3,2,485,16,0.5,3.6,155
X461913,Linsen-Eintopf mit Suppengemüse und Kartoffeln,Lentil stew with vegetables and potatoes,122,67,6.84,2,16.2,5.6,0,216,27,1.7,0.3,0.027
S622000,Pralinen gefüllt mit Marzipan,Pralines filled with marzipan,474,6.1,7.31,28.6,43.38,7.13,0,7,46,41.956,10.79,1.6
X531413,Blumenkohl gratiniert,Cauliflower gratinated,90,82.6,5.6,4.9,5.4,2.5,0,50,180,2.8,3.1,13
Y231233,"Kalbskotelett gebraten, mit Sahnesauce","Veal chop fried, with cream sauce",140,72,19.75,6.6,0.313,0,0.281,193,20,0.313,2.66,76
U421262,"Kalb Rücken, tiefgefroren, gebraten ohne Fett (Ofen)","Veal loin, deep-frozen, fried without fat (oven)",134,68.535,27.114,2.832,0.0,0,0.378,101,17,0.0,1.186,95
G346152,Weinsauerkraut gedünstet,Wine sauerkraut stewed,22,90.9,1.093,0.301,0.99,2.076,0,462,43,0.77,0.07,0
X4A3000,Gemüsesamtsuppe,Velvety vegetable soup,44,90,0.94,2.5,4.0,0.8,0,187,18,2.0,1,4.3
Y179222,"Ochsenzunge paniert, gebraten","Ox tongue breaded, fried",274,54.8,16.38,19.74,7.29,0.56,0.2,263,14,0.43,4.65,132
X572812,Fenchel gekocht (mit Fett und Salz),Fennel boiled (with fat and salt),74,87.3,1.295,5.5,3.13,3,0,130,37,2.73,0.42,0.109
V413232,"Hähnchen Fleisch, ohne Haut, tiefgefroren, gekocht","Chicken meat, without skin, deep-frozen, boiled",128,74,23.3,3.9,0.0,0,0.1,41,12,0.0,0.691,86
Y731163,"Omelett gebraten, gefüllt mit gedünsteten Champignons","Omelette fried, filled with stewed button mushrooms",163,73.4,9.09,13.15,2.1,1,0.9,210,42,0.7,2.85,193
U724072,"Schaf Kotelett, mariniert, gegrillt","Sheep chop (loin) marinated, grilled",421,39,19.22,37.96,0.47,0.29,0,518,24,0.47,17.32,84
X2A1000,Chinakohlsalat mit Essigmarinade,Chinese white cabbage with vinegar marinade,107,84.6,1.39,10.17,1.34,1.3,0,87,57,1.23,0.72,0.205
G992162,"Gemüsemischung Erbsen-Karotten, gebacken","Mixed vegetables peas and carrots, baked",76,81.9,4,0.518,11.045,4.7,0,14,28,4.514,0.113,0
S465000,"Mandeln gebrannt, dragiert","Almond roasted, sugar-coated",472,4.2,10.3,21.902,51.4,6.4,0,63,112.3,43.5,1.883,0
Y637332,Heilbuttfilet gegrillt,Halibut fillet grilled,240,61,23.74,15.8,0.187,0.015,6,89,18,0.187,2.08,29.5
U642262,"Schwein Bauch (wie gewachsen) tiefgefroren, gebraten ohne Fett (Ofen)","Pork belly (untrimmed) deep-frozen, fried without fat (oven)",364,45.85,22.77,30.34,0.0,0,0.46,67.5,6,0.0,10.864,82.66
V438282,"Suppenhuhn Innereien, tiefgefroren, gebraten ohne Fett (Pfanne)","Boiling fowl giblets, deep-frozen, fried without fat (pan)",240,55.1,27,14.62,0.0,0,1.03,104,16,0.0,3.84,381
G450152,Spargel gedünstet,Asparagus stewed,33,92.3,2.269,0.18,4.6,1.7,0,2.48,23.084,4.4,0.0323,0
U642372,"Schwein Bauch (wie gewachsen) mariniert, gegrillt","Pork belly (untrimmed) marinated, grilled",434,37,21.95,38.32,0.14,0.3,0.43,500,11.4,0.13,11.95,77.1
X143242,Fenchelsalat (gegart) mit Essigmarinade,Fennel salad (cooked) with vinegar marinade,109,83.7,1.11,9.61,2.95,2.5,0,98,30,2.61,0.71,0.194
Y996510,Erdbeereis,Strawberry ice cream,170,66.3,1.4,7.6,22.822,0.9,0.022,17,27,22.794,3.945,19.6
X558112,Zucchini-Sahnesauce,Courgette-cream sauce,150,78,2,13.6,4.0,1.2,0.028,108,48,3.5,5.36,25.1
T209282,"Seehecht tiefgefroren, gebraten ohne Fett (Pfanne)","Hake deep-frozen, fried without fat (pan)",101,75.52,20.425,2.17,0.0,0,-,107,51,0.0,0.38,43
M241200,"Joghurt fettarm, mind. 1,5 % bis max. 1,8 % Fett, mit Fruchtzubereitung, gesüßt","Yogurt low-fat, min. 1.5 % to max. 1.8 % fat, with fruit preparation, sweetened",88,78.9,3.368,1.366,14.72,0.2,0.02,48,114,13.87,0.65,3.53
G570272,"Zuckermais tiefgefroren, gegrillt","Sweetcorn deep-frozen, grilled",78,73,3.5,1.47,11.3,3.3,0,2,2.657,4.07,0.197,0
U371262,"Kalb Bratenfleisch (Bug) tiefgefroren, gebraten ohne Fett (Ofen)","Veal meat for roasting (shoulder) deep-frozen, fried without fat (oven)",120,69.874,27.503,1.092,0.0,0,0.378,94,15,0.0,0.457,85
N500800,Kaffeeersatz (Getränk) mit Alkohol,Coffee substitute (infusion) with alcohol,20,96,0.07,0.002,0.904,0.507,0,4,5.7,0.133,0,0
Y910130,Backkartoffeln mit Kräuterquark,Baked potatoes with herb quark,116,76.4,5.19,3.4,15.4,1.087,0,150,50,2.6,0.7,5
D079062,Pizzateig (mit Hefe) gebacken,"Pizza dough with yeast, baked",300,32,7.89,6.26,51.0,3.88,0,179,10.9,1.141,0.48,0.115
S210400,"Speiseeis (Nuss, Schokolade, Vanille) gemischt, in Waffeltüte","Ice cream mixed (chocolate, nut, vanilla) in waffle cone",230,55.3,3.39,11.35,27.6,1.6,0,36,74,21.5,6.66,25
V050232,"Schnecken tiefgefroren, gekocht","Snails edible/escargots, deep-frozen, boiled",78,78.6,16.6,1.29,0.0,0,0,79,12,0.0,0.231,62
X656362,Berner Rösti gebraten,Bernese rösti fried grated potatoes,207,59,2.468,12.755,19.4,2.5,0,124,10,1.12,0.88,0.259
Y8A3020,Apfelkompott,Apple compote,46,87.4,0.292,0.3,9.4,1.387,0,2,6,8.586,0.127,0
T603282,"Zander tiefgefroren, gebraten ohne Fett (Pfanne)","Pike-perch deep-frozen, fried without fat (pan)",102,74.49,23.75,0.74,0.0,0,3.1,26,68,0.0,0.164,90
T780262,"Europäische Auster tiefgefroren, gratiniert ohne Fett (Ofen)","European oyster deep-frozen, gratinated without fat (oven)",73,81.8,9.8,3.27,1.211,0,8,178,91,0.0,0.877,137
Y569533,"Hähnchenschenkel mariniert, gebraten, mit Curryjoghurtsauce","Chicken thigh marinated, fried, with curry-yogurt sauce",262,58.4,16.97,19.88,3.3,0.2,0.25,194,45,1.48,4.24,90.3
Y855253,Stachelbeergrütze mit Schlagsahne,Gooseberry jelly with whipped cream,126,71.4,0.765,2.916,23.336,1.859,0.008,6,26,17.048,1.512,7.5
E608032,Böhmische Knödel gekocht,Bohemian dumplings boiled,199,57.2,7.21,7.27,25.33,1.7,0.3,306,49,1.83,3.87,84
T506282,"Wels tiefgefroren, gebraten ohne Fett (Pfanne)","European catfish deep-frozen, fried without fat (pan)",139,74.3,17.1,7.8,0.0,0,-,19,31,0.0,1.922,179
X613143,Bechamelkartoffeln,Bechamel potatoes,79,80,2.16,2.5,11.37,1.3,0.004,80,30,1.54,1.6,7
G322252,"Grünkohl tiefgefroren, gedünstet","Curly kale deep-frozen, stewed",54,83.75,4.202,0.676,3.35,8.475,0,25,286,2.6671,0.105,0
Y856163,Ananasgelee,Pineapple jelly,60,83.3,1.6,0.1,12.931,0.292,0,6,15,11.996,0.021,0
T020252,"Tintenfisch tiefgefroren, gedünstet","Common cuttlefish deep-frozen, stewed",68,82.53,14.375,1.17,0.0,0,0,392,32,0.0,0.35,327
F3A3700,"Johannisbeernektar schwarz, mit Süßungsmitteln",Black currant nectar with artificial sweeteners,14,96,0.31,0.044,2.5,0.1,0,3,17,2.5,0.005,0
X0A4000,"Haferflocken gesüßt, mit Joghurt 3,5 % Fett und Fruchtmischung","Oat flakes sweetened, with yogurt 3.5 % fat and mixed fruit",120,70.9,4.6,3.2,16.5,2.1,0,24,74,7.89,1.58,5.31
X810123,"Milchreis gesüßt, mit Milch 3,5 % Fett, Zucker und Zimt","Rice pudding sweetened, with milk 3.5 % fat, sugar and cinnamon",142,67.1,4.83,3.18,23.2,0.6,0,43,103.4,6.45,1.961,12.2
Y373032,"Schweineleber gebraten, mit Grundsauce dunkel/braun","Pork liver fried, with brown basic sauce",123,75,12.22,6,4.88,0.32,0.2,222,5,0.01686,1.1,100.12
C492032,Mehrkornschrot gekocht,"Grain mix coarse meal, boiled",50,85.6,1.71,0.47,8.8,2,0,1,6.2,0.198,0.09,0
X570153,"Grüne Erbsen gekocht, in Grundsauce hell/weiß","Green peas boiled, in white basic sauce",80,84,4.8,1.2,10.38,4.1,0.002,128,24,1.14,0.6,2
X952133,"Haferflockenbrei gesüßt, mit Butter und Ei","Porridge sweetened, with butter and egg",137,71.7,6,6.83,12.3,1.298,0,54,122,6.07,3.63,65
X532263,"Broccoli gedünstet, mit Bechamelsauce","Broccoli stewed, with Bechamel sauce",69,85,3.08,4,4.3,1.5,0.005,130,57,2.05,2.4,11
G093132,"Suppengrün/Suppenkraut, gekocht",Mirepoix boiled,31,90,2.019,0.314,3.3,3.3,0,47,60,3.2,0.058,0
D621300,Waffelkekse schokoliert,Waffle biscuits with chocolate icing,362,30.7,5.67,18.77,41.6,2.2,0.2,40,64,27.1,10.08,41
T406252,"Felchen/Maräne/Renke/Schnäpel, tiefgefroren, gedünstet","Whitefishes deep-frozen, stewed",102,77,18.199,3.021,0.0,0,7.4,148,71,0.0,0.649,66
X321263,Tomatensauce aus frischen Tomaten,Tomato sauce of fresh tomatoes,111,83,1.004,9.46,4.39,1.4,0,110,11,4.39,0.69,0.18
Y576133,"Ente gebraten im Ofen, mit Grundsauce dunkel/braun","Duck fried in oven, with brown basic sauce",167,68,19.58,9.1,1.59,0.13,0.1,220,17,0.00581,2.6,83.311
V217242,"Hirsch Rücken, tiefgefroren, geschmort ohne Fett","Venison saddle, deep-frozen, braised without fat",140,68.221,26.808,3.66,0.0,0,0.438,52,11.3,0.0,1.389,89
U741272,"Schaf Schnitzel (Keule, mager) tiefgefroren, gegrillt","Sheep schnitzel (leg, lean) deep-frozen, grilled",174,62.2,31,5.58,0.0,0,0,84,18,0.0,2.66,91
E632332,Dinkelvollkorneierteigwaren gekocht,Wholemeal spelt egg pasta boiled,125,69.49,5.17,0.99,21.56,4.51,0.1,3,14,0.271,0.171,13
V468242,"Ente Innereien, tiefgefroren, geschmort ohne Fett","Duck giblets, deep-frozen, braised without fat",210,58.7,26.6,11.51,0.0,0,0.96,84,16,0.0,3.02,375
U693232,"Schwein Hintereisbein/Hinterhaxe, tiefgefroren, gekocht","Pork hindshank (hock) deep-frozen, boiled",259,56.2,26.24,17.07,0.0,0,0.35,55.4,5.9,0.0,5.741,101.51
S580700,"Schokolade weiß, mit Haselnüssen","Chocolate white, with hazelnuts",586,1.5,8.8,41.54,43.1,2.4,0.02,74.7,210,43.043,15.78,9.2
G490262,"Knoblauch tiefgefroren, gebacken","Garlic deep-frozen, baked",127,53,7.908,0.549,4.0,36.989,0,10.2847,18.85,2.6,0.084,0
T792282,"Miesmuschel tiefgefroren, gebraten ohne Fett (Pfanne)","Common mussel deep-frozen, fried without fat (pan)",65,82.317,11.219,2.197,0.0,0,8,283,26.4,0.0,0.6618,142
T615252,"Rotbarsch/Goldbarsch, tiefgefroren, gedünstet","Ocean perch/redfish deep-frozen, stewed",84,79.7,13.7,3.3,0.0,0,2.8,81,26,0.0,0.679,35.2
Y853512,Rhabarberkompott mit Süßstoff,Rhubarb compote with artificial sweetener,18,93,0.542,0.126,1.229,2.893,0,13,68,1.021,0.026,0
Y995240,Pfirsich Melba,Peach Melba,170,70.4,2.2,10.4,16.5,0.6,0.022,22,54,16.2,5.39,56
T797162,"Venusmuschel gekocht, gratiniert ohne Fett (Ofen)","Venus clam boiled, gratinated without fat (oven)",80,77.7,15,1.33,2.0,0,0,389,54,0.0,0.27,42
Y586113,"Gans gebraten im Ofen, mit Grundsauce dunkel/braun","Goose fried in oven, with brown basic sauce",419,40,19.13,37.6,1.05,0.08,0.3,244,15,0.00391,10.4,104
Y614533,"Thunfischsteak mariniert, gegrillt","Tuna steak marinated, grilled",184,62,25.3,9.16,0.02,0.159,5.2,297,50,0.013,1.94,94
G490282,"Knoblauch tiefgefroren, gebraten ohne Fett (Pfanne)","Garlic deep-frozen, fried without fat (pan)",174,35,10.67,0.741,6.0,49.906,0,13.8762,25.43,3.6,0.113,0
S221800,Frucht-Joghurteis,Yogurt-fruit ice cream,107,75.2,3.3,2.1,17.94,0.3,0,33,69,17.93,1.32,5.23
T502252,"Blei/Brachsen/Brasse, tiefgefroren, gedünstet","Common bream deep-frozen, stewed",87,78.85,14.647,3.12,0.0,0,-,33,61.9,0.0,0.807,88
T612282,"Schwertfisch tiefgefroren, gebraten ohne Fett (Pfanne)","Swordfish deep-frozen, fried without fat (pan)",124,70.39,23.038,3.5,0.0,0,2.37,108,12,0.0,0.657,49
G480262,"Speisezwiebel tiefgefroren, gebacken","Onion deep-frozen, baked",44,86.8,1.511,0.196,7.85,1.9,0,12,33,7.85,0.0329,0
Y991240,Vanilleparfait (Halbgefrorenes),Vanilla parfait (semi-frozen),328,44.9,3.6,22.04,28.7,0,1,29,67,28.7,10.52,218
U221262,"Rind Roastbeef (Rücken) tiefgefroren, gebraten ohne Fett (Ofen)","Beef roastbeef (loin) deep-frozen, fried without fat (oven)",160,69.4,29.124,4.811,0.0,0,0.378,63,3.881,0.0,2.099,65.5
V485242,"Pute Keule, ohne Haut, tiefgefroren, geschmort ohne Fett","Turkey leg, without skin, deep-frozen, braised without fat",136,68.773,26.943,3.094,0.0,0,0.3,49,18,0.0,1.191,102.7
S467000,"Erdnusskerne gebrannt, dragiert","Peanut roasted, sugar-coated",506,3.9,13.6,23.4,54.3,3.9,0,3,28,44.1,3.7,0
S241900,"Speiseeis Vanille, überzogen mit Schokolade und Karamell","Vanilla ice cream, covered with chocolate and caramel",265,49,3.7,14.11,29.96,0.99,0,48,105,26.73,9.09,30
T615262,"Rotbarsch/Goldbarsch, tiefgefroren, gebraten ohne Fett (Ofen)","Ocean perch/redfish, deep-frozen, fried without fat (oven)",108,74.3,18.4,3.87,0.0,0,3.1,86,28,0.0,0.794,37.5
G710262,"Bohne grün, tiefgefroren, gebacken","Bean green, deep-frozen, baked",34,86.4,2.2,0.314,4.4,2.471,0,2.33,84,2.81,0.092,0
N252000,Fruchtsaftgetränk angereichert mit Vitaminen,Fruit juice beverage fortified with vitamins,37,90.5,0.121,0,9.0,0.049,0,3,11,9.0,0,0
U883242,"Schaf Keule, fett, tiefgefroren, geschmort ohne Fett","Sheep leg, fat, deep-frozen, baked",309,50.9,26.7,22.5,0.0,0,0,63,12,0.0,10.263,109
V419062,"Hähnchen Flügel, mit Haut, mariniert, gebraten ohne Fett (Ofen)","Chicken wings, with skin, marinated, fried without fat (oven)",238,58,22.38,15.47,2.23,0.1,0.31,474,15,2.17,2.94,133.9
T720182,"Languste gekocht, gebraten ohne Fett (Pfanne)","Spiny lobster/rock lobster/crawfish, boiled, fried without fat (pan)",90,76.913,18.679,1.677,0.0,0,-,200,104,0.0,0.197,214
U131282,"Rind Steak (Rücken) tiefgefroren, gebraten ohne Fett (Pfanne)","Beef steak (loin) deep-frozen, fried without fat (pan)",166,68.7,29.124,5.532,0.0,0,0.378,63,4.312,0.0,2.49,65.5
X330653,Robertsauce von dunkler/brauner Grundsauce,"Sauce ""Robert"" from brown basic sauce",72,86,1.03,4.8,5.37,0.4,0.001,240,7,0.46,0.7,2
Y841312,Sauerkirschkompott mit Süßstoff,Sour cherry compote with artificial sweetener,57,87,0.746,0.414,11.381,0.9,0,10,9,10.553,0.092,0
X890632,Käsepilaw (Reis mit Zwiebeln und Käse),Cheese pilaf (rice with onions and cheese),187,60,5.93,6.7,25.1,1,0.07,258,109,1.27,4.3,17
X328763,Hummersamtsauce von heller/weißer Grundsauce,Velvety lobster sauce from white basic sauce,87,85,4.6,6.4,2.61,0.15,0,330,30,0.61,3.2,69
X462623,Gemüsesuppe mit Graupen,Vegetable soup with pearl barley,37,90,1.3,1.2,4.8,1,0,210,12,1.6,0.1,0.018
V532282,"Kalb Leber, tiefgefroren, gebraten ohne Fett (Pfanne)","Veal liver, deep-frozen, fried without fat (pan)",110,66.235,18.625,1.513,5.395,0,0.41,97,11.4,0.0,0.475,301
W222682,Rostbratwurst gebraten ohne Fett (Pfanne),Rostbratwurst sausage fried without fat (pan),216,62.9,19.72,15.22,0.1,0.05,0.25,865.1,6.2,0.0,5.63,75.82
V465242,"Ente Schenkel, mit Haut, tiefgefroren, geschmort ohne Fett","Duck leg, with skin, deep-frozen, braised without fat",200,69.4,24.68,11.22,0.0,0,0.3,64,6.9,0.0,3.73,152.8
X201400,Gemischter Salat mit Essigmarinade,Mixed salad with vinegar marinade,115,83.3,1.2,10.9,2.0,1.3,0,161,29,1.7,0.78,0.22
G992200,"Gemüsemischung Erbsen-Karotten, tiefgefroren","Mixed vegetables peas and carrots, deep-frozen",62,85.7,3.4,0.44,8.919,4,0,11,22,3.646,0.096,0
E632032,"Dinkelteigwaren eifrei, gekocht","Spelt pasta egg-free, boiled",149,63.64,5.83,0.61,28.72,2.88,0,0.3,8.1,0.18635,0.06,0
U522272,"Schwein Stielkotelett, tiefgefroren, gegrillt","Pork chop (loin) deep-frozen, grilled",223,58.85,27.27,12.67,0.0,0,0.17,59.2,6.3,0.0,4.28,75.45
U063100,"Rind/Schwein, Hacksteak, roh","Beef/pork, minced steak, raw",205,65.2,15.25,15.54,0.96,0.2,0.4,700,18,0.96,5.919,60
U432262,"Kalb Hals/Nacken/Kamm, tiefgefroren, gebraten ohne Fett (Ofen)","Veal scrag deep-frozen, fried without fat (oven)",136,68.543,27.503,2.876,0.0,0,0.378,119,19,0.0,1.203,95
S201500,"Speiseeis Kaffee, in Waffeltüte","Coffee ice cream, in waffle cone",204,60.2,4.7,10.2,23.1,0.6,1,36,72,17.4,4.91,106
U342262,"Kalb Schnitzel (Keule) tiefgefroren, gebraten ohne Fett (Ofen)","Veal schnitzel (round) deep-frozen, fried without fat (oven)",121,68.009,28.389,0.823,0.0,0,0.4,98,18,0.0,0.344,83
V635282,"Ente Leber, tiefgefroren, gebraten ohne Fett (Pfanne)","Duck liver, deep-frozen, fried without fat (pan)",173,61.5,26.1,6.82,1.765,0,0.95,135,16,0.0,2.1,757
C526062,"Polenta (Maisgrieß mit Wasser, Fett und Salz) gekocht, gebacken","Polenta (Maize semolina prepared with water, fat and salt) boiled, baked",128,74.1,1.916,6.7,13.898,2.083,0,171,8,0.307,0.8,0.0039
X411613,Fleischbrühe mit Ei-Einlauf,Meat stock with egg,21,94,1.78,1,1.2,0.1,0.2,243,9,0.04,0.4,33
G761252,"Zuckererbse tiefgefroren, gedünstet","Sugar pea deep-frozen, stewed",43,87,4.3,0.2,5.0,2,0,17,96,3.62,0,0
Y848312,Rhabarbercreme einfach,Rhubarb cream simple,91,77,1.7,1.234,16.812,1.796,0,20,48,12.776,0.33,43
T710800,"Edelkrebs/Flusskrebs, Präserve",Crayfish semi-preserved,60,83.3,13.764,0.575,0.0,0,0,606,53,0.0,0.0824,193
U511082,"Schwein Filetmedaillon, paniert, gebraten ohne Fett (Pfanne)","Pork fillet medaillon, breaded, fried without fat (pan)",171,57.4,26.8,2.9,9.12,0.71,0.2,517,16,0.61,0.7,107
U151282,"Rind Gulasch (Bug) tiefgefroren, gebraten ohne Fett (Pfanne)","Beef goulash (shoulder) deep-frozen, fried without fat (pan)",179,62.882,28.518,7.171,0.0,0,0.412,62,5.615,0.0,3.147,83.4
X417013,Gemüse-Rindfleisch-Eintopf,Vegetable-beef stew,85,81,7.23,3.2,6.0,1.5,0.095,140,21,1.9,0.8,16.9
W415062,"Schwein Frühstücksspeck, Rohpökelware, geräuchert, gebraten ohne Fett (Ofen)","Pork breakfast bacon, raw cured, smoked, fried without fat (oven)",306,49.9,19.15,25.28,0.58,0,0.32,1700,5.5,0.58,9.055,68.06
Y870440,"Haselnusscreme, eingerührte Art (mit Stärke)",Hazelnut cream (with starch),193,63.1,6.5,10.76,17.2,0.8,0,53,119,12.98,2.79,75
U632272,"Schwein Kamm, tiefgefroren, gegrillt","Pork neck, deep-frozen, grilled",217,61.43,24.27,13.34,0.0,0,0.29,64.3,3.7,0.0,4.97,83.03
S242800,"Speiseeis Vanille, mit Eierlikör",Vanilla ice cream with egg liqueur,206,60.3,2.58,9.78,23.2,0.3,0,43,86,19.2,6.7,29
W271200,Gefüllter Schinken,Filled ham,103,76.9,17.66,3.54,0.08,0.05,0.05,800,3.8,0.0,1.23,56.04
Y8A4010,Grießbrei (als Dessert) mit Karamellsauce,Semolina pudding (as dessert) with caramel sauce,113,75.1,4,3.66,15.94,0.23,0,38,107,11.16,2.11,32
Y870263,Vanillecreme abgeschlagen (mit Gelatine),Vanilla cream (with gelatine),213,64.6,5.5,15.1,13.68,0,1,41,116,13.68,7.55,136
G090162,"Gemüsemischung Kaisergemüse, gebacken","Mixed vegetables (carrots, cauliflower and broccoli florets) baked",43,87.1,2.716,0.502,5.5,3.4,0,24,35,3.87,0.1,0
Y240222,Frikadellen aus Kalbfleisch gebraten,Veal meatballs fried,249,58,19.53,17.75,2.5,0.5,0.6,239,23,0.8,5.45,128
X697212,"Broccolipüree mit Milch 1,5 % Fett",Broccoli puree with milk 1.5 % fat,45,87.2,3.79,1.5,3.2,1.7,0,120,80,2.7,0.7,5
Y720462,Rührei gebraten mit Pfifferlingen und Kochschinken,Scrambled eggs fried with chanterelles and boiled ham,168,71.2,11.23,13,1.11,0.8,0.9,321,45,1.0,2.29,205
V913600,Hähnchenpastete gebacken,Chicken pate baked,211,61,19.2,11.4,7.7,0.57,0.2,200,12,0.071,4.63,80
G480242,"Speisezwiebel tiefgefroren, geschmort ohne Fett","Onion deep-frozen, braised without fat",47,86,1.589,0.207,8.35,2,0,12,35,8.35,0.0346,0
K702432,"Trüffel getrocknet, gekocht","Black truffle (Perigord black truffle) dried, boiled",128,55.1,14.154,0.871,1.0,29.501,0,118,43,1.0,0.156,0
T730282,"Hummer tiefgefroren, gebraten ohne Fett (Pfanne)","Lobster deep-frozen, fried without fat (pan)",99,75.61,19.365,2.436,0.0,0,-,294,78,0.0,0.3073,113.8
X822212,Risi-Pisi (gekochter Reis mit gedünsteten grünen Erbsen),Risi-Pisi (boiled rice with stewed green peas),109,72.9,3.6,1.228,19.4,2.7,0,20,14,2.3,0.13,0.017
G920252,"Gemüsemischung Leipziger Allerlei, tiefgefroren, gedünstet","Mixed vegetables ""Leipziger Allerlei"", deep-frozen, stewed",62,85.5,3.5,0.433,8.91,3.9,0,11,25,3.96,0.094,0
F928900,"Apfelkompott/Apfelmus, mit Süßungsmitteln, Konserve","Apple sauce/apple compote, with artificial sweeteners, canned",32,86,0.3,0.12,6.7,1.67,0,5,5,5.7,0.018,0
C111062,"Weizen ganzes Korn, gekocht, gebacken","Wheat whole grain, boiled, baked",226,40.996,8.7668,1.188,40.513,9.073,0,5,21.2,0.718,0.2,0
G994152,"Gemüsemischung asiatische Art, gedünstet","Mixed vegetables Asian style, stewed",31,90,2.1,0.3,3.9,2,0,7,23,3.9,0.042,0
V330262,"Wildente Fleisch, mit Haut, tiefgefroren, gebraten ohne Fett (Ofen)","Wild duck meat, with skin, deep-frozen, fried without fat (oven)",243,56.7,27,15,0.0,0,0.3,71,8,0.0,4.9,123
D072062,"Blätterteig eifrei, gebacken","Puff pastry egg-free, baked",560,12,5.5,42.36,37.7,2.79,0,209,7.2,0.16125,16.98,0
X326143,Currysauce indisch,Indian curry sauce,67,89,1.02,4.6,4.85,0.9,0.011,193,11,2.99,2.7,11
V414242,"Hähnchen ganz, entbeint, mit Haut, tiefgefroren, geschmort ohne Fett","Chicken whole, boneless, with skin, deep-frozen, braised without fat",205,62.35,25.61,11.39,0.0,0,0.3,39.1,14.3,0.0,2.77,129.33
X339153,Rotweinsauce von dunkler/brauner Grundsauce,Red wine sauce from brown basic sauce,71,86,1.02,4.6,5.28,0.4,0,218,6,0.63,0.4,0.083
T424252,"Meerforelle tiefgefroren, gedünstet","Sea trout deep-frozen, stewed",98,79,16.4,3.44,0.0,0,7.5,59,21,0.0,0.84,99
N5A1000,"Kaffeeersatz (Getränk) mit Mandeldrink, ungesüßt","Coffee substitute (infusion) with almond drink, unsweetened",6,98.1,0.1,0.074,0.94,0.53,0,5.6,6.2,0.145,0.006,0
Y993340,Mokkasahneeis,Mocha cream ice cream,291,57.1,3.7,24.9,12.96,0.1,1,35,89,12.96,12.64,160
Y311323,"Schweinelende gebraten im Ofen, mit Grundsauce dunkel/braun","Pork tenderloin fried in oven, with brown basic sauce",125,72,20.41,4,1.7,0.2,0,197,7,0.45,0.8,54.39
V132242,"Kaninchen Fleisch, tiefgefroren, geschmort ohne Fett","Domestic rabbit meat, deep-frozen, braised without fat",177,61,29.5,6.6,0.0,0,0,47,17,0.0,2.5,101
X740612,Eierteigwaren mit Roquefortsauce,Egg pasta with Roquefort sauce,234,54.6,7.7,14.962,16.666,0.862,0.06,371,154,1.056,7.32,31
K701242,"Champignon tiefgefroren, gedünstet","Button mushroom deep-frozen, stewed",50,83.4,6.45,0.482,5.1,3.4,0,69.13,10,0.3,0.0849,0
T720232,"Languste tiefgefroren, gekocht","Spiny lobster/rock lobster/crawfish, deep-frozen, boiled",76,80.052,15.926,1.358,0.0,0,-,191,84,0.0,0.16,173
X744163,Eierteigwaren mit Muschelsauce,Egg pasta with mussel sauce,114,70,5.7,2.875,15.7,1.1,2,222,26,1.0,0.5,39
D9B1400,Müslikekse/Müsliplätzchen (Vollkornmürbeteig) schokoliert,Wholemeal muesli biscuits (shortcrust pastry) with chocolate icing,438,6,8,18,57.5,6.1,0.2,68,83,39.5,9.4,45
V320262,"Rebhuhn Fleisch, tiefgefroren, gebraten ohne Fett (Ofen)","Partridge meat, deep-frozen, fried without fat (oven)",324,35.3,54.4,11.8,0.0,0,0.3,126,69,0.0,3.9,131.32
G093432,"Suppengrün/Suppenkraut, getrocknet, gekocht","Mirepoix dried, boiled",67,81,2.738,0.583,10.0,5,0,41,70,8.6,0.119,0
T501252,"Karpfen tiefgefroren, gedünstet","Carp deep-frozen, stewed",107,76.61,15.882,4.88,0.0,0,-,30,78,0.0,1.274,88
V464262,"Ente Fleisch, mit Haut, tiefgefroren, gebraten ohne Fett (Ofen)","Duck meat, with skin, deep-frozen, fried without fat (oven)",203,61.115,27.011,10.585,0.0,0,0.2,50,22.5,0.0,3.515,116.795
U151242,"Rind Gulasch (Bug) tiefgefroren, geschmort ohne Fett","Beef goulash (shoulder) deep-frozen, braised without fat",173,63.376,28.77,6.424,0.0,0,0.485,42,4.628,0.0,2.819,85.9
R9A3100,Mohnfüllung für Gebäck/Torten,Poppy seed filling for pastry/tortes,315,31.8,10.26,13.7,34.24,6.63,0,204,395,18.83,2.2,4.3
U532282,"Schwein Kammsteak, tiefgefroren, gebraten ohne Fett (Pfanne)","Pork steak (neck) deep-frozen, fried without fat (pan)",189,65.6,22.81,10.9,0.0,0,0.27,57.7,4.2,0.0,4.05,78.88
V111242,"Pferd Fleisch, tiefgefroren, geschmort ohne Fett","Horse meat, deep-frozen, braised without fat",145,66.565,28.476,3.259,0.541,0,0.476,40,11.44,0.0,1.177,96
U030182,"Kalb Hackfleisch, gebraten ohne Fett (Pfanne)","Veal mince, fried without fat (pan)",257,55.349,26.591,16.687,0.0,0,0.56,72,15,0.0,7.507,101
V484272,"Pute Fleisch, mit Haut, tiefgefroren, gegrillt","Turkey meat, with skin, deep-frozen, grilled",215,59.488,27.671,11.644,0.0,0,0.3,78,21,0.0,2.976,101
V416262,"Hähnchen Brustfilet, tiefgefroren, gebraten ohne Fett (Ofen)","Chicken breast fillet, deep-frozen, fried without fat (oven)",144,65.56,31.85,1.86,0.0,0,0.15,57.5,6,0.0,0.421,93.2
M8B2100,"Speisequarkzubereitung < 10 % Fett i. Tr., mit Fruchtzubereitung, Zucker und Süßungsmitteln","Quark preparation < 10 % fat in dry matter, with fruit preparation, sugar and artificial sweeteners",65,83,9.02,0.15,6.21,0.1,0,29,106,5.95,0.089,3.03
V414272,"Hähnchen ganz, entbeint, mit Haut, tiefgefroren, gegrillt","Chicken whole, boneless, with skin, deep-frozen, grilled",239,58.21,25.61,15.18,0.0,0,0.3,72.7,14.9,0.0,3.68,120.23
X4A9000,Grünkohl-Eintopf mit Kartoffeln,Curly kale-stew with potatoes,66,84,2.43,2.2,7.5,3.3,0,143,107,2.16,0.3,0.032
U891272,"Schaf Hinterhaxe, mager, tiefgefroren, gegrillt","Sheep hindshank, lean, deep-frozen, grilled",161,63.5,29.7,4.72,0.0,0,0,114,7,0.0,1.479,94
Y848912,Heidelbeerkompott ungesüßt,Blueberry compote unsweetened,48,89.2,0.4,0.5,7.5,3.8,0,2,10,7.5,0.046,0
X336661,Pfeffersauce von dunkler/brauner Grundsauce,Pepper sauce from brown basic sauce,74,85,1.2,5,5.8,0.6,0,247,7,0.7,0.4,0.09
V217262,"Hirsch Rücken, tiefgefroren, gebraten ohne Fett (Ofen)","Venison saddle, deep-frozen, fried without fat (oven)",140,67.973,26.808,3.66,0.0,0,0.438,73,12.7,0.0,1.389,89
E606032,Semmelknödel gekocht,White bread dumplings boiled,156,63.2,7.04,4.05,22.03,1.5,0.3,357,61,2.44,1.8,70
E438032,Eier-Frischteigwaren gekocht,Fresh egg pasta boiled,172,59.6,7.26,2.29,29.64,2.14,0.2,121,15,0.244,0.46,53
G090200,"Gemüsemischung Kaisergemüse, tiefgefroren","Mixed vegetables (carrots, cauliflower and broccoli florets) deep-frozen",36,89.5,2.309,0.427,4.4,2.9,0,18,27,3.11,0.085,0
T601272,"Barsch/Flussbarsch, tiefgefroren, gegrillt","European perch deep-frozen, grilled",96,75.1,22.54,0.7,0.0,0,3.6,59,138,0.0,0.118,90
G480282,"Speisezwiebel tiefgefroren, gebraten ohne Fett (Pfanne)","Onion deep-frozen, fried without fat (pan)",59,82.4,2.038,0.265,10.6,2.5,0,16,44,10.6,0.0443,0
V481272,"Pute Fleisch, ohne Haut, tiefgefroren, gegrillt","Turkey meat, without skin, deep-frozen, grilled",134,67.3,26.974,2.9,0.0,0,0.3,110,13,0.0,0.819,94.6
X5A9050,Selleriegemüse gekocht,Celeriac boiled (with lemon juice and salt),26,91.7,1.333,0.3,2.41,3.7,0,158,37,1.845,0.059,0
T633252,"Meeräsche tiefgefroren, gedünstet","Grey mullet deep-frozen, stewed",98,76.41,18.214,2.75,0.0,0,2.8,70,63,0.0,0.884,96
R481132,"Vanillepudding, Flammeri, zubereitet aus Pulver und Milch 3,5 % Fett, gesüßt","Vanilla pudding made from powder, milk 3.5 % fat and sugar",101,77.2,3.11,3.04,15.32,0.048,0,57,102,10.12,1.922,12.1
G470252,"Porree/Lauch, tiefgefroren, gedünstet","Leek deep-frozen, stewed",37,90,1,0.296,6.0,2.6,0,0.6,50,4.5,0.052,0
G620232,"Karotte/Möhre, tiefgefroren, gekocht","Carrot deep-frozen, boiled",38,88.7,0.726,0.407,6.263,3.1,0,19,25,6.165,0.0947,0
X614313,"Kartoffelschichtspeise mit Sauerkraut und Kochschinken, überbacken","Potato layer dish with sauerkraut and boiled ham, gratinated",89,79,5.2,3.6,7.29,2.1,0.002,323,51,1.27,1.4,13
Y888312,Süßkirschkompott zuckerreduziert,Sweet cherry compote sugar-reduced,74,81.6,0.717,0.246,16.58,1.5,0,1,12,15.25,0.055,0
X4B3020,"Schinkennockerln, Suppeneinlage",Ham dumplings as soup garnish,277,49,11.34,15.19,22.63,1.77,0.6,332,25,0.42,8.4,150
V464272,"Ente Fleisch, mit Haut, tiefgefroren, gegrillt","Duck meat, with skin, deep-frozen, grilled",268,55.085,24.983,18.654,0.0,0,0.3,49,20.6,0.0,6.194,106.925
X5A6030,"Lauch gedünstet, mit Butter und Käse","Leek stewed, with butter and cheese",108,82,3.264,7.79,5.0,2,0.04,115,80,3.7,4.889,19
Y882510,Quark (Halbfettstufe) mit Konfitüre,Quark (min. 20 % fat in dry matter) with jam,127,72.8,10.6,4.4,10.4,0.2,0.073,31,74,10.4,2.383,11.6
G311252,"Blumenkohl tiefgefroren, gedünstet","Cauliflower deep-frozen, stewed",36,91.4,1.4,0.338,6.11,3.5,0,13,24,2.48,0.051,0
X323243,Zwiebelsauce von dunkler/brauner Grundsauce,Onion sauce from brown basic sauce,67,86,1.15,4.2,5.69,0.7,0,235,9,1.42,0.3,0.076
D720400,"Brandmasse/Brandteig, gebacken",Choux pastry baked,274,48.4,10.38,14.29,24.94,1.83,0.9,103,35,0.343,7.32,202
W410432,"Schwein Schinkenspeck, Rohpökelware, geräuchert, gekocht","Pork bacon (ham) raw cured, smoked, boiled",137,66.7,25.2,3.79,0.589,0,0,1700,3.8,0.589,1.253,70.22
D630800,"Waffelkekse mit Nuss-Nougatcremefüllung, schokoliert",Waffle biscuits with chocolate nut filling and chocolate icing,499,7.2,6.47,29.22,50.2,4.4,0,35,106,45.7,13.93,28
V511242,"Rind Herz, tiefgefroren, geschmort ohne Fett","Beef heart, deep-frozen, braised without fat",197,59.881,29.244,8.889,0.0,0,0,120,11.91,0.0,3.394,231
V486242,"Pute Brust, ohne Haut, tiefgefroren, geschmort ohne Fett","Turkey breast, without skin, deep-frozen, braised without fat",145,63.672,34.111,0.914,0.0,0,0.14,28,5.9,0.0,0.332,68
U171262,"Rind Bratenfleisch (Bug) tiefgefroren, gebraten ohne Fett (Ofen)","Beef meat for roasting (shoulder) deep-frozen, fried without fat (oven)",161,65.806,26.933,5.889,0.0,0,0.389,59,4.772,0.0,2.583,78.8
V485272,"Pute Keule, ohne Haut, tiefgefroren, gegrillt","Turkey leg, without skin, deep-frozen, grilled",176,61.244,31.538,5.554,0.0,0,0.4,119,23,0.0,2.139,110.6
K703432,"Morchel getrocknet, gekocht","Morel dried, boiled",121,54.3,10.126,1.302,2.4,29.798,0,7,47,2.4,0.222,0
U522262,"Schwein Stielkotelett, tiefgefroren, gebraten ohne Fett (Ofen)","Pork chop (loin) deep-frozen, fried without fat (oven)",203,61.63,26.63,10.75,0.0,0,0.16,53.2,7.6,0.0,3.62,74.44
X744063,"Teigwaren eifrei, mit Kalbsgulasch","Pasta egg-free, with veal goulash",115,71,11.4,2.9,10.4,0.7,0.17,237,19,0.7,0.45,28
R9A3300,Puddingfüllung für Gebäck/Torten,Pudding filling for pastry/tortes,129,71,3.2,3.53,20.98,0.06,0,62,96,14.53,1.93,41
W221072,Rheinische Bratwurst gegrillt,Rhenish bratwurst grilled,240,64.7,12.28,21.11,0.09,0.05,0.3,743,6,0.0,7.4,59
V111262,"Pferd Fleisch, tiefgefroren, gebraten ohne Fett (Ofen)","Horse meat, deep-frozen, fried without fat (oven)",150,65.325,29.516,3.268,0.585,0,0.472,55,12.7,0.0,1.18,97
E606022,Semmelknödel gedämpft,White bread dumplings steamed,156,62.8,6.96,3.91,22.51,1.5,0.2,343,59,2.5,1.74,70
T900352,Meeresfrüchtemischung gedünstet,Shellfish (frutti di mare) stewed,58,84.54,11.417,1.42,0.0,0,3,246,47,0.0,0.39,180
U872242,"Schaf Vorderhaxe, mittelfett, tiefgefroren, geschmort ohne Fett","Sheep foreshank, medium fat, deep-frozen braised without fat",242,56,27.9,14.5,0.0,0,0,56,10,0.0,4.4,105
U882242,"Schaf Keule, mittelfett, tiefgefroren, geschmort ohne Fett","Sheep leg, medium fat, deep-frozen, baked",242,56,27.9,14.5,0.0,0,0,56,10,0.0,6.14,105
X637012,"Kartoffelpüree, zubereitet aus Instantpulver und Milch 3,5 % Fett","Potato puree, made from instant powder and milk 3.5 % fat",108,74.4,4.61,3.59,13.84,0.836,0,184,123,4.07,2.253,14.1
D7B6000,Mürbchen (Mürbeteig) schokoliert,Shortcrust pastry biscuit with chocolate icing,501,6,6.54,26.61,57.1,3.45,0.4,52,22,28.77,16.1,84
V417282,"Hähnchen Flügel, mit Haut, tiefgefroren, gebraten ohne Fett (Pfanne)","Chicken wings, with skin, deep-frozen, fried without fat (pan)",219,60.85,25.66,12.94,0.0,0,0.36,112.6,14,0.0,2.796,157.1
U331262,"Kalb Steak (Rücken) tiefgefroren, gebraten ohne Fett (Ofen)","Veal steak (loin) deep-frozen, fried without fat (oven)",150,64.776,30.4,3.176,0.0,0,0.424,113,19,0.0,1.328,106
T604282,"Katfisch/Steinbeißer, tiefgefroren, gebraten ohne Fett (Pfanne)","Catfish/wolffish, deep-frozen, fried without fat (pan)",97,77,18.762,2.4,0.0,0,0.5,112,25,0.0,0.571,41.1
D710100,Schokoladen-Biskuitplätzchen,Chocolate sponge biscuits,420,2,12.9,9.43,68.4,5.08,0.8,122,60,38.84,4.24,155
T402252,"Stint tiefgefroren, gedünstet","European smelt deep-frozen, stewed",77,81.924,15.536,1.619,0.0,0,3.76,158,60,0.0,0.348,85
Y836312,Mangokompott,Mango compote,90,78,0.7,0.338,20.0,1.3,0,8,23,19.3,0.077,0
X147242,Lauchsalat (gegart) mit Essigmarinade,Leek salad (cooked) with vinegar marinade,110,82,1.84,8.96,4.0,1.9,0,67,37,3.3,0.67,0.179
Y144323,Rinderragout mit Paprika,Beef ragout with sweet pepper,164,68,16.59,9.3,3.15,0.6,0.274,252,9,1.7,2.3,45.8
V474262,"Gans Fleisch, mit Haut, tiefgefroren, gebraten ohne Fett (Ofen)","Goose meat, with skin, deep-frozen, fried without fat (oven)",257,57.621,22.73,18.507,0.0,0,0.2,109,18,0.0,5.207,128
U622242,"Schwein Kotelett (Rücken/cranial) tiefgefroren, geschmort ohne Fett","Pork loin (cranial part) deep-frozen, braised without fat",219,59.35,27.53,12.07,0.0,0,0.17,41.2,7.2,0.0,4.069,78.63
V468282,"Ente Innereien, tiefgefroren, gebraten ohne Fett (Pfanne)","Duck giblets, deep-frozen, fried without fat (pan)",240,55.1,27,14.62,0.0,0,1.03,104,16,0.0,3.84,381
W115282,"Westfälische grobe Mettwurst, gebraten ohne Fett (Pfanne)","Westphalian coarse Mettwurst sausage, fried without fat (pan)",390,41,20.4,34.14,0.18,0.1,0.46,1500,6.5,0.0,12.8,71.95
U632262,"Schwein Kamm, tiefgefroren, gebraten ohne Fett (Ofen)","Pork neck, deep-frozen, fried without fat (oven)",205,62.78,24.66,11.78,0.0,0,0.29,60.2,4.6,0.0,4.391,85.27
U025162,"Schwein Frikadelle, gebraten ohne Fett (Ofen)","Pork patty, fried without fat (oven)",270,55,19.07,19.08,5.0,0.7,0.4,660,19,0.8,6.294,85
S560400,"Zartbitter-/Halbbitterschokolade, mit Haselnüssen","Bittersweet/semisweet chocolate, with hazelnuts",570,1.3,9.03,40.34,38.3,8.9,0,6.5,75,36.2,15.92,2.5
X3A7060,"Mayonnaise, gestreckt mit saurer Sahne","Mayonnaise, diluted with sour cream",419,49.5,2.6,44.3,2.2,0,1,270,70,2.2,5.9,94
G470232,"Porree/Lauch, tiefgefroren, gekocht","Leek deep-frozen, boiled",31,91,0.8,0.261,5.0,2.3,0,0.5,47,4.1,0.046,0
T753232,"Garnele/Granat/Krabbe, tiefgefroren, gekocht","Common shrimp deep-frozen, boiled",94,82.8,19.11,1.973,0.0,0,-,170,126,0.0,0.43553,184.349
V485262,"Pute Keule, ohne Haut, tiefgefroren, gebraten ohne Fett (Ofen)","Turkey leg, without skin, deep-frozen, fried without fat (oven)",189,58.038,34.692,5.554,0.0,0,0.3,106,23,0.0,2.139,110.6
E401062,"Teigwaren eifrei, gekocht, gebacken","Pasta egg-free, boiled, baked",165,56.6,6.1,0.798,32.591,1.698,0,0.8,13.2,0.953,0.114,0
E604332,"Eierteigwaren mit Weizenkeimen, gekocht","Egg pasta with wheat germ, boiled",139,66.63,6.09,1.06,25.24,2.17,0.1,3,12,0.439,0.2,13
Y725512,Rührei gebraten mit Zwiebeln,Scrambled eggs fried with onions,192,69.6,12.07,15.41,1.06,0.3,1.6,262,54,1.05,2.78,322
U733272,"Schaf Filetsteak, tiefgefroren, gegrillt","Sheep fillet steak, deep-frozen, grilled",170,61.03,33.15,4.18,0.0,0,0,68.3,7.1,0.0,1.91,88.83
X531053,"Blumenkohl gekocht, mit Grundsauce hell/weiß","Cauliflower boiled, with white basic sauce",48,91,1.48,2.7,4.31,1.3,0.005,229,13,1.24,1.7,6
Y8A5000,Creme brulee,Creme brulee,351,41.8,5.3,24.7,26.82,0,1,45,126,26.82,12.11,230
Y855543,Kirschgrütze,Cherry jelly,114,72.9,0.657,0.352,25.952,0.7,0,2,8,22.364,0.077,0
U721282,"Schaf Kotelett, tiefgefroren, gebraten ohne Fett (Pfanne)","Sheep chop (loin) deep-frozen, fried without fat (pan)",393,44.31,19.39,35.068,0.0,0,0,105,11,0.0,15.996,88
T124282,"Gelbflossen-Thun tiefgefroren, gebraten ohne Fett (Pfanne)","Yellowfin tuna deep-frozen, fried without fat (pan)",121,68.6,29,0.55,0.0,0,2.9,51,5,0.0,0.192,49
T209252,"Seehecht tiefgefroren, gedünstet","Hake deep-frozen, stewed",78,80.98,15.357,1.84,0.0,0,-,102,49,0.0,0.322,41
G620242,"Karotte/Möhre, tiefgefroren, geschmort ohne Fett","Carrot deep-frozen, braised without fat",44,87,0.816,0.458,7.111,3.4,0,23.4,26,7.0,0.1064,0
Y301122,"Eisbein gepökelt, gekocht","Pork foreshank (hock) ""Eisbein"" cured, boiled",196,64.2,23.03,11.29,0.579,0,0.2,700,5.6,0.579,3.798,91.99
V494242,"Taube Fleisch, mit Haut, tiefgefroren, geschmort ohne Fett","Pigeon meat, with skin, deep-frozen, braised without fat",202,58.32,32.047,8.233,0.0,0,0.3,60,64,0.0,2.447,183
U471142,"Kalb Haxe, geschmort ohne Fett","Veal shank, braised without fat",140,69.815,24.189,4.811,0.0,0,0.45,92,16,0.0,2.041,84
V478242,"Gans Innereien, tiefgefroren, geschmort ohne Fett","Goose giblets, deep-frozen, braised without fat",210,58.7,26.6,11.51,0.0,0,0.96,84,16,0.0,3.02,375
V432232,"Suppenhuhn Fleisch, mit Haut, tiefgefroren, gekocht","Boiling fowl meat, with skin, deep-frozen, boiled",246,58.005,24.485,16.419,0.0,0,0.2,37.9,14,0.0,5.258,125.53
V417272,"Hähnchen Flügel, mit Haut, tiefgefroren, gegrillt","Chicken wings, with skin, deep-frozen, grilled",286,51.46,28.8,19.03,0.0,0,0.44,117.7,14.8,0.0,4.112,174.6
G920232,"Gemüsemischung Leipziger Allerlei, tiefgefroren, gekocht","Mixed vegetables ""Leipziger Allerlei"", deep-frozen, boiled",61,86.1,3.4,0.421,8.69,4,0,10,26,3.86,0.091,0
B8A8072,"Toastbrot glutenfrei, getoastet","Toast gluten-free, toasted",271,36,2.004,4.906,54.0,1.456,0,534,11,4.84,0.36,0.094
U030142,"Kalb Hackfleisch, geschmort ohne Fett","Veal mince, braised without fat",208,62.912,23.032,12.836,0.0,0,0.56,64,14,0.0,5.774,90
V250242,"Wildschwein Fleisch, tiefgefroren, geschmort ohne Fett","Wild boar meat, deep-frozen, braised without fat",204,61.355,26.848,10.783,0.0,0,0.31,82,11.5,0.0,3.766,90.7
K718432,"Steinpilz getrocknet, gekocht","Porcini mushroom dried, boiled",140,56.1,16.189,1.199,9.8,18.85,0,16,13.234,1.589,0.213,0
V469072,"Ente Fleisch, mit Haut, mariniert, gegrillt","Duck meat with skin marinated, grilled",278,53,23.35,20.42,0.18,0.1,0.3,507,21,0.18,5.98,99.735
K713432,"Pfifferling getrocknet, gekocht","Chanterelle dried, boiled",126,53.4,18.654,1.293,2.629,16.294,0,13,18.1,0.768,0.235,0
U080282,"Rind Leberhack, tiefgefroren, gebraten ohne Fett (Pfanne)","Beef liver mince, deep-frozen, fried without fat (pan)",159,63.256,22.812,4.575,6.625,0,2,123,7.2,0.0,1.434,321
T780282,"Europäische Auster tiefgefroren, gebraten ohne Fett (Pfanne)","European oyster deep-frozen, fried without fat (pan)",73,81.98,9.607,3.3,1.225,0,8,153,92,0.0,0.887,138
D701400,Zedernbrot,"""Zedernbrot"" lemon almond biscuits",396,14.8,8.9,15.8,52.4,3.4,0,30,32,52.3,1.36,0
G346132,Weinsauerkraut gekocht,Wine sauerkraut boiled,18,92.4,1.046,0.288,0.94,2.075,0,398,43,0.73,0.067,0
E500082,"Vollkornteigwaren eifrei, gekocht, gebraten ohne Fett (Pfanne)","Wholemeal pasta egg-free, boiled, fried without fat (pan)",132,67,5.5,1.13,23.0,4,0,1,13,1.0,0.168,0
G570232,"Zuckermais tiefgefroren, gekocht","Sweetcorn deep-frozen, boiled",67,76,3,1.255,9.6,2.9,0,2,2.395,3.46,0.168,0
M2N3400,"Sahnejoghurt mind. 10 % Fett, mit Fruchtzubereitung und Süßungsmitteln","Yogurt min. 10 % fat, with fruit preparation and artificial sweeteners",110,83,2.8,8.266,5.4,0.1,0,39,102,4.0,5.412,26
D9A2500,Vollkornhefezopf,Wholemeal braided yeast bread,273,40,8.4,8.26,38.0,6.38,0.1,66,52,6.535,3.17,20
V513242,"Schwein Herz, tiefgefroren, geschmort ohne Fett","Pork heart, deep-frozen, braised without fat",195,60.88,29.106,8.7,0.0,0,0.47,122.2,7.3,0.0,3.26,131.54
U030132,"Kalb Hackfleisch, gekocht","Veal mince, boiled",219,61.121,24.573,13.409,0.0,0,0.59,77,13,0.0,6.031,100
E401082,"Teigwaren eifrei, gekocht, gebraten ohne Fett (Pfanne)","Pasta egg-free, boiled, fried without fat (pan)",149,60.8,5.5,0.716,29.265,1.524,0,0.7,11.8,0.856,0.103,0
D651500,Printen schokoliert,Chocolate printen,424,4,5.5,13.4,68.5,3.4,0.01,155,130,43.7,8.08,15
U020242,"Schwein Hackfleisch, tiefgefroren, geschmort ohne Fett","Pork mince, deep-frozen, braised without fat",393,40.11,27.71,31.36,0.0,0,0.39,52.7,5.2,0.0,10.471,96.2
X329153,Weißweinsauce von heller/weißer Grundsauce,White wine sauce from white basic sauce,50,91,0.64,3.5,2.85,0.17,0.007,246,6,0.52,2.2,8
Y683312,"Muscheln gedämpft, im Weißweinsud","Mussels steamed, in white wine stock",91,84.3,3.95,6.649,0.22,0,4,220,17.1,0.21,0.7,62
G312262,"Broccoli tiefgefroren, gebacken","Broccoli deep-frozen, baked",45,84.3,3.1,0.9338,3.5,4.6,0,37,61,2.05,0.1861,0
U741262,"Schaf Schnitzel (Keule, mager) tiefgefroren, gebraten ohne Fett (Ofen)","Sheep schnitzel (leg, lean) deep-frozen, fried without fat (oven)",161,64.3,29.8,4.67,0.0,0,0,76,16,0.0,2.22,89
X470043,"Vanille-Milchsuppe mit Ei, gebunden mit Stärke","Vanilla-milk soup with egg, thickened with starch",103,78.9,5,4.85,9.73,0.019,0,61,134,7.66,2.7,56
V232242,"Hase Fleisch, tiefgefroren, geschmort ohne Fett","Hare meat, deep-frozen, braised without fat",155,63.646,30.627,3.594,0.0,0,0,39,16.547,0.0,1.373,97
G090132,"Gemüsemischung Kaisergemüse, gekocht","Mixed vegetables (carrots, cauliflower and broccoli florets) boiled",31,91.1,1.96,0.363,3.9,2.6,0,15,27,2.78,0.072,0
X332263,Champignonsauce von dunkler/brauner Grundsauce,Button mushroom sauce from brown basic sauce,72,85,1.7,4.8,5.36,0.7,0,232,5,0.01782,0.4,0.085
G761232,"Zuckererbse tiefgefroren, gekocht","Sugar pea deep-frozen, boiled",40,88,4,0.2,4.6,2,0,13,92,3.31,0,0
T797232,"Venusmuschel tiefgefroren, gekocht","Venus clam deep-frozen, boiled",73,79.2,13.8,1.2,1.8,0,0,350,49,0.0,0.23,38
X330363,Rosinensauce von dunkler/brauner Grundsauce,Raisin sauce from brown basic sauce,88,81,1.2,4.7,9.6,0.8,0,221,7,4.8,0.4,0.084
U271242,"Rind Vorderhesse, tiefgefroren, geschmort ohne Fett","Beef shin/foreshank, deep-frozen, braised without fat",163,65.446,27.126,6.057,0.0,0,0.457,39,4.363,0.0,1.897,81
T501282,"Karpfen tiefgefroren, gebraten ohne Fett (Pfanne)","Carp deep-frozen, fried without fat (pan)",138,70.09,21.375,5.83,0.0,0,-,32,82,0.0,1.524,94
U741282,"Schaf Schnitzel (Keule, mager) tiefgefroren, gebraten ohne Fett (Pfanne)","Sheep schnitzel (leg, lean) deep-frozen, fried without fat (pan)",168,62.8,31.1,4.87,0.0,0,0,79,17,0.0,2.32,93
G450232,"Spargel tiefgefroren, gekocht","Asparagus deep-frozen, boiled",34,92,2.39,0.19,4.85,1.8,0,2.18,25.674,4.63,0.034,0
U461262,"Kalb Bug/Schulter, tiefgefroren, gebraten ohne Fett (Ofen)","Veal shoulder, deep-frozen, fried without fat (oven)",120,69.874,27.503,1.092,0.0,0,0.378,94,15,0.0,0.457,85
G730232,"Dicke Bohne unreif, tiefgefroren, gekocht","Broad bean immature, deep-frozen, boiled",68,81.1,5.8,0.7,6.4,6.4,0,15,22,1.4,0.148,0
S202200,"Speiseeis (Schokolade, Vanille) gemischt, mit Eierlikör","Ice cream mixed (chocolate, vanilla) with egg liqueur",223,56.9,3.12,9.92,26.1,1.21,0,41,88,22.3,5.4,28
X5B1110,"Gemüse-Kartoffel-Brei, mit Karotte, Kürbis (ohne Salz, geeignet für Beikost)","Vegetable-potato purree, with carrot and pumpkin (without salt, suitable as baby food)",86,85.1,0.943,4.959,8.39,1.9,0,8,12,4.0,0.39,0.099
X326653,Kümmelsauce von heller/weißer Grundsauce,Caraway seed sauce from white basic sauce,57,90,0.79,4.2,3.62,0.3,0.008,296,6,0.83,2.6,9
F602300,Limettensaft Konzentrat,Lime concentrate,148,55,2.757,1.2,9.315,0.79,0,11.6,80,9.315,0,0
U070232,"Rind Tatar/Schabefleisch, tiefgefroren, gekocht","Beef mince, lean, deep-frozen, boiled",166,62.45,33,3.75,0.0,0,0.5,60,8,0.0,1.389,97
X331143,Tomatensauce aus frischen Tomaten und saurer Sahne,Tomato sauce of fresh tomatoes and sour cream,112,83,1.13,9.6,4.4,1.3,0,110,20,4.4,1,2
P9A7000,"Cocktail, Pina Colada","Cocktail, Pina colada",89,85.3,0.583,3.924,2.8,0.96,0,6,7,2.6,3.408,0
T793262,"Pilgermuschel/Jakobsmuschel, tiefgefroren, gratiniert ohne Fett (Ofen)","Scallop deep-frozen, gratinated without fat (oven)",69,78.633,16.987,0.111,0.0,0,8,329,29,0.0,0.034,116
G210262,"Spinat tiefgefroren, gebacken","Spinach deep-frozen, baked",24,90.3,2.721,0.372,1.16,2.2,0,62,176,0.93,0.038,0
D7A7200,Franzbrötchen (Plunderteig),"""Franzbrötchen"" Danish pastry, filled with cinnamon-sugar",567,1,5.48,34.85,57.0,1.71,0.1,241,32,34.136,20.31,59
G470242,"Porree/Lauch, tiefgefroren, geschmort ohne Fett","Leek deep-frozen, braised without fat",38,89,1.1,0.344,6.0,3,0,0.7,58,5.3,0.06,0
K706432,"Butterpilz getrocknet, gekocht","Brown-yellow boletus (slippery jack) dried, boiled",131,55.2,10.538,1.489,13.52,19.353,0,22,109,2.192,0.262,0
T406282,"Felchen/Maräne/Renke/Schnäpel, tiefgefroren, gebraten ohne Fett (Pfanne)","Whitefishes deep-frozen, fried without fat (pan)",132,70,24.492,3.611,0.0,0,8.4,157,75,0.0,0.776,70
U471162,"Kalb Haxe, gebraten ohne Fett (Ofen)","Veal shank, fried without fat (oven)",144,68.857,25.038,4.876,0.0,0,0.4,124,15,0.0,2.069,85
K701282,"Champignon tiefgefroren, gebraten ohne Fett (Pfanne)","Button mushroom deep-frozen, fried without fat (pan)",58,80.6,7.51,0.561,5.9,3.9,0,80.46,11,0.3,0.0988,0
U733282,"Schaf Filetsteak, tiefgefroren, gebraten ohne Fett (Pfanne)","Sheep fillet steak, deep-frozen, fried without fat (pan)",156,63.69,31.38,3.44,0.0,0,0,60.4,6.4,0.0,1.56,84.97
V486282,"Pute Brust, ohne Haut, tiefgefroren, gebraten ohne Fett (Pfanne)","Turkey breast, without skin, deep-frozen, fried without fat (pan)",148,63.204,33.74,1.414,0.0,0,0.16,56,6.4,0.0,0.515,63
F203700,Pfirsichnektar,Peach nectar,48,87,0.3,0.044,11.6,0.1,0,2,5,11.14,0.0036,0
V484242,"Pute Fleisch, mit Haut, tiefgefroren, geschmort ohne Fett","Turkey meat, with skin, deep-frozen, braised without fat",172,65.216,26.549,7.286,0.0,0,0.3,36,18,0.0,1.862,106
X131460,Blumenkohlsalat (gegart) mit Essigmarinade,Cauliflower salad (cooked) with vinegar marinade,132,82.4,1.42,12.08,3.84,1.8,0,92,16,1.83,0.86,0.234
Y646132,Felchenfilet in Mandelkruste gebacken,Whitefish fillet baked in almond crust,225,55,27.119,12.075,0.63,1.7,8.1,328,87,0.59,1.43,67
U642232,"Schwein Bauch (wie gewachsen) tiefgefroren, gekocht","Pork belly (untrimmed) deep-frozen, boiled",357,46.86,22.49,29.64,0.0,0,0.45,38.6,5.4,0.0,10.614,86.15
U023262,"Schwein Hackfleisch, tiefgefroren, gebraten ohne Fett (Pfanne)","Pork mince, deep-frozen, fried without fat (pan)",339,47.51,25.35,26.44,0.0,0,0.35,66.9,5.1,0.0,8.825,86.15
U863232,"Schaf Bug/Schulter, fett, tiefgefroren, gekocht","Sheep shoulder, fat, deep-frozen, boiled",408,42,27.2,33.3,0.0,0,0.3,97,11,0.0,15.201,107
U131262,"Rind Steak (Rücken) tiefgefroren, gebraten ohne Fett (Ofen)","Beef steak (loin) deep-frozen, fried without fat (oven)",162,68.9,29.523,4.877,0.0,0,0.384,64,3.934,0.0,2.196,66.4
V488242,"Pute Innereien, tiefgefroren, geschmort ohne Fett","Turkey giblets, deep-frozen, braised without fat",210,58.7,26.6,11.51,0.0,0,0.96,84,16,0.0,3.02,375
V438232,"Suppenhuhn Innereien, tiefgefroren, gekocht","Boiling fowl giblets, deep-frozen, boiled",204,60.3,25.2,11.51,0.0,0,0.96,72,12,0.0,3.02,375
U471172,"Kalb Haxe, gegrillt","Veal shank, grilled",140,70.307,23.16,5.299,0.0,0,0.4,122,14,0.0,2.247,79
U884042,"Schaf Keule, mager, mariniert, geschmort ohne Fett","Sheep leg, lean, marinated, braised without fat",165,62,30.7,4.43,0.48,0.31,0,358,28,0.48,2,92
T313282,"Rotzunge tiefgefroren, gebraten ohne Fett (Pfanne)","Witch deep-frozen, fried without fat (pan)",84,79.01,18.406,1.12,0.0,0,5,129,36,0.0,0.161,19
Y860553,"Schokoladenflammeri/Schokoladenpudding, mit Vanillesauce",Chocolate pudding with vanilla sauce,123,72.9,3.9,4.26,17.1,0.1,0,48,109,11.79,2.23,33
F092152,"Beerenmischung mit Sauerkirschen, ungesüßt, gedünstet","Berry mix with sour cherries, unsweetened, stewed",53,85.3,1.2,0.3,8.4,3.7,0,1,24,7.5,0.033,0
U510082,"Schwein Filetmedaillon, mariniert, gebraten ohne Fett (Pfanne)","Pork fillet medallion, marinated, fried without fat (pan)",164,63.9,26.6,6.2,0.14,0.3,0,500,11.1,0.13,0.7,70.95
T103802,"Matjeshering in Öl, Präserve, abgetropft","Matjes herring in oil, semi-preserved, drained",427,39.402,14.94,40.228,0.0,0,23.09,1816,32,0.0,5.24,60.82
X531263,"Blumenkohl gedünstet, mit Bechamelsauce","Cauliflower stewed, with Bechamel sauce",68,87,2.53,3.8,5.52,1.4,0.005,124,49,2.38,2.4,11
U331272,"Kalb Steak (Rücken) tiefgefroren, gegrillt","Veal steak (loin) deep-frozen, grilled",131,69.568,25.723,3.157,0.0,0,0.395,101,16,0.0,1.322,90
V464282,"Ente Fleisch, mit Haut, tiefgefroren, gebraten ohne Fett (Pfanne)","Duck meat, with skin, deep-frozen, fried without fat (pan)",264,50.702,33.126,14.604,0.0,0,0.4,61,27.5,0.0,4.85,143.24
K750162,Mischpilze gebacken,Mixed mushrooms baked,47,84.9,4.9,0.4,3.0,7.08,0,7,15,1.34,0.056,0
U040100,"Schwein/Rind, Hackfleisch gemischt, roh","Pork/beef, mince mixed, raw",250,60.88,18.43,19.55,0.0,0,0.42,55,13.6,0.0,7.393,59
V465272,"Ente Schenkel, mit Haut, tiefgefroren, gegrillt","Duck leg, with skin, deep-frozen, grilled",258,62.9,24.39,17.81,0.0,0,0.37,137,7.5,0.0,5.91,141.7
U512172,"Schwein Filetmedaillon, mariniert, gegrillt","Pork fillet medaillon, marinated, grilled",172,62.9,26.5,7.2,0.14,0.3,0,400,10.9,0.13,0.8,70.01
T601232,"Barsch/Flussbarsch, tiefgefroren, pochiert","European perch deep-frozen, poached",70,81.9,16.05,0.6,0.0,0,3.4,48,128,0.0,0.092,84
T302282,"Steinbutt tiefgefroren, gebraten ohne Fett (Pfanne)","Turbot deep-frozen, fried without fat (pan)",97,77.006,19.831,1.946,0.0,0,5,121,21,0.0,0.341,30.8
T102702,"Bückling (Hering) in Öl, Konserve, abgetropft","Herring in oil, canned, drained",238,65.9,19.133,17.89,0.0,0,14,527,32,0.0,1.93,86
U622272,"Schwein Kotelett (Rücken/cranial) tiefgefroren, gegrillt","Pork loin (cranial part) deep-frozen, grilled",226,58.28,27.64,12.84,0.0,0,0.17,60,6.4,0.0,4.329,76.48
V486272,"Pute Brust, ohne Haut, tiefgefroren, gegrillt","Turkey breast, without skin, deep-frozen, grilled",139,65.522,31.711,1.303,0.0,0,0.15,54,5.9,0.0,0.474,58
W620000,"Eisbein, Kochpökelware, gekocht","Pork foreshank (hock) ""Eisbein"" cooked cured, boiled",186,64.3,26.32,8.68,0.579,0,0.18,700,6.3,0.579,2.749,103.39
Y771350,"Kartoffeln gekocht, mit Kräuterquark und Butter","Potatoes boiled, with herb quark and butter",101,76.5,5.29,4.1,9.9,1.086,0.007,130,60,2.0,2.5,13
U872232,"Schaf Vorderhaxe, mittelfett, tiefgefroren, gekocht","Sheep foreshank, medium fat, deep-frozen boiled",259,53,29.8,15.5,0.0,0,0,60,11,0.0,4.9,112
E500062,"Vollkornteigwaren eifrei, gekocht, gebacken","Wholemeal pasta egg-free, boiled, baked",147,63.1,6.1,1.26,25.6,4.4,0,1,15,1.1,0.186,0
D771500,Hörnchen (Blätterteig),Crescent roll (puff pastry),425,33.3,4.18,32.19,28.65,2.12,0,159,5.5,0.12256,12.91,0
K750432,"Mischpilze getrocknet, gekocht","Mixed mushrooms dried, boiled",134,54.7,13.8,1.1,8.48,20.87,0,18,43,3.82,0.168,0
T730232,"Hummer tiefgefroren, gekocht","Lobster deep-frozen, boiled",80,80.428,14.722,2.346,0.0,0,-,283,75,0.0,0.296,109.6
W410462,"Schwein Schinkenspeck, Rohpökelware, geräuchert, gebraten ohne Fett (Ofen)","Pork bacon (ham) raw cured, smoked, fried without fat (oven)",133,67,24.04,3.81,0.58,0,0,1700,4.1,0.58,1.258,63.54
V454262,"Perlhuhn Fleisch, mit Haut, tiefgefroren, gebraten ohne Fett (Ofen)","Guineafowl meat, with skin, deep-frozen, fried without fat (oven)",167,63.4,29.9,5.23,0.0,0,0.2,70,14,0.0,1.4,94
G490242,"Knoblauch tiefgefroren, geschmort ohne Fett","Garlic deep-frozen, braised without fat",134,50,8.318,0.578,4.0,39.301,0,10.8182,19.82,2.8,0.088,0
G490232,"Knoblauch tiefgefroren, gekocht","Garlic deep-frozen, boiled",111,59,6.875,0.478,3.0,33.227,0,5.4638,17.29,2.4,0.073,0
U452242,"Kalb Brust, tiefgefroren, geschmort ohne Fett","Veal breast, deep-frozen, braised without fat",229,60.699,23.061,15.147,0.0,0,0.427,84,15,0.0,6.34,91
T753172,"Garnele/Granat/Krabbe, gekocht, gegrillt","Common shrimp boiled, grilled",138,66.814,27.952,2.945,0.0,0,-,254,188,0.0,0.65004,275.148
U010182,"Rind Hackfleisch, gebraten ohne Fett (Pfanne)","Beef mince, fried without fat (pan)",303,49.916,26.577,21.853,0.0,0,0.6,59,33.4,0.0,9.86,88
G620252,"Karotte/Möhre, tiefgefroren, gedünstet","Carrot deep-frozen, stewed",46,86.3,0.862,0.484,7.438,3.6,0,24.7,28,7.322,0.1124,0
V413282,"Hähnchen Fleisch, ohne Haut, tiefgefroren, gebraten ohne Fett (Pfanne)","Chicken meat, without skin, deep-frozen, fried without fat (pan)",156,68,27.5,5.1,0.0,0,0.1,93,15,0.0,0.883,93
V232262,"Hase Fleisch, tiefgefroren, gebraten ohne Fett (Ofen)","Hare meat, deep-frozen, fried without fat (oven)",135,68.033,26.649,3.127,0.0,0,0,49,16.198,0.0,1.195,84
D7A7100,Plunderteig gebacken,Danish pastry baked,486,13,8.85,28.46,47.0,2.9,0.1,402,48,7.961,14.82,21
V416272,"Hähnchen Brustfilet, tiefgefroren, gegrillt","Chicken breast fillet, deep-frozen, grilled",140,66.98,30.29,2.05,0.0,0,0.16,53.9,5.6,0.0,0.465,89.5
U421242,"Kalb Rücken, tiefgefroren, geschmort ohne Fett","Veal loin, deep-frozen, braised without fat",130,69.535,26.195,2.795,0.0,0,0.427,74,17,0.0,1.17,93
V486262,"Pute Brust, ohne Haut, tiefgefroren, gebraten ohne Fett (Ofen)","Turkey breast, without skin, deep-frozen, fried without fat (oven)",164,59.072,37.871,1.414,0.0,0,0.16,53,6.4,0.0,0.515,63
U724082,"Schaf Kotelett, mariniert, gebraten ohne Fett (Pfanne)","Sheep chop (loin) marinated, fried without fat (pan)",356,47,18.24,31.2,0.46,0.27,0,503,23,0.46,14.23,81
U030162,"Kalb Hackfleisch, gebraten ohne Fett (Ofen)","Veal mince, fried without fat (oven)",240,56.905,26.982,14.724,0.0,0,0.57,98,15,0.0,6.622,103
U511272,"Schwein Filetmedaillon, tiefgefroren, gegrillt","Pork fillet medaillon, deep-frozen, grilled",148,66.39,28.79,3.63,0.0,0,0,58,4.8,0.0,1.114,77.14
W226000,Wollwurst/Geschwollene,Wollwurst sausage (without casing),196,69.6,11,16.86,0.08,0.05,0.3,928.5,5.6,0.0,5.96,51.03
T402282,"Stint tiefgefroren, gebraten ohne Fett (Pfanne)","European smelt deep-frozen, fried without fat (pan)",100,76.458,20.662,1.912,0.0,0,4.2,166,62,0.0,0.409,89
Y993140,Vanillesahneeis mit Orangenlikör,Vanilla cream ice cream with orange liqueur,293,56.3,3,20.5,16.5,0,1,34,74,16.5,10.39,132
V222242,"Reh Rücken, tiefgefroren, geschmort ohne Fett","Roe deer saddle, deep-frozen, braised without fat",152,65.158,29.151,3.89,0.0,0,0.438,69,27,0.0,1.476,89
U342272,"Kalb Schnitzel (Keule) tiefgefroren, gegrillt","Veal schnitzel (round) deep-frozen, grilled",116,69.421,26.854,0.915,0.0,0,0.416,99,17,0.0,0.382,78
U482262,"Kalb Keule, tiefgefroren, gebraten ohne Fett (Ofen)","Veal round, deep-frozen, fried without fat (oven)",114,69.648,26.854,0.778,0.0,0,0.378,93,17,0.0,0.326,78
T106702,"Sprotte in Öl, Konserve, abgetropft","Sprat in oil, canned, drained",244,63.2,17.278,19.4,0.0,0,15,626,135.6,0.0,2.57,85
V604182,"Hähnchen Innereien, gebraten ohne Fett (Pfanne)","Chicken giblets, fried without fat (pan)",163,67.18,25.05,6.94,0.0,0,0.8,139.2,10.5,0.0,1.912,428.6
Y842812,Erdbeerkompott ungesüßt,Strawberry compote unsweetened,41,89,0.852,0.368,6.941,1.9,0,1,18,6.647,0.029,0
G332252,"Rosenkohl tiefgefroren, gedünstet","Brussels sprouts deep-frozen, stewed",47,80.6,5.15,0.394,2.62,5.1,0,10,40,1.83,0.0592,0
K750200,Mischpilze tiefgefroren,Mixed mushrooms deep-frozen,43,86.6,4.4,0.4,2.71,6.38,0,6,13,1.22,0.05,0
V531282,"Rind Leber, tiefgefroren, gebraten ohne Fett (Pfanne)","Beef liver, deep-frozen, fried without fat (pan)",159,63.256,22.812,4.575,6.625,0,2,123,7.2,0.0,1.434,321
Y846753,"Milchreis mit Milch 3,5 % Fett und Stachelbeerkompott",Rice pudding with milk 3.5 % fat and gooseberry compote,126,70.2,3.69,2.34,22.1,1,0,32,81,9.37,1.427,8.8
V478282,"Gans Innereien, tiefgefroren, gebraten ohne Fett (Pfanne)","Goose giblets, deep-frozen, fried without fat (pan)",236,55.8,26.6,14.39,0.0,0,1.01,102,16,0.0,3.78,375
G332232,"Rosenkohl tiefgefroren, gekocht","Brussels sprouts deep-frozen, boiled",40,83.2,4.45,0.34,2.26,4.6,0,10,38,1.58,0.0511,0
Y8A5060,Sahneflammeri/Sahnepudding (als Dessert) mit Schokoladensauce,Cream pudding (as dessert) with chocolate sauce,202,64.1,4,12.92,17.4,0.2,0,52,119,10.66,6.91,73
V533282,"Schwein Leber, tiefgefroren, gebraten ohne Fett (Pfanne)","Pork liver, deep-frozen, fried without fat (pan)",147,68.74,23.15,5.55,1.163,0,0.4,98.5,6.3,0.0,1.739,202.67
E430062,"Eierteigwaren gekocht, gebacken","Egg pasta boiled, baked",148,72.3,5.9,1.034,28.09,1.512,0.07,111,10,0.696,0.361,1
F601300,Zitronensaft Konzentrat,Lemon concentrate,150,55,3.124,1.5,8.429,0.64,0,18.54,69.4,8.429,0.521,0
V474282,"Gans Fleisch, mit Haut, tiefgefroren, gebraten ohne Fett (Pfanne)","Goose meat, with skin, deep-frozen, fried without fat (pan)",296,52.47,24.173,22.143,0.0,0,0.4,116,19,0.0,6.228,137
U721272,"Schaf Kotelett, tiefgefroren, gegrillt","Sheep chop (loin) deep-frozen, grilled",464,35.746,20.434,42.514,0.0,0,0,118,12,0.0,19.392,91
G332262,"Rosenkohl tiefgefroren, gebacken","Brussels sprouts deep-frozen, baked",53,78.5,5.816,0.445,2.96,5.8,0,12,45,2.07,0.0668,0
U131272,"Rind Steak (Rücken) tiefgefroren, gegrillt","Beef steak (loin) deep-frozen, grilled",151,72,26.283,5.101,0.0,0,0.376,57,3.891,0.0,2.297,59.1
Y8A1000,Zabaione (mit Alkohol),Zabaione (with alcohol),360,29,5.3,10.8,48.0,0,2,22,51,48.0,2.9,427
V494262,"Taube Fleisch, mit Haut, tiefgefroren, gebraten ohne Fett (Ofen)","Pigeon meat, with skin, deep-frozen, fried without fat (oven)",217,55.83,32.983,9.5,0.0,0,0.3,115,70,0.0,2.824,172
X2A1090,Rettichsalat mit Essigmarinade,Radish salad with vinegar marinade,96,86.3,0.88,8.75,2.44,1,0,84,21,1.65,0.65,0.177
V250272,"Wildschwein Fleisch, tiefgefroren, gegrillt","Wild boar meat, deep-frozen, grilled",209,61.297,25.644,11.848,0.0,0,0.3,118,12.9,0.0,4.138,85.8
G312282,"Broccoli tiefgefroren, gebraten ohne Fett (Pfanne)","Broccoli deep-frozen, fried without fat (pan)",63,78.6,4.4,1.326,4.8,6.6,0,52,86,2.9,0.2642,0
W221382,Currybratwurst gebraten ohne Fett (Pfanne),Curry-Bratwurst fried without fat (pan),257,62,13.38,22.57,0.05,0.02,0.38,857.6,6.4,0.0,7.92,64.61
K120264,"Kartoffel ungeschält, tiefgefroren, gebacken","Potatoe unpeeled, deep-frozen, baked",114,75.54,2.73,0.133,24.6,1.892,0,10,5,1.95,0.044,0
G994182,"Gemüsemischung asiatische Art, gebraten ohne Fett (Pfanne)","Mixed vegetables Asian style, fried without fat (pan)",44,87,3,0.4,5.4,3,0,10,33,5.4,0.058,0
B111272,Weizenvollkorntoastbrot getoastet,Wholemeal wheat toast toasted,292,28,10.4,4.32,48.0,9.33,0,564,29,1.9,1.362,0
V512282,"Kalb Herz, tiefgefroren, gebraten ohne Fett (Pfanne)","Veal heart, deep-frozen, fried without fat (pan)",158,67.232,23.483,7.162,0.0,0,0,136,23,0.0,2.735,192
U611262,"Schwein Filet/Lende, tiefgefroren, gebraten ohne Fett (Ofen)","Pork tenderloin, deep-frozen, fried without fat (oven)",144,67.01,28.87,3.17,0.0,0,0,53.6,6,0.0,0.97,78.17
T124252,"Gelbflossen-Thun tiefgefroren, gedünstet","Yellowfin tuna deep-frozen, stewed",91,75.9,21.8,0.47,0.0,0,2.6,49,5,0.0,0.165,46
U452232,"Kalb Brust, tiefgefroren, gekocht","Veal breast, deep-frozen, boiled",232,60.421,23.657,15.214,0.0,0,0.429,98,13,0.0,6.368,97
W244000,Fleischkäse weiß,White fleischkaese sausage,299,55.9,14.55,26.68,0.1,0.06,0.4,499.5,5.9,0.0,9.42,63.38
U171242,"Rind Bratenfleisch (Bug) tiefgefroren, geschmort ohne Fett","Beef meat for roasting (shoulder) deep-frozen, braised without fat",163,65.446,27.126,6.057,0.0,0,0.457,39,4.363,0.0,2.657,81
V604142,"Hähnchen Innereien, geschmort ohne Fett","Chicken giblets, braised without fat",172,63.96,28.69,6.36,0.0,0,0.8,131.3,12,0.0,1.751,490.9
G650232,"Schwarzwurzel tiefgefroren, gekocht","Black salsify deep-frozen, boiled",58,77,1.386,0.429,8.3,5,0,5,52,3.8,0.047,0
D422600,Kuchen aus Rührmasse/Rührkuchen,Pound cake (cake batter),393,23,7.4,18.42,48.4,2.04,0.4,199,31,20.55,10.91,116
V485282,"Pute Keule, ohne Haut, tiefgefroren, gebraten ohne Fett (Pfanne)","Turkey leg, without skin, deep-frozen, fried without fat (pan)",166,63.504,29.544,5.309,0.0,0,0.3,108,22,0.0,2.044,105.7
U281242,"Rind Keule, tiefgefroren, geschmort ohne Fett","Beef round, deep-frozen, braised without fat",188,62.7,28.6,8.2,0.0,0,0.464,47.8,7,0.0,2.577,75.9
S581300,Milchschokoladen-Riegel gefüllt mit Vollkornkeks,Milk chocolate bar filled with wholemeal biscuit,528,2,6.96,30.63,53.7,4.73,0.04,77,104,38.473,18.68,39
U892262,"Schaf Hinterhaxe, mittelfett, tiefgefroren, gebraten ohne Fett (Ofen)","Sheep hindshank, medium fat, deep-frozen, fried without fat (oven)",219,60,25.2,13.1,0.0,0,0,72,10,0.0,4,94
T612252,"Schwertfisch tiefgefroren, gedünstet","Swordfish deep-frozen, stewed",96,76.71,17.321,2.96,0.0,0,2.12,103,12,0.0,0.556,46
W207032,"Geflügelbockwurst mit Schweinefleisch, gargezogen","Poultry bockwurst with pork, poached",126,76,12.22,8.6,0.0,0.06,0.2,700,7,0.0,2.8,53
U133172,"Rind Steak (Rücken) mariniert, gegrillt","Beef steak (loin) marinated, grilled",166,69,24.14,7.49,0.16,0.2,0.353,408,7,0.16,2.23,53.5
V414262,"Hähnchen ganz, entbeint, mit Haut, tiefgefroren, gebraten ohne Fett (Ofen)","Chicken whole, boneless, with skin, deep-frozen, fried without fat (oven)",208,62.58,24.17,12.37,0.0,0,0.3,69.6,14.3,0.0,3.01,112.32
U541262,"Schwein Schnitzel (Oberschale) tiefgefroren, gebraten ohne Fett (Ofen)","Pork schnitzel (topside) deep-frozen, fried without fat (oven)",131,68.863,28.12,2.027,0.0,0,0,79,11,0.0,0.763,64.8
V351282,"Wachtel Fleisch, ohne Haut, tiefgefroren, gebraten ohne Fett (Pfanne)","Quail meat, without skin, deep-frozen, fried without fat (pan)",155,62.3,29.7,4.03,0.0,0,0.3,60,18,0.0,1.16,97
V416242,"Hähnchen Brustfilet, tiefgefroren, geschmort ohne Fett","Chicken breast fillet, deep-frozen, braised without fat",134,68.05,30.13,1.53,0.0,0,0.13,28.8,5.4,0.0,0.346,95.8
U891242,"Schaf Hinterhaxe, mager, tiefgefroren, geschmort ohne Fett","Sheep hindshank, lean, deep-frozen, braised without fat",159,63.7,30.3,4.19,0.0,0,0,77,6,0.0,1.312,97
W411332,"Schwein Bauchspeck, Rohpökelware, geräuchert, gekocht","Pork streaky bacon, raw cured, smoked, boiled",305,50.5,19.81,24.86,0.581,0,0.34,1600,5.1,0.581,8.902,74.25
G710252,"Bohne grün, tiefgefroren, gedünstet","Bean green, deep-frozen, stewed",30,87.4,2,0.284,4.0,2.234,0,2.11,76,2.54,0.083,0
V413272,"Hähnchen Fleisch, ohne Haut, tiefgefroren, gegrillt","Chicken meat, without skin, deep-frozen, grilled",172,66,27.8,6.7,0.0,0,0.1,88,15,0.0,1.17,93
U672262,"Schwein Vordereisbein/Vorderhaxe, tiefgefroren, gebraten ohne Fett (Ofen)","Pork foreshank (hock) deep-frozen, fried without fat (oven)",249,55.56,31.2,13.78,0.0,0,0.32,117.7,7.6,0.0,4.368,112.47
U452262,"Kalb Brust, tiefgefroren, gebraten ohne Fett (Ofen)","Veal breast, deep-frozen, fried without fat (oven)",234,59.641,23.87,15.351,0.0,0,0.378,114,14,0.0,6.426,92
T306282,"Heilbutt/Weißer Heilbutt, tiefgefroren, gebraten ohne Fett (Pfanne)","Halibut/white halibut, deep-frozen, fried without fat (pan)",155,71.52,23.869,6.56,0.0,0,5,71,18,0.0,1.395,30.5
U030172,"Kalb Hackfleisch, gegrillt","Veal mince, grilled",256,55.533,26.211,16.806,0.0,0,0.6,101,15,0.0,7.561,100
Y720662,Rührei gebraten mit Champignons,Scrambled eggs fried with button mushrooms,148,74,11.9,10.57,1.3,0.7,1.5,248,48,0.4,3.976,296
G450282,"Spargel tiefgefroren, gebraten ohne Fett (Pfanne)","Asparagus deep-frozen, fried without fat (pan)",59,84.6,4.109,0.326,8.33,3,0,4.49,41.813,7.95,0.0585,0
G994132,"Gemüsemischung asiatische Art, gekocht","Mixed vegetables Asian style, boiled",28,92,1.9,0.3,3.3,2,0,6,22,3.3,0.037,0
G312232,"Broccoli tiefgefroren, gekocht","Broccoli deep-frozen, boiled",33,93.1,2.3,0.6938,2.5,3.6,0,13,33,1.52,0.1383,0
U611272,"Schwein Filet/Lende, tiefgefroren, gegrillt","Pork tenderloin, deep-frozen, grilled",154,65,29.97,3.78,0.0,0,0,60.4,5,0.0,1.159,80.32
T417252,"Wildlachs tiefgefroren, gedünstet","Pacific salmon deep-frozen, stewed",163,72.54,17.355,10.419,0.0,0,3.5,47,19,0.0,2.232,65
E607032,Grießklößchen gekocht,Semolina dumplings boiled,122,74.5,6.26,4.98,12.63,0.75,0.3,76,81,2.59,2.56,64
T793282,"Pilgermuschel/Jakobsmuschel, tiefgefroren, gebraten ohne Fett (Pfanne)","Scallop deep-frozen, fried without fat (pan)",68,78.999,16.652,0.112,0.0,0,8,283,29,0.0,0.034,117
T710282,"Edelkrebs/Flusskrebs, tiefgefroren, gebraten ohne Fett (Pfanne)","Crayfish deep-frozen, fried without fat (pan)",79,79.585,18.269,0.603,0.0,0,-,276,55,0.0,0.0863,203
D441400,Wiener Sandtorte,Viennese sand torte,407,26,4.94,22.85,44.9,0.78,0.5,83,20,25.2,13.75,140
W415032,"Schwein Frühstücksspeck, Rohpökelware, geräuchert, gekocht","Pork breakfast bacon, raw cured, smoked, boiled",287,53.5,18.6,23.34,0.546,0,0.32,1500,4.8,0.546,8.359,69.72
U281262,"Rind Keule, tiefgefroren, gebraten ohne Fett (Ofen)","Beef round, deep-frozen, fried without fat (oven)",171,66,26.2,7.4,0.0,0,0.364,66.2,7,0.0,2.31,68.1
T410262,"Lachs tiefgefroren, gebraten ohne Fett (Ofen)","Salmon deep-frozen, fried without fat (oven)",198,65.622,22.777,11.875,0.0,0,3.9,32.7,13,0.0,2.542,70.2
U892242,"Schaf Hinterhaxe, mittelfett, tiefgefroren, geschmort ohne Fett","Sheep hindshank, medium fat, deep-frozen, braised without fat",242,56,27.9,14.5,0.0,0,0,56,10,0.0,4.4,105
U532272,"Schwein Kammsteak, tiefgefroren, gegrillt","Pork steak (neck) deep-frozen, grilled",226,59.83,25.26,13.89,0.0,0,0.31,66.9,3.8,0.0,5.16,86.44
K701262,"Champignon tiefgefroren, gebacken","Button mushroom deep-frozen, baked",50,83.7,6.36,0.475,5.1,3.3,0,68.17,10,0.3,0.0838,0
Y463013,Lammschmorbraten mit Sauce,Braised lamb roast with sauce,139,71,19.03,6.2,1.69,0.13,0.1,258,15,0.00617,1.4,61
G450262,"Spargel tiefgefroren, gebacken","Asparagus deep-frozen, baked",37,91.1,2.562,0.204,5.2,1.9,0,2.8,26.072,4.96,0.0364,0
G710232,"Bohne grün, tiefgefroren, gekocht","Bean green, deep-frozen, boiled",28,88.2,1.9,0.261,3.6,2.123,0,1.61,73,2.34,0.078,0
G994142,"Gemüsemischung asiatische Art, geschmort ohne Fett","Mixed vegetables Asian style, braised without fat",32,90,2.2,0.3,4.1,2,0,8,25,4.1,0.044,0
U291232,"Rind Hinterhesse, tiefgefroren, gekocht","Beef leg/hindshank, deep-frozen, boiled",161,66.7,26.4,6.2,0.0,0,0.411,56.5,5.48,0.0,1.9,71.8
X651012,Kartoffeln (als Pellkartoffeln) gebraten,"Potatoes boiled, peeled, fried",200,59.55,2.88,11.924,18.691,3.35,0,2.5,9.3,0.767,0.82,0.243
W222672,Rostbratwurst gegrillt,Rostbratwurst sausage grilled,201,65.7,18.09,14.26,0.09,0.05,0.24,741.9,5.2,0.0,5.28,68.85
V487282,"Pute Flügel, mit Haut, tiefgefroren, gebraten ohne Fett (Pfanne)","Turkey wings, with skin, deep-frozen, fried without fat (pan)",264,54.2,27.5,17.1,0.0,0,0.35,65,19,0.0,3.6,97
U672232,"Schwein Vordereisbein/Vorderhaxe, tiefgefroren, gekocht","Pork foreshank (hock) deep-frozen, boiled",238,57.5,29.99,13.11,0.0,0,0.3,65.5,6.7,0.0,4.155,114.1
U411262,"Kalb Filet/Lende, tiefgefroren, gebraten ohne Fett (Ofen)","Veal fillet (tenderloin) deep-frozen, fried without fat (oven)",135,67.366,29.074,2.08,0.0,0,0.4,109,16,0.0,0.793,83
X462153,Gemüse-Eintopf mit Rindfleisch,Vegetable stew with beef,75,83,5.39,2.9,6.0,1.7,0.063,145,22,2.0,0.6,11.3
G210282,"Spinat tiefgefroren, gebraten ohne Fett (Pfanne)","Spinach deep-frozen, fried without fat (pan)",30,88.2,3.452,0.472,1.46,2.8,0,79,224,1.17,0.048,0
U872272,"Schaf Vorderhaxe, mittelfett, tiefgefroren, gegrillt","Sheep foreshank, medium fat, deep-frozen grilled",256,54,27.3,16.3,0.0,0,0,84,12,0.0,5.1,102
U863242,"Schaf Bug/Schulter, fett, tiefgefroren, geschmort ohne Fett","Sheep shoulder, fat, deep-frozen, braised without fat",383,45.7,25.5,31.2,0.0,0,0.2,91,10,0.0,14.252,100
V250232,"Wildschwein Fleisch, tiefgefroren, gekocht","Wild boar meat, deep-frozen, boiled",224,57.835,29.405,11.81,0.0,0,0.34,90,12.6,0.0,4.125,99.4
X325053,Meerrettichsauce von heller/weißer Grundsauce,Horseradish sauce from white basic sauce,76,86,1.5,5.6,4.56,0.7,0.013,264,18,1.68,3.3,13
G210232,"Spinat tiefgefroren, gekocht","Spinach deep-frozen, boiled",20,92.75,2.288,0.313,0.97,1.9,0,33,113,0.78,0.032,0
V487272,"Pute Flügel, mit Haut, tiefgefroren, gegrillt","Turkey wings, with skin, deep-frozen, grilled",294,48.7,31.1,18.9,0.0,0,0.41,76,22,0.0,4,108
K740432,"Austernpilz getrocknet, gekocht","Oyster mushroom dried, boiled",131,54.3,13.46,0.895,5.17,24.858,0,22,52,4.52,0.1245,0
D9A3100,Vollkornmürbeteig süß gebacken,"Wholemeal shortcrust pastry, sweetened, baked",510,6.4,7.46,29.56,50.4,6.49,0.1,112,20,18.065,11.617,18
T633282,"Meeräsche tiefgefroren, gebraten ohne Fett (Pfanne)","Grey mullet deep-frozen, fried without fat (pan)",126,69.84,24.225,3.25,0.0,0,3.1,73,66,0.0,1.046,101
T410272,"Lachs tiefgefroren, gegrillt","Salmon deep-frozen, grilled",206,64.669,22.944,12.649,0.0,0,4.5,37.5,13,0.0,2.707,68.6
V475242,"Gans Schenkel tiefgefroren, geschmort ohne Fett","Goose leg (with skin) deep-frozen, braised without fat",195,67.75,22.57,11.618,0.0,0,0.28,43.4,6.3,0.0,3.269,139.7
G570282,"Zuckermais tiefgefroren, gebraten ohne Fett (Pfanne)","Sweetcorn deep-frozen, fried without fat (pan)",84,71,3.8,1.571,12.0,3.6,0,2,2.84,4.34,0.211,0
T601282,"Barsch/Flussbarsch, tiefgefroren, gebraten ohne Fett (Pfanne)","European perch deep-frozen, fried without fat (pan)",94,75.9,21.85,0.7,0.0,0,3.1,50,138,0.0,0.11,90
T302252,"Steinbutt tiefgefroren, gedünstet","Turbot deep-frozen, stewed",74,82.263,14.911,1.648,0.0,0,5,115,20,0.0,0.289,29.3
G312252,"Broccoli tiefgefroren, gedünstet","Broccoli deep-frozen, stewed",34,87.6,2.4,0.7207,2.6,3.6,0,28,47,1.58,0.1436,0
T720272,"Languste tiefgefroren, gegrillt","Spiny lobster/rock lobster/crawfish, deep-frozen, grilled",115,70.193,25.158,1.642,0.0,0,-,272,101,0.0,0.195,209
V614242,"Hähnchen Herz, tiefgefroren, geschmort ohne Fett","Chicken heart, deep-frozen, braised without fat",152,75.49,15.85,9.87,0.0,0,0.68,55.3,5.8,0.0,2.459,216.7
W223182,Geflügelbratwurst gebraten ohne Fett (Pfanne),Poultry bratwurst fried without fat (pan),220,66,13.35,18.43,0.1,0.05,0.1,852,12,0.0,5.2,79
N500600,Kaffeeersatz (Getränk) mit Zucker,Coffee substitute (infusion) with sugar,13,96.4,0.074,0.002,2.813,0.533,0,4,5.9,2.002,0,0
U020272,"Schwein Hackfleisch, tiefgefroren, gegrillt","Pork mince, deep-frozen, grilled",363,45.22,24.52,29.41,0.0,0,0.34,67.8,4.1,0.0,9.82,82.46
V444262,"Poularde Fleisch, mit Haut, tiefgefroren, gebraten ohne Fett (Ofen)","Poulard meat, with skin, deep-frozen, fried without fat (oven)",190,63.8,24.1,10.4,0.0,0,1.4,40,13.8,0.0,2.3,108.05
T415252,"Königslachs tiefgefroren, gedünstet","Chinook salmon deep-frozen, stewed",163,72.54,17.355,10.419,0.0,0,3.5,47,30,0.0,2.4,65
T791232,"Große Sandklaffmuschel tiefgefroren, gekocht","Softshell clam deep-frozen, boiled",54,83.301,9.844,1.638,0.0,0,9,129,14.5,0.0,0.322,82
U892272,"Schaf Hinterhaxe, mittelfett, tiefgefroren, gegrillt","Sheep hindshank, medium fat, deep-frozen, grilled",256,54,27.3,16.3,0.0,0,0,84,12,0.0,5.1,102
X860142,Reisrand,"""Reisrand"" (boiled rice turned out of a mould)",185,64.4,5.3,9.16,20.0,0.6,0.013,51,137,0.13,5.977,22
X469413,"Bigosch (Eintopf mit Schweinefleisch, Kartoffeln, Sauerkraut und Weißkraut)","""Bigosch"" (stew with pork, potatoes, sauerkraut and white cabbage)",139,76,6.8,9.8,5.0,1.5,0.1,300,30,1.5,3.5,22
D1A2100,Kirsch-Streuselkuchen (Mürbeteig),Cherry crumble cake (shortcrust pastry),257,50,3.39,12.42,31.9,1.7,0.1,27,17,16.57,7.31,42
X411813,Fleischbrühe mit Leberklößchen,Meat stock with small liver dumplings,29,91,2.43,1,2.5,0.2,0.1,256,13,0.34,0.5,21
Y911260,"Cheeseburger, doppelter",Double cheeseburger,230,56,13.2,12.7,14.7,1.2,0.5,600,120,3.4,5.01,48
X512163,"Pfifferlinge gedünstet, in Grundsauce hell/weiß mit Sahne","Chanterelles stewed, in white basic sauce with cream",72,82,4.28,4.7,1.64,3.3,0.012,82,15,0.67,2.5,11
X511043,"Champignons gedünstet, in Grundsauce hell/weiß mit Sahne","Button mushrooms stewed, in white basic sauce with cream",76,85,4.03,4.8,4.0,2,0.013,121,17,0.7,2.5,12
Y614323,"Thunfisch gebraten, in Weißweinsauce von heller/weißer Grundsauce","Tuna fried, in white wine sauce from white basic sauce",113,78,11.3,6.4,1.67,0.12,1.93,295,23,0.4,2.1,44
S231000,"Speiseeis mit Fruchtzubereitung, überzogen mit Schokolade","Ice cream with fruit preparation, covered with chocolate",248,50.5,2.5,11.43,32.3,1.8,0,24,52,29.1,7.46,14.7
X574012,Bambussprossen gedünstet (mit Fett und Salz),Bamboo shoots stewed (with fat and salt),53,90,1.33,5.06,0.5,0.01,0,255,10,0.49,0.38,0.102
X3A3000,Jägersauce mit Wildpilzmischung/Pilzragout für Jägerschnitzel,Mixed mushroom sauce/mushroom ragout for pork schnitzel,120,77.6,4.5,8.9,3.0,5.83,0,120,30,1.6,5.4,23
D313100,Mokkacreme-Marzipan-Torte (Wasserbiskuit),Mocha-cream marzipan torte (water sponge cake),282,46,5.1,15.4,29.0,1.61,0.2,53,59,22.0,7,51
X475453,"Vanille-Milchkaltschale mit Ei und Fruchteinlage, gebunden mit Stärke","Cold vanilla-milk soup with egg and fruit garnish, thickened with starch",98,78,3.3,3.2,13.5,0.7,0,38,91,12.06,1.78,29
E530062,"Vollkorneierteigwaren gekocht, gebacken","Wholemeal egg pasta boiled, baked",142,65.06,5.88,1.12,24.5,5.12,0.1,3,16,0.308,0.194,15
X559063,"Kürbis gebacken, in Grundsauce hell/weiß mit Sahne","Pumpkin baked, in white basic sauce",96,88,1.31,6.9,5.73,2.76,0.013,185,18,4.54,2.8,12
U051182,"Rind/Schwein, Frikadelle, gebraten ohne Fett (Pfanne)","Beef/pork, patty, fried without fat (pan)",210,63,15.33,14.1,5.0,0.6,0.4,559,24,0.7,5.311,68
S211400,"Speiseeis (Frucht, Kaffee) gemischt, in Waffeltüte","Ice cream mixed (coffee, fruit) in waffle cone",172,63.8,2.8,6,26.1,0.6,0,22,45,22.2,2.84,62
Y845143,Bratapfel gefüllt gebacken,Baked apple filled,160,65.3,0.9,6.8,22.1,2.3,0,3,9,21.1,3.75,14
Y6A1020,Thunfischsteak gebraten mit Schinken,Tuna steak fried with ham,146,69,18.7,6.6,2.5,0.6,3.03,292,42,2.49,1.58,69
G880602,"Mixed Pickles gesäuert, abgetropft","Mixed pickles, drained",43,87,1.172,0.368,7.5,1.5,0,453,21,6.75,0.05,0
X449713,Kartoffel-Gemüsecremesuppe,Cream of potato-vegetable soup,50,90,0.99,2.2,6.0,0.9,0,200,10,1.7,0.4,1
Y911360,Doppeldecker Burger,Double-decker burger,240,56,10.5,14.7,15.3,1.4,0,400,70,2.6,3.76,46
D660500,Kokosmakronen schokoliert,Chocolate coconut macaroons,508,5.7,6,30.2,49.5,7.08,0,53,13,48.9,27.17,0.4
X745023,Eier-Frischteigwaren mit Kochschinkenwürfeln und Grundsauce hell/weiß,Fresh egg pasta with dices of boiled ham and white basic sauce,146,68,11.43,4.6,13.9,1.05,0.2,458,47,0.43,1.8,59
M2K7200,"Joghurt fettarm, mind. 1,5 % bis max. 1,8 % Fett, mit Frucht-Getreidezubereitung, gesüßt","Yogurt low-fat, min. 1.5 % to max. 1.8 % fat, with fruit-cereal preparation, sweetened",85,81,3.7,1.402,13.6,0.2,0.02,49,130,11.9,0.66,5
X1A7010,Wurstsalat bayerische Art mit warmer Essigmarinade,Sausage salad Bavarian style with warm vinegar marinade,203,69,9.57,17.7,0.73,0.1,0.14,700,8,0.67,3.2,34.68
Y173032,Rinderleber gebraten Berliner Art,Beef liver fried Berlin style,127,72,10.35,5.3,8.9,0.9,0.8,247,10,3.19,1.3,137
D313600,Orangencremetorte (Wiener Boden dunkel) mit Schokosahne,Orange cream torte (Viennese sponge cake dark) with chocolate-cream,251,55,3,14.3,26.0,1.1,0.2,43,40,20.2,7.76,65
F227902,"Pflaume mit Süßungsmitteln, Konserve, abgetropft","Plum with artificial sweeteners, canned, drained",22,94,0.24,0.141,4.52,1.1,0,8,10,3.42,0.018,0
X5A6020,"Artischocken gekocht, mit Butter","Artichokes boiled, with butter",94,74.9,2.736,5,3.07,12.281,0.012,351,63,2.87,3.111,13
Y351013,"Schweineroulade mit Sauerkrautfüllung geschmort, mit Sauce","Pork olive filled with sauerkraut braised, with sauce",136,72,14.73,6.6,2.99,1.5,0.02,400,23,1.38,1.5,34.74
Y024113,Blutwürste erwärmt,Blood sausages heated,307,55.5,13.284,28.004,0.33,0.1,0.45,700,18.2,0.21,8.4,57
Y818342,"Hefeplinsen mit Apfel, gebraten","Small yeast pancakes with apple, fried",280,46,6.13,13.16,33.0,2.3,0.2,39,47,9.51,1.68,41
X454663,"Haferflockensuppe geröstet, mit Gemüsebrühe","Oat flakes soup roasted, with vegetable stock",36,91,1.14,1.8,3.3,1,0,282,18,1.3,0.2,0.027
D441300,Frankfurter Kranz (Sandmasse),Frankfurt crown cake (sand cake batter),357,36,3.7,20.8,38.2,0.5,0.2,49,46,27.0,12.36,108
Y652232,"Schleie paniert, frittiert","Tench breaded, deep-fried",208,54.3,17.45,8.7,14.04,1.16,0.2,232,62,0.94,1.04,97
Y332132,"Schweineschnitzel paniert, gebraten","Pork schnitzel breaded, fried",220,56.4,22.65,10.6,7.59,0.69,0.2,212,19,0.72,1.53,75
Y997043,Eiskaffee,Iced coffee,116,80.6,1.9,8.6,7.5,0.219,0.015,22,49,7.3,4.4,51
W009000,Mosaikumrandung,Mosaic-edge for roulade sausage,163,72.1,12.79,12.4,0.08,0.05,0.23,700,4,0.0,4.48,50
Y180033,"Rindfleisch gekocht, mit Suppengemüse","Beef boiled, with vegetables",139,72,17.53,6.7,1.6,0.8,0.274,173,16,1.6,2.1,48.6
X676062,Wickelklöße,"""Wickelklöße"" wrapped potato dumplings from boiled potatoes",150,62.4,5.79,2.53,24.9,2.37,0.1,200,15,0.74,0.82,29
Y682132,Hummer Thermidor (gratiniert mit Käse und Sauce),"Lobster ""Thermidor"" (gratinated with cheese and sauce)",123,76,11,6.8,2.2,0.4,0.002,400,151,0.9,3.6,84
X536563,"Rosenkohl gedünstet, mit Speck und Zwiebeln","Brussels sprouts stewed, with bacon and onions",128,76,3.44,11.2,1.8,2.8,0.08,295,25,1.37,3.1,7.82
X346360,Russische Sauce/Tomatenmayonnaise,Russian sauce/tomato mayonnaise,320,55.3,5.8,30.4,4.91,0.4,0,444,67,4.84,2.53,60
X061310,Laugenbrötchen mit Butter,Pretzel roll with butter,415,23,6.862,26.424,36.0,2.676,0.056,806,48,1.1,15.73,61
W252500,Krakauer Schinkenwurst,Krakow ham bologna,116,75,17.98,4.94,0.0,0.05,0.14,800,7,0.0,1.83,50
Y821143,Grießauflauf mit Apfel,Semolina casserole with apple,121,76.6,3.3,5.7,13.4,1.1,0,31,51,7.9,2.5,44
X556643,"Tomaten mit Käse-Kräuterfüllung, gebacken","Tomatoes with cheese-herb-filling, baked",141,73.1,4.9,8.53,10.16,1.6,0,243,130,4.04,2.44,8.1
X092510,"Müsli ungesüßt, mit Joghurt 3,5 % Fett und Fruchtmischung","Muesli unsweetened, with yogurt 3.5 % fat and mixed fruit",117,73,5.03,4.3,12.7,2.4,0,27,84,5.08,1.73,5.53
Y612413,"Hering gegart, mit Meerrettichsauce von heller/weißer Grundsauce","Herring cooked, with horseradish sauce",137,78,12.7,8.6,1.96,0.3,11,231,43,0.76,3,47
X5A1030,Kichererbsensnack gebacken,Chickpea snack baked,231,46,8.9,10.5,17.0,16.3,0,643,84,2.8,0.94,0.163
X5A5000,"Kohlroulade mit Reis-Schinkenfüllung, gedünstet","Cabbage roulade with rice-ham-filling, stewed",113,78,4.8,6.6,7.5,1.9,0,250,70,3.0,1.1,9
X456043,"Wildsuppe mit Rehfleisch, Speck und Rotwein","Soup with roe deer meat, bacon and red wine",75,84,7.92,3.8,1.94,0.14,0.1,256,5,0.1,0.71,25
X812122,"Reispfannkuchen gebraten, mit Kompott","Rice pancakes fried, with compote",188,61.9,5.1,8.3,22.7,1.4,1,62,48,6.8,1.49,74
X323053,Gemüsesauce von heller/weißer Grundsauce,Vegetable sauce from white basic sauce,44,90,1.18,2.2,3.9,1.7,0.004,188,22,2.5,1.3,4
W274600,Weißer Presskopf,White brawn,141,70.2,21.42,6.14,0.1,0.06,0.2,1000,10,0.0,2.22,60
Y6A3000,Rotbarschauflauf mit Kartoffeln und Spinat,Redfish casserole with potatoes and spinach,159,71,8.8,10.73,6.3,1,1.1,198,116,1.0,4.11,25.5
Y856353,Johannisbeergelee mit Schlagsahne,Red currant jelly with whipped cream,82,80.4,2.3,3,9.87,0.3,0.009,7,40,9.87,1.594,7.8
Y634233,"Seezungenfilet gedünstet, in Weißweinsauce von heller/weißer Grundsauce","Sole fillet stewed, in white wine sauce from white basic sauce",89,81,13.14,3.3,1.07,0.06,3,265,26,0.29,1.6,41
D7A6400,"Berliner/Pfannkuchen/Krapfen (Hefeteig) frittiert, gefüllt mit Pflaumenmus","""Berliner"" doughnut (yeast dough) deep-fried, filled with plum jam",321,34.1,6.3,13.7,41.8,2.6,0,160,26,13.1,6.9,68
K701902,"Champignon Konserve, abgetropft","Button mushroom canned, drained",43,89.52,5.518,0.818,3.23,2.536,0,465,33,0.108,0.0582,0
W363000,Schwartenmagen,Schwartenmagen brawn,139,72.9,17.9,7.4,0.16,0.09,0.33,800,12,0.0,3.037,73
D771800,Croissant (Hefeblätterteig/Plunderteig) gefüllt mit Marzipan,"Danish pastry croissant, filled with marzipan",444,18,7.8,25.6,44.0,2.77,0.1,292,42,13.2,12.63,27
X916163,"Zwiebelkuchen schwäbisch, mit Speck","Onion cake ""Swabian"", with bacon",180,65,5.7,9.4,17.0,1.8,0.3,200,40,4.6,3.4,71
X452263,Suppe aus Eierteigwaren mit Hühnerfleisch,Soup of egg pasta with chicken,56,90,4.6,2.8,2.89,0.2,0,317,7,0.08,0.9,18
X9A3030,"Frühlingsrollen vegetarisch gefüllt mit Gemüse, frittiert","Spring rolls vegetarian filled with vegetables, deep-fried",280,46,6.2,14.6,28.8,4.1,0,188,23,2.7,1.08,0.287
X231540,Blumenkohlsalat (roh) mit Saure-Sahne-Dressing,Cauliflower salad (raw) with sour cream dressing,46,90.1,2.48,1.4,5.4,2.5,0,80,30,2.7,0.6,4
Y710243,"Spiegelei gebacken, auf gedünstetem Spinat mit Tomaten",Baked egg on stewed spinach with tomatoes,133,77.1,6.51,10.79,1.55,1.5,0.6,173,108,1.43,2.34,112
N276000,Pfirsich-Maracujanektarschorle,Peach-maracuja nectar spritzer,22,94,0.2,0,5.13,0,0,2,8,4.91,0.002,0
Y694923,"Kabeljaufilet gedünstet, mit Zitronenbutter und Sauce","Cod fillet stewed, with lemon butter and sauce",218,66,14,17.6,0.46,0.1,0.04,193,29,0.46,11,70
Y9A1070,Türkische Pizza (Lahmacun) ungefüllt,Lahmacun unfilled,218,56,9.7,9.4,22.0,2.6,0.13,204,20,1.9,2.47,19
X498113,Biersuppe Berliner Art,Beer soup Berlin style,53,87,1.3,1.5,7.0,1,0.002,232,9,1.0,0.8,3
T113902,"Rollmops Konserve, abgetropft","Herring fillet rolled, pickled, canned, drained",99,81.8,8,4.426,5.62,0.19,11,429,30,5.62,1.148,41
F210902,"Süßkirsche ungesüßt, Konserve, abgetropft","Sweet cherry unsweetened, canned, drained",54,82.3,0.909,0.244,11.47,1.3,0,2,17,10.784,0.056,0
Y6A2030,Lachs-Spinat-Auflauf,Salmon-spinach casserole,175,70,14.2,12.4,1.2,0.5,1.9,138,167,0.8,5.3,73
X215910,Kopfsalat mit Zitronenmarinade,Lettuce with lemon marinade,149,80.5,1.03,14.8,1.8,1,0,116,39,1.8,1.1,0.301
X2A3010,"Fruchtsalat exotisch, gesüßt","Fruit salad exotic, sweetened",69,82,0.8,0.3,14.2,1.6,0,4,16,14.1,0.041,0
X930642,"Pfannkuchen/Eierkuchen, gebraten, gefüllt mit gedünsteten Pilzen und saurer Sahne","Pancakes fried, filled with stewed mushrooms and sour cream",192,63,6.29,10.4,17.4,2.2,0.2,120,60,2.3,1.9,42
Y036322,Königsberger Klopse,"""Königsberger Klopse"" meatballs",192,65.8,16.49,12.2,3.64,0.5,1,285,23,0.71,4.562,81
Y362023,"Schweinshaxe geschmort, mit Sauce","Pork hock braised, with sauce",230,60,21.59,15.2,1.5,0.5,0.21,273,14,0.6,3.9,73.85
W251000,Bayrische Bierwurst/Bierwurst Ia,Bavarian Bierwurst,275,60,13.34,24.61,0.0,0.06,0.43,800,9,0.0,9.5,56
Y9A1010,Fischburger mit Seelachs,Fish burger with saithe,200,58.1,12.3,8.2,18.33,1.4,0,377,33,2.39,1.07,69
Y536133,Kaninchenbraten mit Grundsauce dunkel/braun mit Sahne,Rabbit roast with brown basic sauce with cream,174,65,21.2,9.5,0.88,0.05,0.03,400,20,0.31,3.8,79
Y623723,"Seelachsroulade mit Speckfüllung gebacken, mit Sauce","Saithe roulade with bacon filling baked, with sauce",171,69.5,16.2,10.8,1.6,0.5,0.04,313,34,1.6,3.73,60
S242400,"Speiseeis (Frucht, Schoko, Vanille) gemischt","Ice cream mixed (chocolate, vanilla, fruit)",184,61.9,2.1,6.93,27.3,1.1,0,27,58,23.9,3.932,15.8
E605232,"Schupfnudeln schwäbisch, gekocht","Finger-shaped pasta Swabian style, boiled",165,59.1,6.02,2.08,29.42,2.28,0.2,343,14,0.372,0.33,36
D720500,Sahne-Windbeutel (Brandmasse) mit Kirschen,Cream puff (choux pastry) filled with cherries,207,64,3.68,12.9,18.5,0.7,0.3,38,39,9.7,6.76,77
Y742350,"Eier pochiert, mit Meerrettichmayonnaise","Eggs poached, with horseradish-mayonnaise",273,60.9,10.2,25.24,1.0,0.3,1,509,47,0.81,3.26,285
Y855743,Rote Grütze mit Vanillesauce,Red fruit jelly with vanilla sauce,95,76.5,2.1,1.8,16.2,1.8,0,14,56,12.2,0.87,23
S533000,Blätterkrokant überzogen mit Vollmilchschokolade,Flaky brittle covered with whole milk chocolate,422,12.4,3.49,16.8,63.4,1.52,0,161,62,62.9,7.6,8
G994252,"Gemüsemischung asiatische Art, tiefgefroren, gedünstet","Mixed vegetables Asian style, deep-frozen, stewed",30,90,2.1,0.3,3.7,2,0,6,21,3.7,0.042,0
Y036122,Frikadellen gebraten,Meatballs fried,269,55.2,18.65,19.48,4.45,0.5,0.5,252,26,0.88,5.62,86
W257000,Cabanossi gebrüht,Cabanossi sausage scalded,193,67.7,15.26,14.61,0.04,0.02,0.29,800,9,0.0,5.68,62
Y144123,Rinderragout mit Pilzen,Beef ragout with mushrooms,161,68,16.7,9.1,2.37,1.4,0.266,245,9,0.68,2.2,44.6
D312500,Zuger Kirschtorte (Biskuit und Nussboden) mit Alkohol,"""Zuger Kirschtorte"" cherry torte (sponge cake and nut sponge cake) with alcohol",307,45,5.8,17.1,27.5,1.1,0.3,58,55,20.4,7.92,81
Y999140,Fürst-Pückler-Eis,Neapolitan ice cream,276,53.9,5,20,18.3,1.1,0.036,38,78,18.1,8.75,73
X1A2010,Kartoffelsalat mit Marinade (Gemüsebrühe),Potato salad with marinade (vegetable stock),83,79,1.52,3,11.42,1.5,0,107,8,1.2,0.3,0.058
W219500,Kochsalami,Salami scalded,141,73,16.98,8.1,0.0,0.05,0.13,800,6,0.0,3.095,61
X1A6000,"Schichtsalat mit Gemüse, Früchten, Käse, Eiern, Schinken und Mayonnaise mit Zitronensaft","Layered salad with vegetables, fruits, cheese, eggs, boiled ham and mayonnaise (with lemon juice)",216,67,7.4,18,5.0,1.5,0,201,173,3.7,4.07,69
X326513,Kapernsauce von heller/weißer Grundsauce,Caper sauce from white basic sauce,82,87,1.4,6.9,3.39,0.28,0,382,16,0.8,3.8,54
D7B8100,Spritzgebäck (Rührmasse) schokoliert,Spritz biscuits (cake batter) with chocolate icing,507,10,6.6,30.4,49.8,3.75,1,52,29,22.8,17.49,146
X551563,Auberginen-Tomaten-Paprikagemüse geschmort,Aubergines braised with tomatoes and sweet peppers,143,75,1.59,10.7,7.9,3.2,0,245,20,7.6,0.84,0.233
X2A1140,"Sauerkrautsalat (roh) mit Apfel, Paprika, Speck und Saure-Sahne-Dressing","Sauerkraut salad (raw) with apple, sweet pepper, fried bacon and sour cream dressing",52,87.7,1.67,1.7,4.9,2.9,0,300,40,4.5,0.7,4
C514600,"Knuspermüslimischung mit Schokolade, gesüßt","Crunchy muesli mix with chocolate, sweetened",421,8.3,8.9,15.1,56.8,7.5,0,215,40,19.9,5,0.9
X1A8040,"Heringssalat mit Roter Bete, Apfel, Gewürzgurke und Mayonnaise, gestreckt mit saurer Sahne","Herring salad with beetroot, apple, gherkin and mayonnaise, diluted with sour cream",157,73,6.1,12.1,4.7,0.9,8,1380,50,4.6,1.9,36
X347160,"Remouladensauce, gestreckt mit saurer Sahne","Remoulade sauce, diluted with sour cream",288,62,4.5,28.7,2.5,0.3,2,540,60,2.5,4.1,110
X987312,Pizzabaguette mit Tomaten und Käse überbacken,Pizza baguette with tomatoes and cheese gratinated,260,49,13.9,12.8,21.0,1.9,0,347,454,1.6,7.9,26.5
Y670113,"Aal grün (Aal pochiert, in Kräutersauce)","Eel poached, in herb sauce",208,70,9.3,18,1.97,0.2,12,168,20,0.73,5.8,103
Y730443,"Omelett gebraten, gefüllt mit blanchiertem Gemüse und Kochschinken","Omelette fried, filled with blanched vegetables and boiled ham",136,76.4,10.1,8.49,3.82,1.8,0.8,200,43,1.18,1.61,166
Y561422,Wiener Backhendl (Hähnchen im Backteig gebraten),Chicken in frying batter fried,311,50.7,18.26,24.2,4.55,0.4,0.4,214,22,0.51,6.4,112
X518743,Gemüse mit Käsesauce überbacken,Vegetables with cheese sauce gratinated,100,83,3.7,7.5,3.8,1.7,0,178,66,2.37,4,61
X702512,Vollkorn-Eier-Frischteigwaren mit Tomatensauce von heller/weißer Grundsauce,Fresh wholemeal egg pasta with tomato sauce from white basic sauce,91,79,3.9,2.3,12.4,2.5,0.2,207,15,1.3,0.9,36
X268610,Rettichsalat mit Saure-Sahne-Dressing,Radish salad with sour cream dressing,39,91.8,1.4,1.8,3.4,1,0,110,40,2.6,0.9,6
X191202,Gemüsesalat (gegart) mit Joghurtmarinade,Vegetable salad (cooked) with yogurt marinade,47,88.9,2.18,2.02,4.0,2.1,0,146,39,2.98,0.48,1.38
X740933,Eierteigwaren mit Tomatensauce (aus frischen Tomaten),Egg pasta with tomato sauce (of fresh tomatoes),129,69,4.5,4.46,16.99,1.3,0.05,144,50,1.91,0.88,2
Y291133,"Kalbshaxe gebraten im Ofen, mit Grundsauce dunkel/braun","Veal knuckle fried in oven, with brown basic sauce",137,72,18.84,6.1,1.3,0.6,0.29,207,21,0.7,1.7,62
Y173012,"Rinderleber gebraten, mit Rotweinsauce","Beef liver fried, with red wine sauce",122,73,11.46,5,7.34,0.3,0.9,214,7,0.31,0.9,151
Y999242,Baiser-Eistorte,Meringue ice-cream cake,277,38,3.9,6.9,49.6,0.5,0.016,66,31,49.5,3.5,28
X214460,Feldsalat mit Zitronenmarinade,Lamb's lettuce with lemon marinade,128,81,1.43,12.8,0.7,1.5,0,91,43.9,0.7,0.93,0.257
W252100,Krakauer/Kochpolnische,Krakow cooked sausage,238,61.4,15.8,19.4,0.0,0.06,0.27,800,11,0.0,4.79,59
Y911160,Cheeseburger,Cheeseburger,202,58,10.6,9.1,18.1,1.5,0.4,600,90,3.9,3.54,33
Y271033,"Kalbsherz geschmort, mit Sahnesauce","Veal heart braised, with cream sauce",149,71,11.88,9.5,3.3,1.1,0.006,273,33,1.2,2.9,92
Y692723,Fischgulasch mit Seelachs ungarische Art,Fish goulash with saithe Hungarian style,86,82,7.1,4.2,4.2,1.1,0.01,300,13,2.1,0.8,20
F134902,"Birne in Fruchtsaft, Konserve, abgetropft","Pear in juice, canned, drained",54,85,0.436,0.354,11.3,2.8,0,3,15,9.2,0.048,0
W218100,Cabanossi (Brühwürstchen),"Cabanossi sausage scalded, small",192,68,15.23,14.57,0.0,0.07,0.29,800,9,0.0,5.67,62
S244500,"Speiseeis (Frucht, Nuss, Schoko, Vanille) gemischt","Ice cream mixed (fruit, vanilla, nut, chocolate)",199,60,2.42,8.4,27.3,1.3,0,29,63,23.6,5.048,16.4
Y884312,Grüne Grütze,Green fruit jelly,54,86,0.5,0.1,11.7,1.4,0,5,9,9.7,0.009,0
W258000,"Touristenwurst einfach, gebrüht","Touristenwurst sausage simple, scalded",213,64,16.33,16.34,0.0,0.07,0.29,800,7,0.0,6.04,67
D7A6500,"Berliner/Pfannkuchen/Krapfen (Hefeteig) frittiert, gefüllt mit Pudding","""Berliner"" doughnut (yeast dough) deep-fried, filled with pudding",296,42.3,6.7,14,34.8,2.2,0,167,48,5.89,7.1,70
X531042,"Blumenkohl gedünstet, mit Semmelbröseln","Cauliflower stewed, with breadcrumbs",99,82.2,2.8,6.05,7.88,3,0,140,25,2.29,0.48,0.127
Y6A2000,Lachs im Blätterteig gebacken,Salmon in puff pastry baked,229,62,12,15.9,8.88,0.8,2,165,16,0.82,5.6,51
X2A2000,Eisbergsalat mit Zitronenmarinade,Iceberg lettuce with lemon marinade,72,89.4,0.8,6.4,1.71,1.6,0,51,18,1.7,0.5,0.129
U223072,"Rind Roastbeef (Rücken) mariniert, gegrillt","Beef roastbeef (loin) marinated, grilled",172,66.5,25.14,6.7,2.28,0.21,0.362,442,9,2.02,2.18,54.9
X545563,Spargelauflauf,Asparagus casserole,164,75,6,13.9,3.0,0.7,0,191,142,3.0,6.52,91
F119902,"Apfel ungesüßt, Konserve, abgetropft","Apple unsweetened, canned, drained",36,89.9,0.426,0.521,6.2,2.041,0,3,9,5.588,0.21,0
W872100,Krakauer Schinkenwurst Konserve,Krakow ham bologna canned,116,75,17.98,4.94,0.0,0.05,0.14,800,7,0.0,1.83,50
X371243,Mousselinesauce,Mousseline sauce,350,56.8,4,36.1,2.115,0.005,1,75,75,2.115,19.34,261
X230512,"Sauerkrautsalat (roh) mit Apfel, Paprika, gebratenem Speck und Essigmarinade","Sauerkraut salad (raw) with apple, sweet pepper, fried bacon and vinegar marinade",70,86.2,1.5,3.83,4.5,3,0.01,300,34,4.12,0.56,2.17
X465823,Weiße-Bohnen-Suppe mit Fleischwursteinlage,Haricot bean soup with bologna,98,82,4.45,5.6,6.0,2.4,0,289,24,0.9,1.9,9.5
X740862,"Teigwaren eifrei, in Öl geschwenkt, mit gekochtem Broccoli und Sardellen","Pasta egg-free, tossed in oil, with boiled broccoli and anchovies",140,68,5,5,17.7,1.9,1,291,23,0.91,0.7,4
Y857063,Fruchtgelee mit Fruchtstückchen und Schlagsahne,Fruit jelly with fruit pieces and whipped cream,117,75,2.2,4.7,14.6,0.8,0.013,9,26,14.5,2.425,12
Y690613,Rotbarschauflauf,Redfish casserole,201,64,10,13.5,9.4,0.7,2,550,80,1.9,5.1,108
G332902,"Rosenkohl Konserve, abgetropft","Brussels sprouts canned, drained",29,90,2.736,0.3,2.2,2.969,0,213,22,2.1,0.0311,0
K282262,"Kartoffelkroketten tiefgefroren, gebacken","Potato croquettes deep-frozen, baked",257,46.6,5.77,13.24,27.22,2.99,0.3,540,19,1.36,3.5,59
X922143,"Frühlingsrollen gefüllt mit Gemüse und Schweinefleisch, frittiert","Spring rolls filled with vegetables and pork, deep-fried",292,43,11.1,14.3,28.0,3.6,0,201,16,1.9,1.17,13.4
C514700,"Knuspermüslimischung mit Schokolade, gesüßt, angereichert mit Vitaminen und Mineralstoffen","Crunchy muesli mix with chocolate, sweetened, fortified with vitamins and minerals",421,8.3,8.9,15.1,56.8,7.5,0,215,266,19.9,5,0.9
Y622733,"Kabeljaufilet gefüllt, mit Grundsauce hell/weiß mit Sahne, gebacken","Cod fillet filled, with white basic sauce with cream, baked",163,69,15.8,9.9,2.2,0.3,0,400,50,0.8,4.3,68
D9A4600,Pudding-Vollkornplunder belegt mit Früchten und Klarguss,"Wholemeal Danish pastry with pudding, fruit and gelatin glaze",322,40,6.1,18.6,30.0,4.9,0.1,258,39,7.5,9.713,14
Y911060,Hamburger,Hamburger,190,58.6,10.01,7.31,19.72,1.7,0.2,504,37,3.74,2.45,30
X493453,Stachelbeerkaltschale gebunden mit Stärke,Cold gooseberry soup thickened with starch,60,83.6,0.787,0.1,12.55,1.8,0,3,25,9.23,0.019,0
Y823143,Haferflockenauflauf mit Kakao,Oat flakes casserole with cocoa,169,65.9,6.1,9.31,14.4,1.728,0,60,97,7.55,4.7,83
Y720452,Rührei gebraten mit Pfifferlingen und Speck,Scrambled eggs fried with chanterelles and bacon,212,67.6,8.94,18.93,1.02,0.8,1,365,44,0.91,4.5,204
X880532,Risi-Pisi mit gebratenen Shrimps,Risi-Pisi with fried shrimps,110,73.1,7.4,1.598,15.3,2.1,0,48,35,1.8,0.21,34.719
U051172,"Rind/Schwein, Frikadelle, gegrillt","Beef/pork, patty, grilled",260,55,19,18.06,5.0,0.7,0.6,686,28,0.8,6.807,83
Y016242,Tellersülze mit Eisbein,"Pork foreshank (hock) ""Eisbein"" cured, in aspic",52,89,6.85,2.22,0.5,0.3,0.04,200,13,0.5,0.698,26.28
X200650,Sauerkrautsalat (roh) mit Saure-Sahne-Dressing,Sauerkraut salad (raw) with sour cream dressing,56,87.1,1.34,2.1,5.1,2.8,0,320,50,4.7,1,6
X631042,Kartoffelschnee,Potatoes mashed,96,78.8,1.99,2.06,16.7,1.36,0.05,88.2,10,0.88,0.59,0.05
X651043,"Bratkartoffeln aus Pellkartoffeln, mit Zwiebeln",Fried potatoes (of boiled potatoes) with onions,194,60.1,2.835,11.471,18.32,3.3,0,152,11,1.09,0.79,0.234
F302902,"Himbeere gezuckert, Konserve, abgetropft","Raspberry sugared, canned, drained",67,82,0.95,0.353,13.68,2,0,8,26,13.68,0.0051,0
Y670632,Aal mit Speck gebacken,Eel with bacon baked,361,48.3,17.9,31.9,0.18,0.01,19,300,27.8,0.17,7.54,189
T107902,"Makrele im eigenen Saft, Konserve, abgetropft","Mackerel canned, drained",114,75.8,13.8,6.54,0.0,0,8,210,17,0.0,1.333,91
X462513,Linsensuppe mit Gemüse,Lentil soup with vegetables,82,78,4.53,1.9,10.0,3.4,0,289,22,1.4,0.3,0.03
Y780613,Käsepudding im Wasserbad gegart,Cheese pudding cooked in bain-marie,239,54.1,12,13.5,16.8,1.11,1,390,210,1.6,7.5,119
D650100,Dominosteine,Domino dices (petit fours),361,19.7,4,11.4,58.4,3.6,0,11,24,53.3,4.66,8
Y036752,Kalbfleischklößchen gebraten im Ofen,Small veal meatballs fried in oven,227,57,23.72,12.9,3.75,0.4,1,456,21,0.68,5.65,89
X3A7040,Spanische Sauce (Salsa),Spanish sauce (Salsa),100,86,0.88,9.1,2.7,1.1,0,64,13,2.7,0.68,0.184
Y277133,"Kalbsnieren sauer, gebraten, mit Sahnesauce von dunkler/brauner Grundsauce","Veal kidneys sour, fried, with cream sauce from brown basic sauce",165,70,13.45,11.1,2.31,0.2,0.1,315,14,0.67,3.1,297
X566142,Selleriescheiben im Backteig (mit Bier) frittiert,Celeriac slices in frying batter (with beer) deep-fried,241,54.3,5.8,14.3,19.34,4.3,1,155,46,1.757,1.47,80
X3A2000,Hackfleisch-Paprikasauce,Minced meat-sweet pepper sauce,156,74,7.5,12.6,2.5,0.9,0.15,300,12,2.5,3.3,22
X543163,"Fenchel paniert, gebraten","Fennel breaded, fried",116,78.3,4.02,7.1,7.4,2.9,0.3,223,42,2.66,0.89,57
Y235032,"Kalbskotelett gegrillt, mit Basilikumbutter","Veal chop grilled, with basil butter",207,63,22,13.2,0.1,0.1,0.4,170,20,0.1,6,95
D310300,Käsesahnetorte (Wasserbiskuit),Cheese cream torte (sponge cake),222,60,7.2,12.7,19.1,0.25,0.2,41,66,15.7,6.69,51
B6A2200,Roggenvollkornknäckebrot mit Buttermilch,Wholemeal rye crispbread with buttermilk,330,6,10.51,1.6,58.9,18.46,0,545,68,3.275,0.28,2.5
X702343,Vollkorn-Eier-Frischteigwaren mit Roquefortsauce,Fresh wholemeal egg pasta with Roquefort sauce,254,57.6,8.79,19.03,10.8,2.08,0.2,414,178,0.963,9.06,70
X270440,Fruchtsalat mit Chicoree und Saure-Sahne-Dressing,Fruit salad with chicory and sour cream dressing,49,86,1.7,1.4,6.2,1.6,0,80,50,5.6,0.6,4
S154000,Fruchtsirup,Fruit syrup,249,37,0.6,0.1,59.97,0.2,0,4,18,59.97,0.017,0
Y724253,Rührei gebraten mit Fleischwurst und Zwiebeln,Scrambled eggs fried with bologna and onions,212,67.1,12.23,17.65,0.94,0.3,1.4,379,51,0.93,4.12,284
W324000,"Kalbsleberwurst grob, mit Schweinefleisch","Veal liver sausage coarsely minced, with pork",227,63.3,14.5,18.3,1.02,0.1,0.43,800,7,0.42,7.3,99
R9A4200,"Vanillebuttercreme gestreckt, für Gebäck/Torten","Vanilla butter cream, egg-free, light, for pastry/tortes",305,55.9,2.4,26.11,14.97,0.032,0.057,41,73,11.54,16.709,70
Y322113,"Schweinekamm geschmort, mit Grundsauce dunkel/braun","Pork neck braised, with brown basic sauce",158,70,13.08,10.2,2.9,1.2,0.14,209,22,1.1,2.8,40.39
D288300,Apfel-Mohntorte (Mürbeteig),Poppy seed apple torte (shortcrust pastry),266,49,6.5,17.4,18.8,3.9,0.1,56,189,10.9,6.31,32
Y022422,Berner Würstel gebraten,"""Berner Würstel"" (small sausages filled with cheese, wrapped in bacon) fried",281,56.1,15.7,24.12,0.16,0.03,0.27,900,210,0.112,8.98,52
Y840363,Apfelkompott mit Rosinen und Rum,Apple compote with raisins and rum,56,84.7,0.4,0.3,11.0,1.5,0,2,8,10.3,0.1,0
Y181223,"Rinderrauchfleisch gekocht, in Sahnesauce von dunkler/brauner Grundsauce","Smoked, cured beef, boiled, in cream sauce from brown basic sauce",119,76,13.62,5.9,2.81,0.18,0.179,700,9,0.47,2,37.9
G850132,Gemüsecremesuppe aus Instantpulver (mit Wasser zubereitet),"Cream of vegetable soup, made from instant powder and water",34,90.2,0.75,0.3,6.7,0.6,0,401,16,4.09,3.49e-05,0.1
D096000,Zwiebelkuchen mit Speck (Hefeteig),Onion cake (yeast dough) with bacon,179,63,5.54,8,20.0,2,0.2,200,40,4.3,4.6,54
K391292,"Kartoffelrösti tiefgefroren, frittiert","Potato rösti (fried grated potatoes) deep-frozen, deep-fried",291,37.1,3.13,13.234,38.6,2.5,0,502,18,2.6,1,0.268
X740833,"Teigwaren eifrei, mit Tomatensauce (aus frischen Tomaten) mit Sardellen","Pasta egg-free, with tomato sauce (of fresh tomatoes) with anchovies",135,69,4.3,4.4,18.73,1.4,1,266,14,2.13,0.46,4
Y840953,"Birnen gekocht, mit Schokoladensauce",Pears boiled with chocolate sauce,90,78.2,1.82,2.3,15.0,2,0,16,54,11.25,1.36,5.8
W812000,Gefüllter Schweinekamm gebraten ohne Fett (Ofen),"Pork neck filled, fried (in oven)",195,63,21,11.5,1.8,0.4,0.3,580,20,0.8,4.4,77
Y611632,"Brathering mariniert, abgetropft","Fried herring marinated, drained",211,66.4,15.1,13.5,6.76,0.52,11,229,47,0.36,2.44,67
Y845153,"Bratapfel gefüllt gebacken, mit Vanillesauce","Baked apple filled, with vanilla sauce",157,67.5,2.3,7.4,18.9,1.8,0,14,49,16.8,3.4,32
X448353,Pilzsuppe,Mushroom soup,39,91,1.6,2.6,1.6,1.5,0,190,10,0.7,1.6,6
Y635132,"Flunder paniert, gebraten","Flounder breaded, fried",173,67.7,15.2,9.4,6.09,0.54,4,294,60,0.65,1.28,76
G491802,"Knoblauch gesäuert, abgetropft","Garlic pickled, drained",122,52,7.29,0.507,3.0,36.409,0,479,21.4,1.9,0.075,0
Y921162,"Döner Kebab, Fladenbrot gefüllt mit Grillfleisch (Geflügel), Rohkost und Sauce","Doner kebab, flatbread filled with grilled poultry, salad and sauce",199,57,13.08,7.9,18.0,1.6,0.1,632,25,1.1,1.3,34.4
P9A5100,"Cocktail, Bloody Mary","Cocktail, Bloody Mary",42,92.6,0.25,0.02,0.98,0.26,0,141,6,0.92,0.006,0
X760112,Maultaschen Schwäbische Art (mit Hackfleisch) gegart,"Minced meat-spinach-filled pasta squares, Swabian style, cooked",132,68,10.4,6.02,8.032,2.2,0.3,497,50,0.632,1.82,72.3
W531082,"Kasseler, Rohpökelware, geräuchert, paniert, gebraten ohne Fett (Pfanne)","Pork loin chop raw cured, smoked, breaded fried without fat (pan)",152,62.9,22.63,3.36,7.53,0.61,0.2,1091,10,0.5,1.14,82
Y114033,"Rinderfiletsteak gebraten, mit Sauce","Beef fillet steak fried, with sauce",166,71,18.68,9.5,1.49,0.1,0.282,208,7,0.09,3.1,51
E470032,Eier-Frischteigwaren Ravioli (Gemüsefüllung) gekocht,Fresh egg pasta Ravioli (vegetable filling) boiled,141,66,4.99,2.08,24.5,2,0.1,139,13,0.77,0.3,10
X381063,Cumberlandsauce mit Rot- und Portwein,Cumberland sauce with red and port wine,97,76.9,0.6,0.2,16.4,0.9,0,85,13,16.4,0.029,0
Y841112,Erdbeerkompott mit Süßstoff,Strawberry compote with artificial sweetener,41,89,0.845,0.365,6.883,1.9,0,8,18,6.591,0.029,0
W399300,"Schinkenbrätterrine mit Alkohol, gebacken","Ham bologna sausage meat terrine with alcohol, baked",243,59.1,16.5,18,2.1,0.4,0.07,800,29,2.0,6.76,60
D305000,Holländische Kirsch-Sahneschnitten/Kirsch-Sahnetorte (Blätterteig),Dutch cherry cream torte/squares (puff pastry),287,51.4,2.8,19.2,25.2,0.8,0.029,59,33,15.2,8.96,25.6
X987212,Pizzabaguette mit Gemüse und Schafskäse überbacken,Pizza baguette with vegetables and sheep's milk cheese gratinated,221,55,9.4,10.8,20.0,1.9,0,685,115,2.4,6.2,25.8
X6A3040,Schinkenkartoffeln mit saurer Sahne und Käse überbacken,"Potatoes with ham, sour cream and cheese gratinated",201,64.6,8.5,13.1,11.8,0.9,0,400,70,2.1,4.2,109
Y640413,"Lachs gebraten, in Grundsauce hell/weiß mit Sahne","Salmon fried, in white basic sauce with cream",193,70,13.52,14.7,1.63,0.07,2.2,276,23,0.74,5.2,57
Y171022,"Rinderherz gekocht, mit Kräutersauce von heller/weißer Grundsauce","Beef heart, boiled, with herb sauce from white basic sauce",135,75,14.57,7.7,1.68,0.09,0.008,213,11,0.42,3.7,125
W362000,Presswurst,Presswurst brawn,203,62.9,21.73,12.66,0.48,0.2,0.38,700,23,0.3,5.1,108
Y642232,"Forelle paniert, gebraten","Trout breaded, fried",235,57,19.87,14,6.38,0.57,5.8,210,77,0.69,2.04,86
X466143,Weißkraut-Eintopf mit Hammelfleisch,White cabbage stew with mutton,119,78,4.5,8.4,5.1,2.3,0,206,37,5.0,2.7,14
Y564523,Hühnerragout mit Gemüse,Chicken ragout with vegetables,75,83,9.3,2.3,3.7,1.4,0.05,127,13,1.8,1.1,28
X698212,"Kürbis-Kartoffelpüree mit Milch 1,5 % Fett",Pumpkin-potato puree with milk 1.5 % fat,78,81,2.15,2.66,10.75,0.963,0.004,129,40,2.65,1.2,5
X720613,Auflauf aus Eier-Frischteigwaren mit Sahne-Käsesauce und Chester überbacken,Casserole of fresh egg pasta with cream-cheese sauce and Chester cheese gratinated,285,50,9.9,18.26,19.21,1.54,0.4,334,157,1.53,9.3,95
X321211,Tomatensauce aus frischen Tomaten und Frischkäse,Tomato sauce of fresh tomatoes and cream cheese,145,79,2.35,12.77,4.24,1.1,0.07,152,30,4.24,4.08,16.6
X559043,"Kürbis gebacken, in Tomatensauce (aus Tomatenmark)","Pumpkin baked, in tomato sauce (of tomato paste)",80,90,1,5.4,5.3,3,0,166,12,4.7,0.4,0.105
D720600,Flockentorte (Brandmasse und Mürbeteig),"""Flockentorte"" layer torte (choux pastry)",240,56,4,13.6,24.9,0.9,0.3,37,35,13.1,7.35,76
W254082,"Jagdwurst/Schinkenwurst grob, gebraten ohne Fett (Pfanne)","Jagdwurst sausage/ham bologna coarsely minced, fried without fat (pan)",212,63.84,16.298,16.315,0.09,0.05,0.2,800,15,0.0,5.79,55.47
X4A8040,Linsen-Eintopf mit Suppengemüse und Eier-Frischteigwaren Spätzle,Lentil stew with vegetables and fresh egg pasta spaetzle,133,65,7.51,2.3,17.4,5.7,0,242,29,1.7,0.3,5
X191402,Gemüsesalat (gegart) mit Essigmarinade,Vegetable salad (cooked) with vinegar marinade,95,84.4,1.64,7.76,3.4,2.2,0,149,24,2.35,0.58,0.153
H740902,"Gartenbohne reif, Konserve, abgetropft","Haricot bean mature, canned, drained",130,67.6,9.0383,0.597,17.72,7.136,0,249,39,0.785,0.104,0
X344260,Aioli,Aioli,692,19,2.3,75.1,0.7,1.4,1,480,23,0.7,6.13,144
X151462,Auberginensalat (gegart) mit Zitronenmarinade,Aubergine salad (cooked) with lemon marinade,166,75,0.96,15.3,4.5,2,0,171,13,4.4,1.14,0.321
Y827163,Zwiebackauflauf mit Apfel,Rusk pudding with apple baked,168,64,4.5,6.4,22.1,1.4,0.2,68,60,14.2,2.96,60
F131902,"Birne ungesüßt, Konserve, abgetropft","Pear unsweetened, canned, drained",35,89.9,0.301,0.303,7.01,2.6,0,1.9,13,5.37,0.0405,0
T931292,"Seelachs paniert, tiefgefroren, frittiert","Saithe/pollack, breaded, deep-frozen, deep-fried",257,51.4,16.85,13.52,16.38,1.15,0,404,24,0.93,1.5,45
Y813452,Dampfnudeln salzig gebraten,"""Dampfnudeln"" yeast dumplings salted fried",333,36,6.49,16.2,39.0,2.44,0.2,334,31,6.6,1.6,28
X455063,"Brotsuppe (Schwarzbrot) mit Fleischbrühe, Gemüse und Speck","Bread soup (brown bread) with meat stock, vegetables and bacon",68,85,1.53,4.3,4.8,1.5,0,320,20,1.6,0.9,2
Y036514,"Frikadellen gefüllt mit Schafskäse, gebraten","Meatballs filled with sheep's milk cheese, fried",286,53.3,18.67,21.67,3.55,0.4,0.4,441,83,0.7,8.14,86
G993152,"Gemüsemischung mexikanische Art, gedünstet","Mixed vegetables Mexican style, stewed",64,82,3.6,0.5,8.5,4.8,0,2,26,3.8,0.066,0
X0A5030,"Müsli gesüßt, mit Sojadrink und Fruchtmischung","Muesli sweetened, with soya drink and mixed fruit",138,65.5,5.03,3.7,18.9,4.2,0,13,36,7.6,0.56,0
Y870463,Haselnusscreme abgeschlagen (mit Gelatine),Hazelnut cream (with gelatine),180,67.1,7.5,11.32,11.55,0.8,0,53,118,11.55,2.79,86
D7A6100,"Berliner/Pfannkuchen/Krapfen (Hefeteig) frittiert, gefüllt mit Eierlikörcreme","""Berliner"" doughnut (yeast dough) deep-fried, filled with egg liqueur cream",294,42.7,6.6,13.7,34.5,2.1,0,162,52,6.8,6.9,69
D1A2200,"Kuchenboden (Mürbeteig) belegt mit Früchten, Pudding und Klarguss","Shortcrust pastry base with fruit, pudding and gelatin glaze",159,67.2,3,6.4,20.9,2,0.1,26,41,9.9,3.87,26
X338443,Heringssauce aus Kräutersauce von heller/weißer Grundsauce,Herring sauce of herb sauce from white basic sauce,124,81,6.2,9.7,2.51,0.13,5,289,31,0.73,4.4,70
T020702,"Tintenfisch in Öl, Konserve, abgetropft","Common cuttlefish in oil, canned, drained",166,71.6,13.47,12.4,0.0,0,0,653,28,0.0,1.5,324
T812702,"Meeresfrüchte in Öl, Konserve, abgetropft","Shellfish (frutti di mare) in oil, canned, drained",133,74.1,13.99,8.4,0.0,0,1,631,52,0.0,1.1,240
Y404123,Lammfleischklößchen mit Curry in Tomatensauce (aus Tomatenmark),Small lamb meatballs with curry in tomato sauce (of tomato paste),113,79,7.6,7.3,3.8,0.7,0.2,230,19,1.7,1.34,52
X655112,"Reibekuchen rheinisch gebraten, mit Apfelmus und Preiselbeeren","Potato pancakes ""Rhenish"" fried, with apple sauce and lingonberries",175,66.9,3.1,9.2,19.2,1.6,0.2,151,14,6.7,0.82,43
X1A2050,Kartoffelsalat mit Speck und Marinade (Gemüsebrühe),Potato salad with bacon and marinade (vegetable stock),95,77,2.76,3.6,11.85,1.6,0.02,200,8,1.18,0.8,4.38
X720713,"Teigwaren eifrei, gebraten mit Kochwurst und Eiern","Pasta egg-free, fried with cooked sausage and eggs",191,61.5,9.6,9.43,16.33,0.9,0.4,223,25,0.8,2.7,103
Y847012,Tutti-Frutti,Layered sponge cake cream dish with fruits,162,68,4.6,7.43,18.5,0.7,0.1,62,77,11.9,3.62,79
X931152,"Pfannkuchen/Eierkuchen, gebraten, gefüllt mit gedünstetem Mischgemüse","Pancakes fried, filled with stewed mixed vegetables",143,72,4.6,6.7,14.8,2.3,0.1,131,49,2.69,1,28
Y862753,"Grießflammeri/Grießpudding, mit Ei und Kirschsaft",Semolina pudding with egg and cherry juice,103,77.7,4,3.45,13.9,0.3,0,41,78,9.2,1.57,37
D771300,Pasteten (Blätterteig) mit Himbeersahne,Raspberry cream in vol-au-vent (puff pastry),315,48,3,22.82,22.3,2.8,0.017,91,23,6.9,9.88,15.5
W219100,Debreziner Würstchen,Debreziner sausage (scalded),192,68,15.25,14.6,0.0,0.02,0.29,800,9,0.0,5.68,62
Y101123,"Pökelrinderbrust gekocht, mit Meerrettichsauce von heller/weißer Grundsauce","Cured beef brisket boiled, with horseradish sauce from white basic sauce",146,73,11.52,9.7,2.99,0.42,0.16,700,15,1.28,4.9,50
X940362,Fränkische Mehlklöße,Franconian flour dumplings,218,48.6,9.61,3.57,35.41,2.7,0.5,391,40,0.98,1.07,101
Y859440,Russische Creme (mit Alkohol) mit Schlagsahne,Russian cream (with alcohol) with whipped cream,205,62.3,3.9,11.1,19.99,0.03,0.3,54,39,19.99,5.541,80
X332163,Champignon-Weißweinsauce von dunkler/brauner Grundsauce,Button mushroom-white wine sauce from brown basic sauce,62,86,1.5,3.5,4.6,1,0,259,9,0.6,0.3,0.063
X511343,"Pilzragout von Champignons, überbacken","Button mushroom ragout, gratinated",202,66,11.09,16.4,2.6,1,0.5,600,95,1.1,5.45,110
X505012,"Linsen gekocht, in Grundsauce hell/weiß","Lentils boiled, in white basic sauce",85,78,5.56,1.2,10.8,4.3,0.002,87,19,0.8,0.6,2
W254062,"Jagdwurst/Schinkenwurst grob, gebraten ohne Fett (Ofen)","Jagdwurst sausage/ham bologna coarsely minced, fried without fat (oven)",206,64.98,15.783,15.8,0.08,0.05,0.19,800,15,0.0,5.61,53.72
X356360,Quarkmayonnaise,Quark mayonnaise,214,69.2,5.9,19.4,3.13,0.1,0,142,98,3.13,2.51,39
K750252,"Mischpilze tiefgefroren, gedünstet","Mixed mushrooms deep-frozen, stewed",60,80.5,6.2,0.6,3.82,8.99,0,8,18,1.72,0.069,0
X711412,Eier-Frischteigwaren Spätzle mit Käse (Käsespätzle),Fresh egg pasta spaetzle with cheese,155,67.1,8,5.84,16.6,1.6,1,170,169,1.8,3.09,69
Y691610,Schwertfischsalat mit Senfmarinade,Swordfish-salad with mustard marinade,122,77,10.66,7.9,1.2,0.4,1.6,240,20,1.2,1,29
X525043,"Wurzelpetersilie gedünstet, in Grundsauce hell/weiß mit Sahne","Parsley root stewed, in white basic sauce with cream",100,83,2.16,5.9,8.6,1.6,0.015,115,38,3.86,3.1,14
D720200,Sahne-Windbeutel (Brandmasse),Cream puff (choux pastry),293,53,6.44,21.31,18.39,0.96,0.5,70,54,4.986,11.2,142
X326112,Curry-Sahnesauce mit Früchten,Curry-cream sauce with fruit,138,79,1.7,11.7,6.0,0.6,0,192,30,4.3,6.2,60
Y845643,Apfelschnee mit Rum,Apple froth with rum,61,83.7,1.5,0.344,10.7,1.551,0,40,5,9.923,0.137,0
X513163,"Steinpilze gedünstet, in Grundsauce hell/weiß mit Sahne","Porcini mushrooms stewed, in white basic sauce with cream",92,81,5.73,4.9,4.27,5.96,0.013,87,15,1.01,2.5,12
X985162,Germknödel,"Yeast dumplings, filled with plum jam, topped with ground poppy seed",287,37,7.13,9.7,41.0,3.33,0.1,86,97,13.9,1.22,24
F013700,Mehrfruchtnektar mit Süßungsmitteln,Mixed fruit nectar with artificial sweeteners,22,93,0.2,0,5.36,0.2,0,3,8,5.075,0.006,0
Y623133,"Seelachsfilet gedünstet, in Weißweinsauce von heller/weißer Grundsauce mit Sahne","Saithe fillet stewed, in white wine sauce from white basic sauce with cream",121,78,12.3,6.9,1.6,0.31,0.01,201,23,0.7,2.7,47
Y832043,Milchreispudding mit Mandeln und Sultaninen,Rice pudding with almonds and sultanas,195,60.4,5.9,9.2,21.6,1,0,48,89,9.1,4.6,69
Y135132,"Rindersteak gegrillt, mit Kräuterbutter","Beef steak grilled, with herb butter",229,63,26.1,13.8,0.07,0.13,0.354,197,6,0.05,6.96,77
E606062,"Semmelknödel gekocht, gebacken","White bread dumplings boiled, baked",162,61.7,7.33,4.22,22.94,1.6,0.3,372,64,2.53,1.88,73
X655512,Kartoffelküchlein mit Käse gebraten,Small potato burger with cheese fried,247,52.1,7,14.36,21.15,2.28,0.2,120,120,0.592,2.45,34
X344360,Tatarensauce,Tatar sauce,260,65,4.9,25.4,2.3,0.4,1,420,60,2.3,3.7,132
X204340,Apfel-Selleriesalat mit Zitronenmarinade,Apple-celeriac salad with lemon marinade,176,73.4,1.72,15.7,5.2,2.4,0,99,23,4.65,1.28,0.227
G090802,Gemüsemischung gesäuert (Puszta Salat) abgetropft,"Mixed vegetables pickled, drained",43,87.5,0.803,0.213,7.59,1.9,0,483,22,7.54,0.044,0
Y179423,Rinderzungenragout mit Champignons,Beef tongue ragout with button mushrooms,130,77,9.07,9,3.0,0.5,0,204,7,0.3,2.4,57
Y672513,Hecht gebraten im Ofen badische Art,Pike fried in oven Baden style,124,76,14.7,6.5,1.4,0.2,3,200,100,1.0,2.9,61
S222000,"Speiseeis (Frucht-Joghurt, Joghurt) gemischt",Yogurt ice cream and yogurt-fruit ice cream mixed,116,73.2,3.6,2.3,19.48,0.2,0,36,75,19.48,1.48,5.85
D3A5000,Schwarz-Weiß-Buttercremetorte (Wasserbiskuit),Black-and-white chequerboard torte (water sponge cake),283,41,5.8,10.9,39.4,1.43,0.4,75,44,25.9,6.05,104
W981100,"Wurstkuchen mit Mürbeteig, mit Alkohol, gebacken","Sausage pie with shortcrust pastry, with alcohol, baked",329,44,14,23.17,15.2,1.09,0.3,700,114,0.72,11.7,102
X326353,Paprikasauce von Bechamelsauce,Sweet pepper sauce from Bechamel sauce,87,84,2.46,6.1,5.34,0.22,0.009,195,63,2.42,3.9,18
D780300,Nuss-Plunder,Hazelnut Danish pastry,530,7,9.86,34.5,43.0,3.7,0.1,315,62,14.29,12.36,24
Y845362,"Apfelküchlein gebraten, mit Vanillesauce","Apple doughnuts fried, with vanilla sauce",174,65.2,3.6,8.36,20.2,1.64,0,27,51,10.23,1.6,45
X531713,Blumenkohl mit Hackfleischfüllung und Käse überbacken,Cauliflower with minced meat filling and cheese gratinated,127,77,9.4,8,4.05,1.3,0.2,286,87,1.18,3.6,38
D7A7300,Mohn-Plunder,Danish pastry with poppy seeds,445,14,10.59,23.5,45.0,5.26,0.1,336,241,14.77,9.54,14
Y181132,"Tafelspitz gekocht, mit Meerrettichsauce von heller/weißer Grundsauce","Beef rump cap boiled, with horseradish sauce from white basic sauce",126,74,15.07,6.3,2.07,0.4,0.237,172,13,0.77,3.1,47
S211900,"Speiseeis (Frucht, Nuss) gemischt, in Waffeltüte","Ice cream mixed (fruit, nut) in waffle cone",202,58.4,2.41,7.51,30.0,1.3,0,20,40,24.4,4.51,15
X730243,Lasagnette (Teigwaren) mit Ricotta und Tomaten mit Spinat gedünstet,Pasta with ricotta and stewed tomatoes with spinach,138,72.4,6.76,6.93,11.3,1.2,0.2,211,126,2.04,3.31,45
Y556113,"Wildente geschmort, mit Speck und Grundsauce dunkel/braun","Wild duck braised, with bacon and brown basic sauce",292,54,19.2,23.3,1.43,0.11,0.3,300,10,0.02,7.1,91
W251300,Gerauchte Schinkenwurst,Ham bologna smoked,181,68.6,15.54,13.18,0.09,0.04,0.27,800,11,0.0,5.24,61
Y377013,"Schweinenierengeschnetzeltes sauer, mit Grundsauce dunkel/braun","Pork kidney ragout sour, with brown basic sauce",229,63,13.96,18,2.3,0.3,0.2,431,10,0.46,5,317
X322243,"Champignonsauce von heller/weißer Grundsauce, mit Sahne und Weißwein","Button mushroom sauce from white basic sauce, cream and white wine",79,86,1.9,6.1,3.7,0.8,0.015,204,16,1.1,3.5,15
X518033,"Kaisergemüse gedünstet, in Grundsauce hell/weiß mit Sahne","Mixed vegetables stewed, in white basic sauce with cream",78,85,2.18,5.2,4.6,2.2,0.014,171,34,2.97,2.7,13
X243450,Fenchelsalat (roh) mit Zitronenmarinade,Fennel salad (raw) with lemon marinade,113,83.3,1.12,10.2,2.83,2.6,0,88,30.5,2.46,0.76,0.206
Y580033,"Pute gefüllt, gebraten im Ofen, mit Grundsauce dunkel/braun","Turkey filled, fried in oven, with brown basic sauce",179,67,15.66,11.4,3.32,0.3,0.3,280,18,0.29,2.3,72
D1A4100,"Kuchenboden (Rührmasse) belegt mit Früchten, Pudding und Klarguss","Cake base with fruit, pudding and gelatin glaze",139,70.1,3.1,4.7,19.7,1.8,0.1,30,43,10.6,2.73,30
F201902,"Aprikose gezuckert, Konserve, abgetropft","Apricot sugared, canned, drained",69,82.2,0.5,0.1,15.452,1.143,0,10,11,15.1,0.009,0
K392292,"Kartoffel-Speck-Rösti tiefgefroren, frittiert","Potato rösti with bacon, deep-frozen, deep-fried",308,37.2,6.03,16.56,32.6,2.1,0,648,16,1.5,2.3,10.21
Y0A2030,Leberpudding mit Hackfleisch,Liver pudding with minced meat,189,64,15.79,10.33,8.0,0.4,0.9,248,17,0.6,3.47,139
K701502,"Champignon gegrillt, in Öl, Konserve, abgetropft","Button mushroom grilled, in oil, canned, drained",322,53.1,5.2,31.439,4.5,2.9,0,646,9,0.4,2.26,1.607
D4A6000,Eierschecke (Hefeteig),"""Eierschecke"" cheesecake (yeast dough) with egg cream",256,49.6,7.8,12.2,28.1,1,0,54,83,15.1,7.2,90
Y845753,Apfelkompott mit Karamellsauce,Apple compote with caramel sauce,76,81.6,1.3,1.6,13.4,0.937,0,12,36,12.2,0.78,22
Y622232,"Kabeljaufilet paniert, gebraten","Cod fillet breaded, fried",180,64.4,17.5,8.9,6.61,0.59,0.2,246,39,0.72,1.07,71
X0A5020,"Müsli gesüßt, mit Milch 3,5 % Fett und Fruchtmischung","Muesli sweetened, with milk 3.5 % fat and mixed fruit",154,62.6,5.17,4.5,21.2,3.5,0,16,68,9.99,1.29,5.1
X425163,Gemüsesuppe italienisch (Minestrone),Italian vegetable soup (minestrone),44,91,2.2,1.8,4.0,1.3,0.02,262,36,1.4,1.2,5
X0A5010,"Müsli gesüßt, mit Joghurt 3,5 % Fett und Fruchtmischung","Muesli sweetened, with yogurt 3.5 % fat and mixed fruit",125,70.8,4.85,4.1,15.3,2.3,0,26,81,7.93,1.65,5.31
X811233,Reis Trauttmansdorff,"Rice pudding ""Trauttmansdorff""",144,68.5,3.2,4.7,22.0,0.8,0.01,28,52,11.5,2.602,13.8
X531433,Blumenkohlauflauf,Cauliflower casserole,86,84,4.9,5.1,4.92,1.3,0.2,278,94,1.25,2.9,42
Y921062,"Döner Kebab, Fladenbrot gefüllt mit Grillfleisch (Kalb/Rind), Rohkost und Sauce","Doner kebab, flatbread filled with grilled veal and beef, salad and sauce",177,61,11.2,5.3,20.0,1.7,0.14,253,24,1.18,1.8,25
Y242013,Kalbsgeschnetzeltes Zürcher Art,Veal ragout Zurich style,119,77,12,6.8,1.8,0.5,0.164,213,21,0.6,3.2,44
X703112,"Teigwaren eifrei, mit Pesto verde","Pasta egg-free, with pesto verde",222,55,5.7,11.5,23.2,1.6,0.01,181,40,0.8,1.5,1.2
N271000,Mehrfruchtsaftschorle,Multi-fruit juice spritzer,22,94,0.2,0,5.36,0.2,0,2.6,10,5.075,0.006,0
Y380212,"Schweinebauch gekocht, mit Sauerkraut mit Apfel gedünstet","Pork belly boiled, with sauerkraut with apple stewed",140,76.7,7.92,10.47,1.9,1.7,0.15,315,24,1.75,3.59,28.51
T410902,"Lachs Konserve, abgetropft","Salmon canned, drained",165,67,21.1,8.93,0.0,0,11.5,540,10,0.0,2.014,68
D9A4400,Pudding-Vollkornplunder,Wholemeal Danish pastry with pudding,302,41,6.3,15.73,32.0,3.26,0.1,225,86,12.3,8.28,36
E605032,Kartoffel-Schupfnudeln gekocht,Potato noodles (Schupfnudeln) boiled,133,64.3,4.42,1.05,25.4,2.26,0.1,338,12,0.503,0.18,20
X566253,"Selleriegemüse gekocht, in Grundsauce hell/weiß mit Sahne","Celeriac stewed, in white basic sauce with cream",65,88,1.37,4.7,2.77,2.7,0.012,190,36,1.79,2.5,11
X720533,Schinkenfleckerl (Auflauf aus Eier-Frischteigwaren mit Kochschinken und saurer Sahne),"""Schinkenfleckerl"" (casserole of fresh egg pasta with boiled ham and sour cream)",204,58.4,11.48,8.6,19.4,1.48,0.3,400,20,0.5,1.5,74
Y0A2050,Hackfleisch-Reisfüllung (für Gemüse) gedünstet,Minced meat-rice filling (for vegatables) stewed,240,57,12.97,15.87,11.1,0.4,0.4,252,27,0.54,4.55,73
S220500,"Speiseeis (Frucht, Nuss) gemischt","Ice cream mixed (fruit, nut)",184,61.6,1.85,6.47,28.6,1.2,0,18,44,25.5,4.201,9
X742123,Eierteigwaren mit Tomatensauce (aus Tomatenmark) mit Speck,Egg pasta with tomato sauce (of tomato paste) with bacon,189,71,4.8,11.5,16.0,1,0.12,293,46,1.1,3.25,9
Y690633,Rotbarschauflauf mit Gemüse,Redfish casserole with vegetables,100,80,8,6.4,2.3,1,0.9,220,60,1.4,2.3,43
G410902,"Artischocke Konserve, abgetropft","Artichokes canned, drained",44,82,2.424,0.122,2.3,11.641,0,237,57,2.15,0,0
G343902,"Wirsing Konserve, abgetropft","Savoy cabbage canned, drained",26,90.9,2.121,0.244,2.7,2.3,0,215,52.3,2.3,0.044,0
Y844912,Ananaskompott mit Süßstoff,Pineapple compote with artificial sweetener,39,89,0.4,0.1,7.9,1.2,0,5,16,7.9,0.021,0
Y826063,Quarkauflauf mit Apfel,Quark casserole with apple,131,74.4,4.7,6.2,13.5,0.8,0,40,62,9.2,3.2,68
Y672232,"Hecht paniert, gebraten","Pike breaded, fried",184,64,18,9.1,6.61,0.59,4,246,58,0.72,1.09,95
F3B4902,"Heidelbeere ungesüßt, Konserve, abgetropft","Blueberry unsweetened, canned, drained",20,95.6,0.3,0.318,2.61,2.1,0,2,10,2.61,0.0295,0
Y021413,"Bratwurst gebraten, in Biersauce","Bratwurst fried, in beer sauce",154,75,6.8,12.9,2.0,0.2,0.2,487,11,1.1,4.05,33
G550802,"Pfefferschote gesäuert, abgetropft","Chilli pepper pickled, drained",53,84.1,1.8,0.3,9.16,1.5,0,479,21,9.02,0.03,0
D306000,Flocken-Sahnetorte (Brandmasse und Mürbeteig),Cream torte (choux and shortcrust pastry),250,54.8,5.4,14.4,23.9,1.1,0.4,48,37,10.3,7.76,97
X455153,"Brotsuppe (Schwarzbrot) mit Rosinen, Apfel und saurer Sahne","Bread soup (brown bread) with raisins, apple and sour cream",76,83,1.4,2.4,11.3,1.2,0,60,30,6.4,1.1,7
X412613,Fleischbrühe mit Markklößchen,Meat stock with small marrow dumplings,59,88,1.77,4,3.78,0.3,0.1,268,10,0.35,1.8,22
X570343,Erbsenpüree von Trockenerbsen,Pea puree from dried peas,77,80,4.45,2.26,7.5,4.5,0.005,58,22,1.3,1.218,5
X212540,Endiviensalat mit Saure-Sahne-Dressing,Endive salad with sour cream dressing,60,87.8,1.97,4,3.1,0.8,0.1,240,80,3.1,2,14
D771400,Schuhsohlen (Blätterteig) mit Mokkasahne,Oblong mocha-cream filled pastry (puff pastry),432,36,3.8,35.7,23.1,1.4,0.045,119,43,4.5,16.3,40.3
X534212,"Grünkohl gedünstet, mit Speck","Curly kale stewed, with bacon",103,79.5,4.75,6.68,3.3,5.1,0.04,300,165,1.8,1.33,7.49
X526062,"Chicoree gedünstet, mit Butter","Chicory stewed, with butter",84,85.6,1.612,7.8,1.0,0.9,0.008,99,54,0.74,2.46,9
W372000,Rindfleischsülze mit Schwarten,Jellied beef,166,66.5,23.49,7.86,0.29,0.1,0.46,800,30,0.15,3.255,73
W391400,Wildpastete mit Hasenfleisch,Hare pate,126,73.9,16.7,6.58,0.08,0.05,0.1,700,8.2,0.0,2.41,57
S241400,"Speiseeis (Frucht, Kaffee, Nuss) gemischt, mit Eierlikör","Ice cream mixed (coffee, fruit, nut) with egg liqueur",193,61.4,2.9,7.3,25.1,0.7,0,29,69,23.2,4.1,50
X203460,Griechischer Bauernsalat,Greek farmers salad,157,76,5.27,14,1.41,0.7,0,388,91,1.4,5.24,21.2
Y021512,Hot Dog,Hot Dog,231,54.1,9.61,13.28,17.15,1.7,0.13,800,30,2.97,2.58,27
X436343,Fleischklößchen,Small meatballs,171,69,12.61,10.88,5.43,0.6,0.6,257,28,1.34,4.45,98
D735100,Spitzbuben (Mürbeteig),"""Spitzbuben"" sandwich biscuit (shortcrust pastry) filled with jam",501,6,7.3,27.2,55.0,3.3,0,50,26,28.3,13.82,78
X446953,Selleriesuppe,Celeriac soup,33,93,0.8,2.6,1.14,1,0,232,16,0.98,0.7,16
S210100,"Speiseeis (Frucht, Vanille) gemischt, in Waffeltüte","Ice cream mixed (fruit, vanilla) in waffle cone",182,61.6,1.98,6.4,28.3,0.7,0,23,40,22.7,4.08,18
M293300,"Joghurt mind. 3,5 % Fett, mit Schokoladen-Getreidezubereitung, gesüßt","Yogurt min. 3.5 % fat, with chocolate-cereal preparation, sweetened",140,69.7,4.092,5.094,18.292,0.8,0,57,108,16.233,2.83,8.2
K241232,"Kartoffelkloß halb und halb, tiefgefroren, gargezogen","Potato dumpling half and half, deep-frozen, poached",98,75.3,3.45,0.86,18.18,1.67,0.2,25,10,0.565,0.23,32
X653242,Kartoffelkroketten aus Brandteig,Potato croquettes from choux pastry,264,49.4,6.2,15.34,24.15,2.41,0.3,179,19,0.99,3.28,68
X465153,Weiße-Bohnen-Eintopf mit Rindfleisch,Haricot bean stew with beef,83,81,6.1,2.2,8.0,2.8,0.051,150,17,1.5,0.5,9
Y239123,"Kalbsschulter gedünstet, mit Sahnesauce","Veal shoulder stewed, with cream sauce",142,71,16.26,7.4,2.3,0.3,0.258,307,17,0.4,1.3,50
Y583312,"Putenschnitzel paniert, gebraten","Turkey schnitzel breaded, fried",204,58.6,22.72,9.1,7.07,0.63,0.3,175,14,0.68,1.12,67
X3A3010,"Tomatensauce aus frischen Tomaten mit Aubergine, Zucchini und Paprika","Tomato sauce of fresh tomatoes with aubergine, courgette and sweet pepper",102,84,1,8.7,4.0,1.5,0,159,12,4.0,0.7,0.169
Y221122,"Kalbskotelett paniert, gebraten","Veal chop breaded, fried",216,57.5,22.28,11.1,6.07,0.56,0.5,254,21,0.58,1.89,94
G891102,"Honiggurke gesäuert, abgetropft","Sweet cucumber pickled, canned, drained",70,81.6,1.083,0.201,14.52,1,0,494,24,14.49,0.068,0
X0A5040,"Müsli ungesüßt, mit Sojadrink und Fruchtmischung","Muesli unsweetened, with soya drink and mixed fruit",131,67.7,5.35,3.9,16.2,4.4,0,13,32,4.17,0.59,0
X713343,Eier-Frischteigwaren Spätzle mit Gulasch einfach (mit Rindfleisch),Fresh egg pasta spaetzle with beef goulash simple,133,73,11.2,6.1,8.0,0.7,0,242,10,0.5,1.5,50
X452153,"Eintopf aus Teigwaren eifrei, mit Gemüse und Hühnerfleisch","Stew of pasta egg-free, with vegetables and chicken",93,78,5.7,2.6,11.2,0.9,0,178,15,0.8,0.8,17.08
R911032,"Helle Soße aus Instantpulver, zubereitet mit Wasser",White sauce made from instant powder and water,43,90.5,0.41,1.83,6.1,0.1,0,397,15,2.0,0.88,0.2
X205650,Gurken-Tomatensalat mit Saure-Sahne-Dressing,Cucumber-tomato salad with sour cream dressing,42,91.8,1.49,2.2,3.4,0.9,0,120,40,3.4,1.1,7
X469343,"Holländischer Eintopf (mit Kartoffeln, Karotten und Mettwürstchen)","Dutch stew (with potatoes, carrots and small Mettwurst sausages)",124,75,6.59,7.1,7.58,1.5,0.14,400,19,3.44,2.6,21
Y849560,Charlotte russische Art (mit Bayerischer Creme),Sponge cake cream dish (with Bavarian cream),256,56,6.2,17.1,19.1,0.2,1,76,96,15.08,8.19,179
W255372,"Käsekrainer/Käsewürstchen, gegrillt","Small scalded sausage filled with cheese, grilled",236,59.6,19.7,17.36,0.08,0.05,0.21,800,235.1,0.0,8.07,69.31
Y661313,Rotbarsch pochiert polnische Art,Redfish poached Polish style,97,78,9.2,4.6,4.1,0.3,1.6,209,18,0.7,0.8,19
X446913,Sauerkrautsuppe mit Paprika und Kartoffeln,Sauerkraut soup with sweet pepper and potatoes,42,91,0.89,2,3.8,1.5,0.005,293,22,2.13,1.1,5
T930792,"Alaska-Seelachs im Backteig, tiefgefroren, frittiert","Alaska pollock in frying batter, deep-frozen, deep-fried",291,46.8,10.3,18.33,20.51,1.47,0,110,12,0.66,1.47,35
X1A7060,Fleischsalat (Schwein) mit Mayonnaise,Meat salad (pork) with mayonnaise,208,66,12.4,15.7,3.2,0.7,0,546,13,2.98,2.66,54
X653042,Kartoffelkroketten mit Käse,Potato croquettes with cheese,248,48.6,6.3,12,27.26,2.82,0.1,127,41,0.99,1.48,32
Y173833,Saures Rinderlebergeschnetzeltes mit Sauce,Beef liver ragout sour with sauce,166,67,14.6,9.3,5.84,0.2,1.2,300,7,0.32,1.6,186
Y622633,Kabeljaufilet in Weißweinsauce von heller/weißer Grundsauce mit Sahne,Cod fillet in white wine sauce from white basic sauce with cream,109,79,11.3,6,1.6,0.31,0.01,214,28,0.7,2.4,31
X518363,"Karotten und Erbsen gedünstet, in Grundsauce hell/weiß mit Sahne","Carrots and peas stewed, in white basic sauce with cream",83,83,2.9,3.3,8.57,3.4,0.008,65,28,4.2,1.7,8
Y111123,"Rinderfilet gebraten im Ofen, mit Sauce","Beef fillet fried in oven, with sauce",131,76,15.26,6.7,2.2,0.3,0.244,216,8,0.76,1.9,38.2
X328453,Sardellensauce von heller/weißer Grundsauce,Anchovy sauce from white basic sauce,72,87,2.45,5.4,3.4,0.21,3,799,13,0.62,3,20
X321242,Tomatensauce aus frischen Tomaten und Fleischwurst,Tomato sauce of fresh tomatoes and bologna,157,77,3.643,13.882,3.37,1.1,0,315,15,3.37,3.14,14.1
D770400,Feingebäck (Blätterteig) schokoliert,Fine pastry (puff pastry) with chocolate icing,556,8.8,5.77,39.95,41.5,3.54,0,163,43.2,14.2,17.96,3.2
G491702,"Knoblauch in Öl, Konserve, abgetropft","Garlic in oil, canned, drained",250,41,6.511,15.575,4.0,33.126,0,506,15.7,2.3,1.14,0.791
F091902,"Fruchtmischung/Fruchtcocktail, in Fruchtsaft, Konserve, abgetropft","Fruit mix/fruit cocktail, in juice, canned, drained",53,84.6,0.8,0.3,10.6,2.5,0,3,15,8.9,0.041,0
D330400,Prinzregententorte (Biskuit),"""Prinzregententorte"" torte (sponge cake)",325,38.6,6.4,17,35.7,1.78,0.4,49,54,25.6,9.8,128
Y033132,Hamburger Hackbeefsteak gebraten,Hamburg beefsteak fried,227,62,16.27,16.64,2.62,0.6,0.8,277,40,2.62,5.44,137
F012700,Mehrfruchtnektar,Mixed fruit nectar,42,88,0.2,0,10.36,0.2,0,2,8,10.075,0.006,0
X659012,Schupfnudeln gegart,"""Schupfnudeln"" (German potato pasta) cooked",103,71.4,3.6,0.79,19.23,2.09,0.1,91,10,0.534,0.22,26
D307000,Herrentorte (Mürbeteig und Wiener Boden hell) mit Apfel-Weincreme,Dark chocolate torte (shortcrust pastry and Viennese sponge cake light) with apple wine-cream,336,35,5.3,17.7,37.3,2.2,0.3,36,33,26.4,9.2,86
G543802,"Gemüsepaprika rot, gesäuert, abgetropft","Sweet pepper red, pickled, drained",35,89.1,0.738,0.072,6.11,1.765,0,475,10,6.11,0.0232,0
D300600,Schwarzwälder Kirschtorte (Schokobiskuit) mit Alkohol,Black forest torte (chocolate sponge cake) with alcohol,258,55,4.5,15.9,22.5,1.1,0.2,41,46,14.5,8.42,75
E603022,Eier-Frischteigwaren Ravioli (Fleischfüllung) gedämpft,Fresh egg pasta Ravioli (meat filling) steamed,138,69,5.94,3.33,20.0,1.8,0.1,200,13,0.9,0.84,15
G569902,"Tomate getrocknet, mariniert, abgetropft","Tomate dried, marinated, drained",319,30.9,7.242,18.839,22.39,10,0,840,83,22.39,1.45,0
W811000,Gefüllter Schweinebauch gebraten ohne Fett (Ofen),"Pork belly filled, fried (in oven)",355,43,23,27.9,2.8,0.4,0.5,588,13,1.0,10.04,92
X070160,"Clubsandwich mit Hähnchenbrustfilet, Tomaten, Speck und Mayonnaise","Club sandwich with chicken breast fillet, tomatoes, bacon and mayonnaise",200,62,11.2,11.3,12.38,1.5,0,500,12,1.96,2.65,40
Y812343,"Grießschnitten gebraten, mit Zucker und Zimt","Semolina slices fried, with sugar and cinnamon",223,59.9,6.2,13.7,18.31,0.68,0.1,109,110,8.43,3.73,62
W855000,Schweinebauch in Aspik,Pork belly in aspic,210,64.5,15.5,16.2,0.44,0.01,0.2,1300,9,0.44,5.8,52
Y9A1030,Tofu-Burger vegan,Tofu burger vegan,182,61,9.9,7.7,17.0,2.2,0,224,95,1.8,0.9,0.073
X9A4010,"Burrito gefüllt mit Gemüse, Pilzen und Käse","Burrito filled with vegetables, mushrooms and cheese",241,44,8.1,8.1,33.0,1.7,0.03,497,91,2.6,2.9,4
R146100,"Sambal Oelek, Würzpaste",Chilli sauce (Sambal Oelek),55,79,1.45,0.4,9.41,1.1,0,2192,16,8.98,0.04,0
Y261013,Kalbsbraten mit Weißwein-Sahnesauce von dunkler/brauner Grundsauce,Veal roast with white wine-cream sauce from brown basic sauce,104,77,13.2,4.2,2.9,0.4,0.18,229,16,1.0,0.9,40
Y840843,Birnenkompott,Pear compote,58,84.4,0.172,0.2,13.66,1.5,0,2,7,12.05,0.023,0
Y461113,Lammbraten mit Rotweinsauce von dunkler/brauner Grundsauce,Lamb roast with red wine sauce from brown basic sauce,126,74,16.83,5.4,2.0,0.6,0.1,220,20,0.7,1.2,54
Y253133,Kalbsnierenbraten mit Grundsauce dunkel/braun,Veal loin roast with brown basic sauce,130,74,12.48,7.4,2.9,0.9,0.2,241,22,1.0,1.3,88
X203140,Waldorfsalat mit Mayonnaise mit Zitronensaft,Waldorf salad with mayonnaise (with lemon juice),185,72.3,2.1,16.8,4.6,2.8,0,105,35,4.04,2.6,27
Y0A2040,Hackfleischfüllung (für Gemüse) roh,Minced meat filling (for vegatables) raw,219,63,14.67,15.91,4.0,0.5,0.6,211,28,0.7,5.32,88
X4A1020,Hühnersuppe mit Hühnerfleisch und Suppengemüse,Chicken soup with chicken and vegetables,56,89,5.5,3.5,0.4,0.5,0,274,14,0.4,1.2,25.17
X211040,Chicoreesalat mit Zitronenmarinade,Chicory salad with lemon marinade,95,83.2,1.92,8.6,1.4,1.1,0,92,64,1.06,0.64,0.173
Y684562,Jakobsmuscheln gebraten provenzalische Art,Scallops fried Provencal style,89,82,6.1,5.1,3.5,1.6,3,154,20,2.6,0.37,36
X215540,Kopfsalat mit Saure-Sahne-Dressing,Lettuce with sour cream dressing,57,89.1,2.07,3.6,3.3,0.9,0.1,210,80,3.3,1.8,12
X454243,Grießsuppe geröstet,Semolina soup roasted,36,91,1.05,1.6,4.0,0.8,0,282,17,1.2,0.2,0.027
W211332,Käsewiener gargezogen,"Vienna sausage with cheese, poached",228,65.6,12.5,19.72,0.06,0.04,0.3,700,187,0.0,8.31,56
Y180622,"Rindfleisch gekocht, mit Apfelsahnemeerrettich","Beef boiled, with creamed apple-horseradish",157,67,20.47,7.1,2.3,0.7,0.321,128,21,1.88,3.2,60.9
X5A9020,"Kohlrüben/Steckrüben, gedünstet, mit Speck","Swede stewed, with bacon",27,89,1.58,0.8,2.03,2.463,0.01,200,31,1.25,0.3,1.76
F213902,"Sauerkirsche ungesüßt, Konserve, abgetropft","Sour cherry unsweetened, canned, drained",31,93.7,0.674,0.391,5.474,0.7,0,2,10.7,5.075,0.086,0
T931262,"Seelachs paniert, tiefgefroren, gebraten ohne Fett (Ofen)","Saithe/pollack, breaded, deep-frozen, fried without fat (oven)",194,58.6,16.67,6.71,16.21,1.13,0,400,23,0.92,1,44
Y633533,Seezungenfilet gratiniert,Sole fillet gratinated,141,72.4,15.4,7.5,2.6,0.8,4,231,28,0.4,1.79,45
W255382,"Käsekrainer/Käsewürstchen, gebraten ohne Fett (Pfanne)","Small scalded sausage filled with cheese, fried without fat (pan)",194,66.5,16.4,14.17,0.06,0.04,0.17,800,215.2,0.0,6.59,58.37
T797902,"Venusmuschel Konserve, abgetropft","Venus clam canned, drained",86,76.2,16.2,1.41,2.1,0,0,384,49,0.0,0.28,45
S242900,"Speiseeis (Frucht, Kaffee, Schoko) gemischt","Ice cream mixed (chocolate, fruit, coffee)",177,63.5,2.8,6.6,25.7,1,0,26,62,23.7,2.96,50
Y171123,"Rinderherz geschmort, mit Sauce","Beef heart, braised, with sauce",139,74,11.6,8.6,3.5,0.3,0.02,300,12,0.6,2.6,91
X326453,Senfsauce von heller/weißer Grundsauce,Mustard sauce from white basic sauce,75,87,1.08,5.9,4.0,0.4,0.013,354,14,1.52,3.3,13
Y720643,Rührei gebraten mit Speck,Scrambled eggs fried with bacon,270,61,11.99,24.55,0.34,0.1,1.6,486,50,0.33,6.32,317
X447413,"Tomatensuppe aus frischen Tomaten, Gemüsebrühe und Teigwaren eifrei","Tomato soup of fresh tomatoes, vegetable stock and pasta egg-free",38,91,1.1,1.2,5.0,0.9,0,136,9,2.9,0.1,0.02
X2A1020,Chinakohlsalat mit Mandarinen und Sahne-Dressing,Chinese white cabbage with mandarins and cream dressing,62,87.9,1.64,3.6,4.7,1,0,140,60,4.6,1.8,10
Y638132,"Steinbutt paniert, gebraten","Turbot breaded, fried",169,67.2,15.3,8.9,6.08,0.54,4,256,28,0.65,1.09,59
Y637132,"Heilbutt paniert, gebraten","Halibut breaded, fried",207,63.5,17.9,12,6.08,0.54,4,219,25,0.65,1.81,59
Y650513,Karpfen pochiert polnische Art,Carp poached Polish style,105,77,10,5.2,4.0,0.3,0,172,39,0.7,1.1,41
X412113,Fleischbrühe mit Maultaschen (mit Schweinebrät),Meat stock with pork mince-spinach-filled pasta squares,26,93,1.3,1.2,2.26,0.2,0,200,8,0.15,0.3,8
G090262,"Gemüsemischung Kaisergemüse, tiefgefroren, gebacken","Mixed vegetables (carrots, cauliflower and broccoli florets) deep-frozen, baked",42,87.5,2.716,0.502,5.2,3.4,0,21,32,3.66,0.1,0
X4A8020,Erbsensuppe mit Gemüsebrühe und Suppengrün,Pea soup with vegetable stock and mirepoix,56,85,3.25,1.4,6.0,3.2,0,142,20,1.4,0.1,0.022
D313500,Zitronensahnetorte (Wasserbiskuit),Lemon cream torte (water sponge cake),294,48,4.4,18.2,27.5,0.5,0.2,53,52,20.8,9.4,82
N261000,Kirschnektarschorle,Cherry nectar spritzer,26,93.3,0.174,0.086,5.846,0,0,2,10,5.652,0.019,0
Y943062,Currywurst mit Curryketchup und Brötchen,Curried bratwurst with curry ketchup and roll,222,55.4,9.11,11.36,19.95,1.45,0.17,797,20.7,6.74,3.72,30.1
Y114012,"Rinderfiletsteak gebraten, mit Kräuterbutter","Beef fillet steak fried, with herb butter",227,63,23.3,14.8,0.07,0.13,0.367,173,6,0.05,6.82,77
U050182,"Rind/Schwein, Hackfleisch gemischt, gebraten ohne Fett (Pfanne)","Beef/pork, mince mixed, fried without fat (pan)",333,46.24,27.09,24.91,0.0,0,0.69,75,29.7,0.0,10.328,88
H620902,"Sojabohnensprossen/Sojabohnenkeimlinge, Konserve, abgetropft","Soya bean sprouts canned, drained",36,93.5,4.299,0.692,2.4,1.751,0,191,27,2.4,0.08,0
X2A1080,Lauchsalat (roh) mit Saure-Sahne-Dressing,Leek salad (raw) with sour cream dressing,55,87,1.86,1.6,7.0,1.9,0,70,40,5.6,0.7,5
Y856153,Ananasgelee mit Schlagsahne,Pineapple jelly with whipped cream,83,81.4,1.7,2.9,12.07,0.266,0.008,8,21,11.218,1.524,7.5
Y692623,Fischgulasch mit Seelachs und Paprika,Fish goulash with saithe and sweet peppers,105,80,9.7,5.8,2.6,1.3,0,150,30,2.6,0.9,28
Y660213,"Rotbarschfilet gedünstet, in Kräutersauce von heller/weißer Grundsauce","Redfish fillet stewed, in herb sauce from white basic sauce",96,80,9.8,5.5,1.68,0.1,1.6,259,20,0.47,2.4,26
X252910,Gurken-Rettichsalat mit Saure-Sahne-Dressing,Cucumber-radish salad with sour cream dressing,32,93.4,1.35,1.4,2.8,0.9,0,80,30,2.5,0.7,5
X1A7050,"Fleischsalat (Rind) mit Mayonnaise, gestreckt mit saurer Sahne","Meat salad (beef) with mayonnaise, diluted with sour cream",231,64.9,13.9,18.5,1.7,0.2,1,240,40,1.7,3.3,93
X092410,"Müsli ungesüßt, mit Milch 3,5 % Fett und Fruchtmischung","Muesli unsweetened, with milk 3.5 % fat and mixed fruit",143,65.4,5.48,4.7,17.6,3.8,0,17,72,5.59,1.38,5.4
Y847353,Apfelkompott mit Vanillesauce,Apple compote with vanilla sauce,69,83.3,1.5,1.7,11.3,0.942,0,13,42,9.49,0.87,22
Y813442,Dampfnudeln süß gebraten,"""Dampfnudeln"" yeast dumplings sweetened fried",348,31,7.67,16.05,42.0,2.53,0.2,205,61,9.25,5.64,50
K850532,Pilzcremesuppe aus Instantpulver (mit Wasser zubereitet),"Cream of mushroom soup, made from instant powder and water",27,92,0.9,0.3,5.0,0.4,0,399,19,1.1,0.1,0.2
X449353,Kartoffelsuppe mit Lauch und Gemüsebrühe,Potato soup with leek and vegetable stock,57,87,1.06,1.7,9.0,0.7,0,176,10,1.2,0.1,0.031
D9A4300,Mohn-Vollkornplunder,Wholemeal Danish pastry with poppy seed,421,17,10.45,22.7,40.0,7.23,0.1,320,244,13.95,9.14,14
X371043,Sauce Hollandaise/Holländische Sauce,Hollandaise sauce,518,39,4.5,54.9,0.75,0.007,1,143,49,0.75,32.4,395
H610902,"Bambussprossen Konserve, abgetropft","Bamboo shoots canned, drained",11,94.3,1.723,0.206,0.559,0,0,198,14,0.559,0.039,0
X6A4000,"Kartoffeltaschen mit Kräuter-Frischkäse-Füllung, gebraten","Potato pockets filled with herb-cream cheese, fried",293,47.5,5.31,20.22,21.19,2.33,0.1,166,39,1.71,5.11,53
X810113,"Milchreis gesüßt, mit Milch 3.5 % Fett, gebräunter Butter, Zucker und Zimt","Rice pudding sweetened, with milk 3.5 % fat, browned butter, sugar and cinnamon",152,66.2,4.75,4.55,22.8,0.6,0,42,101.7,6.34,2.888,16
X6A3000,Kartoffelsouffle mit Bacon,Potato souffle with bacon,174,67.3,10.3,10.24,9.6,0.8,0,500,131,1.46,3.48,83
Y291113,"Kalbshaxe gebraten im Ofen, mit Orangensauce","Veal knuckle fried in oven, with orange sauce",125,73,17.25,5.1,1.9,0.3,0.27,254,18,1.88,1.47,58
U941100,"Königsberger Klopse, Konserve","""Königsberger Klopse"" meatballs, canned",164,72.6,9.38,12.53,3.28,0.07,0.27,667,12,0.019,5.76,39
Y870843,Weißweincreme abgeschlagen (mit Gelatine),White wine cream (with gelatine),100,78,4.7,2.8,13.14,0.004,1,57,22,13.14,0.76,104
Y8A3040,Heiße Himbeersauce,Hot raspberry sauce,59,82.5,0.9,0.3,9.6,4.3,0,1,12,9.0,0.01,0
G720902,"Wachsbohne Konserve, abgetropft","Wax bean canned, drained",17,93.1,1.4,0.1,2.0,1.406,0,211.4,33.5,1.33,0,0
K703902,"Morchel Konserve, abgetropft","Morel canned, drained",33,87.1,2.584,0.329,0.6,8.441,0,255,17,0.6,0.053,0
D6A6000,"Lebkuchen mit Fruchtfüllung, schokoliert",Gingerbread with fruit filling and chocolate icing,437,15,5.2,22.9,50.0,4.7,0,61,41,44.5,12.9,57
Y686132,Tintenfischringe im Backteig (mit Bier) frittiert,Cuttlefish rings in frying batter (with beer) deep-fried,185,64.3,12.5,10,10.3,0.83,0,294,27,0.245,1.11,213
D741000,"Donut (Hefeteig) frittiert, mit Schokoladenglasur","Doughnut (yeast dough) deep-fried, with chocolate icing",338,32.8,6,15.1,43.0,3.2,0.1,24,32,18.1,8.1,31
Y562123,"Hähnchenbrustfilet gebraten, mit gekochtem Spargel und Grundsauce hell/weiß","Chicken breast fillet fried, with boiled asparagus and white basic sauce",94,79,17.03,2,1.79,0.5,0.08,158,11,1.3,0.6,50
F217902,"Sauerkirsche mit Süßungsmitteln, Konserve, abgetropft","Sour cherry with artificial sweeteners, canned, drained",31,93,0.674,0.391,5.474,0.7,0,10,10.7,5.075,0.086,0
X328112,Sahne-Schinkensauce von heller/weißer Grundsauce mit Sahne,Cream-ham sauce from white basic sauce with cream,153,78,4.64,13.4,3.19,0.13,0.035,364,30,1.51,7.2,42
W275232,Helle Zungenwurst gekocht,Light pork tongue sausage boiled,257,60.3,16.282,21.176,0.21,0.12,0.21,700,4.8,0.14,3.77,63.1
G993200,"Gemüsemischung mexikanische Art, tiefgefroren","Mixed vegetables Mexican style, deep-frozen",57,84,3.3,0.5,7.4,4.4,0,2,22,3.3,0.06,0
F207902,"Pfirsich mit Süßungsmitteln, Konserve, abgetropft","Peach with artificial sweeteners, canned, drained",41,88.3,0.8,0.152,8.2,1.4,0,2,11,7.2,0.018,0
X359440,Speck-Essigmarinade für Salat,Bacon-vinegar marinade for salad,361,54,2.56,38.02,0.92,0.2,0.38,1186,10,0.9,14.6,38.28
F208902,"Pfirsich ungesüßt, Konserve, abgetropft","Peach unsweetened, canned, drained",19,93.7,0.5,0.094,3.46,1.1,0,1.4,9,3.02,0.009,0
S243600,"Speiseeis (Frucht, Nuss, Schoko) gemischt","Ice cream mixed (chocolate, nut, fruit)",201,59.1,2.44,7.81,28.9,1.6,0,24,58,25.5,4.278,13.5
X235540,Kohlrabisalat (roh) mit Saure-Sahne-Dressing,Kohlrabi salad (raw) with sour cream dressing,53,88.3,2.19,2.6,4.4,1.1,0.1,150,70,4.3,1.3,9
Y162212,"Sauerbraten vom Rind, mit Sauce","""Sauerbraten"" marinated beef roast, with sauce",238,58,22.7,15.9,1.0,0,0.4,328,14,0.36,5.1,66.4
Y301533,"Kasseler Rippenspeer gebraten im Ofen, mit Rotweinsauce von dunkler/brauner Grundsauce","Pork loin spare ribs cured, fried in oven, with red wine sauce from brown basic sauce",119,76,12.34,6.2,2.94,0.2,0.05,500,7,0.62,1.5,36.03
G510702,"Aubergine gegrillt, in Öl, Konserve, abgetropft","Aubergine grilled, in oil, canned, drained",231,65.4,1.004,21.982,5.73,2.6,0,509,14,5.09,1.59,1.123
X336753,Paprika-Sahnesauce von dunkler/brauner Grundsauce,Sweet pepper-cream sauce from brown basic sauce,90,84,1.7,6.6,5.4,0.86,0.1,200,40,2.5,2,12
Y026022,Leberkäse gebraten,Leberkaese sausage fried,328,54.04,12.534,30.782,0.19,0.07,0.44,570,4,0.0,8.6,68
U040182,"Schwein/Rind, Hackfleisch gemischt, gebraten ohne Fett (Pfanne)","Pork/beef, mince mixed, fried without fat (pan)",352,44.65,26.56,27.31,0.0,0,0.56,73,20,0.0,10.329,87
D3A2000,Erdbeer-Charlotte mit Joghurtsahne (Biskuit),Strawberry Charlotte Royale Cake (sponge cake),215,54.8,5.3,7.5,30.6,1.1,0.4,46,41,23.2,3.42,93
S450000,Nugat/Nougat/Noisette,Nougat,461,0.4,3.812,15.2,76.5,1.486,0,20,40,76.0,3.3,0.2
Y564123,Hühnerfrikassee mit Weißwein,Chicken fricassee with white wine,180,71,11.34,13.9,1.7,0.11,0.2,185,10,0.31,5,55
D340100,Buttercremetorte (Sandmasse),Butter cream torte (sand cake batter),357,36,3.7,20.8,38.2,0.5,0.2,49,46,27.0,12.36,108
Y9A1020,Gyrosburger,Gyros burger,156,65,14.3,4.3,14.0,1.6,0,293,29,1.4,1,29
F3A2902,"Himbeere mit Süßungsmitteln, Konserve, abgetropft","Raspberry with artificial sweeteners, canned, drained",14,95,0.5,0.151,1.3,2,0,8,11,1.3,0.0051,0
F305902,"Stachelbeere gezuckert, Konserve, abgetropft","Gooseberry sugared, canned, drained",74,81.5,0.658,0.118,16.492,1.987,0,2,26,15.447,0.0107,0
Y584412,Putengeschnetzeltes mit Weißwein und saurer Sahne,Turkey ragout with white wine and sour cream,139,72,17.62,6.7,1.3,0.1,0.1,160,20,0.7,1.6,37
Y660313,"Rotbarschfilet gedünstet, mit Tomatensauce (aus Tomatenmark)","Redfish fillet stewed, in tomato sauce (of tomato paste)",105,78,11.1,6.1,1.0,0.3,1.9,220,21,1.0,0.77,21
X357260,Meerrettich-Dressing,Horseradish dressing,149,77.5,3,13.1,3.7,0.21,0.1,230,90,3.5,3.7,19
Y022322,Bierschinken gebraten,Beer ham fried,174,66.2,17.709,11.359,0.09,0.05,0.09,800,11.08,0.0,3.62,59.12
X466443,Grünkohl-Eintopf mit Kartoffeln und Schweinebauch,Curly kale stew with potatoes and pork belly,110,78,4.97,6.4,6.7,2.9,0.06,136,95,1.91,1.8,9.93
Y631232,"Schollenfilet mit Petersilie paniert, gebraten","Plaice fillet with parsley breaded, fried",163,68.1,15.6,8.1,6.07,0.56,4,218,35,0.65,0.95,87
Y213133,"Kalbsmedaillons gebraten, in Weißweinsauce von heller/weißer Grundsauce","Veal medaillons fried, in white wine sauce from white basic sauce",135,75,14.5,7,2.8,0.49,0.231,225,7,0.4,2.2,38
Y363323,"Schweinerücken geschmort, mit Gemüse und Sauce","Pork loin braised, with vegetables and sauce",127,76,9.4,7.9,3.9,1.3,0.05,180,23,1.52,1.7,21.83
E530082,"Vollkorneierteigwaren gekocht, gebraten ohne Fett (Pfanne)","Wholemeal egg pasta boiled, fried without fat (pan)",127,68.83,5.28,1.01,22.0,4.6,0.1,3,14,0.276,0.175,13
Y637513,Heilbutt gebraten amerikanische Art,Halibut fried American style,169,68.6,16.91,9.6,2.92,0.91,3,579,33,1.8,2.9,51.8
Y231322,Wiener Schnitzel gebraten,Viennese schnitzel fried,192,59.5,18.74,8.5,9.48,0.79,0.5,254,25,0.91,1.14,86
X2A1160,Tomaten-Paprikasalat mit Zitronenmarinade,Tomato-sweet pepper salad with lemon marinade,99,85.4,0.78,8.7,3.26,1.3,0,60,10,3.25,0.65,0.176
X711343,Eier-Frischteigwaren Spätzle mit Sauerkraut (Krautspätzle),Fresh egg pasta spaetzle with sauerkraut,83,80.3,3.2,1.84,11.94,2.1,0,212,28,2.34,0.35,39
X2A1060,Kohlrabi-Karottensalat (roh) mit Zitronenmarinade,Kohlrabi-carrot salad (raw) with lemon marinade,92,84.6,1.47,7.4,3.82,1.4,0,65,44,3.68,0.54,0.148
X511153,"Champignons gedünstet, in Kräutersauce von heller/weißer Grundsauce","Button mushrooms stewed, in herb sauce from white basic sauce",54,87,3.89,2.5,3.9,1.9,0.005,127,10,0.4,1.3,5
W871800,"Krakauer/Kochpolnische, Konserve",Krakow cooked sausage canned,173,69,15.85,12.14,0.0,0.06,0.27,800,11,0.0,4.79,59
X454812,"Graupensuppe Mecklenburg (mit Gemüsebrühe, getrockneten Pflaumen, Entenfleisch)","Pearl barley soup ""Mecklenburg"" (with vegetable stock, prunes, duck meat)",80,78,4.1,1,12.5,1.8,0.03,198,22,4.3,0.2,11
T934292,"Alaska-Seelachs paniert, tiefgefroren, frittiert","Alaska pollock breaded, deep-frozen, deep-fried",257,51.4,16.85,13.52,16.38,1.15,0,404,24,0.93,1.5,45
Y131032,"Roastbeef gebraten im Ofen, mit Röstgemüse","Roast beef fried in oven, with fried vegetables",141,73,21.21,5.6,0.9,0.9,0.268,205,20,0.9,1.58,46.5
Y945062,Rostbratwurst mit Brötchen und Senf,Rostbratwurst with roll and mustard,222,54.3,15.27,10.28,16.36,1.3,0.16,758,21.3,1.02,3.65,45.9
F022700,"Mehrfruchtnektar, angereichert mit Vitaminen (Multivitaminnektar)","Mixed fruit nectar, fortified with vitamins (multivitamin nectar)",42,88,0.2,0,10.36,0.2,0,2,8,10.075,0.006,0
X2A2040,Gemischter Salat mit Zitronenmarinade,Mixed salad with lemon marinade,116,83.2,1.3,11,2.0,1.3,0,152,29,1.7,0.8,0.222
X9A1000,Couscous gebraten mit Gemüse,Couscous fried with vegetables,118,75,3.03,4.8,14.4,2.3,0,43,26,2.7,0.4,0.091
G992252,"Gemüsemischung Erbsen-Karotten, tiefgefroren, gedünstet","Mixed vegetables peas and carrots, deep-frozen, stewed",60,86.2,3.3,0.427,8.659,3.9,0,11,21,3.54,0.094,0
P1A1110,Weizenbier mit Fruchtnektar,Wheat beer with fruit nectar,43,90.6,0.561,0,4.1,0,0,1,6,2.05,0.0024,0
Y886260,Zitronen-Joghurt-Creme (mit Gelatine),Lemon-yogurt cream (with gelatine),211,64,2.9,14.2,16.75,0.027,0.04,26,62,16.75,7.66,37.6
Y9A1060,"Falafel frittiert, in Fladenbrot, vegetarisch gefüllt","Falafel deep-fried, in flatbread, vegetarian filled",156,68,5.4,7.8,14.0,2.8,0,313,67,1.8,2.3,8
G311802,"Blumenkohl gesäuert, abgetropft","Cauliflower pickled, drained",49,87.1,1.617,0.766,7.74,2.093,0,479,21,5.835,0.032,0
X1A7030,Wurstsalat Schweizer Art,Sausage salad Swiss Style,287,59,10.3,26.79,0.55,0.1,0.13,600,74,0.49,4.76,35.97
F220902,"Pflaume gezuckert, Konserve, abgetropft","Plum sugared, canned, drained",70,80.9,0.651,0.149,15.92,1.1,0,14,14.7,14.815,0.018,0
Y135033,"Pfeffersteak vom Rind gebraten, mit Sauce","Beef pepper steak fried, with sauce",156,72,20.2,7.7,1.4,0.1,0.301,198,5,0.2,1.9,49.8
X459143,Aalsuppe Hamburger Art mit Trockenfrüchten,Eel soup Hamburg style with dried fruit,95,80,5,5.4,5.8,1.4,4,139,15,5.1,1.5,36
G543702,"Gemüsepaprika rot, gegrillt, in Öl, Konserve, abgetropft","Sweet pepper red, grilled, in oil, canned, drained",215,69.5,1.026,19.778,6.64,2.366,0,503,9,6.64,1.44,1.012
Y690313,"Rotbarsch gebraten, mit Grundsauce hell/weiß mit Sahne","Redfish fried, with white basic sauce with cream",154,74,10.2,11.6,1.78,0.2,1.6,236,31,1.1,5.2,42
X1A1060,"Selleriesalat (gegart) mit Apfel, Mayonnaise und Sahne","Celeriac salad (cooked) with apple, mayonnaise and cream",104,82,1.1,8.1,4.8,2.7,0,117,28,4.13,1.3,12
Y813652,Rohrnudeln gebacken,"""Rohrnudeln"" sweet yeast dumplings baked",370,27,7.39,17.25,45.0,2.75,0.2,214,34,9.42,6.52,53
X702233,Vollkorn-Eier-Frischteigwaren mit Sardellen-Kräuter-Pesto,Fresh wholemeal egg pasta with anchovy-herb pesto,147,70,6.18,7.3,12.5,2.9,1,365,66,0.3,1.4,46
X536363,"Rosenkohl gekocht, mit Bechamelsauce mit Sahne","Brussels sprouts boiled, with Bechamel sauce with cream",103,80,3.2,8,3.35,2.1,0.02,119,52,2.09,4.4,22
W222172,"Bratwurst mittelgrob, gegrillt","Bratwurst medium-coarsely minced, grilled",325,52.01,17.1,28.509,0.09,0.06,0.29,747.6,16,0.0,7.22,72.69
Y945032,Rostbratwurst mit Senf,Rostbratwurst with mustard,196,66.3,17.41,13.86,0.24,0.3,0.23,772.8,10.3,0.15,5.02,65.11
Y845843,Vanilleäpfel,Apple compote with vanilla cream,128,72.5,3.8,5.4,15.3,1.2,0.003,33,70,12.4,2.17,47
D9A4200,Marzipan-Vollkornplunder,Wholemeal Danish pastry with marzipan,496,9,8.12,31.3,43.0,5.03,0.1,224,43,22.838,11.91,27
X445213,Tomatensuppe gebunden mit Reis,Tomato soup thickened with rice,49,91.7,0.67,3.47,3.4,0.5,0.005,83,10,1.37,1.14,5
U013162,"Rind Frikadelle, gebraten ohne Fett (Ofen)","Beef patty, fried without fat (oven)",228,58,19.91,14.12,5.0,0.7,0.6,654,40,0.8,6.204,87
U063182,"Rind/Schwein, Hacksteak, gebraten ohne Fett (Pfanne)","Beef/pork, minced steak, fried without fat (pan)",224,61.9,17.22,16.64,1.13,0.2,0.4,700,21,1.13,6.335,71
F2C1902,"Aprikose ungesüßt, Konserve, abgetropft","Apricot unsweetened, canned, drained",23,92,0.7,0.113,3.623,1.143,0,2,22,3.271,0.009,0
Y623823,"Seelachsfilet gedämpft, mit Kräutersauce von heller/weißer Grundsauce","Saithe fillet steamed, with herb sauce from white basic sauce",96,83,8.45,5.8,2.05,0.2,0.009,211,20,0.78,2.5,41
U013182,"Rind Frikadelle, gebraten ohne Fett (Pfanne)","Beef patty, fried without fat (pan)",216,60,17.87,13.71,5.0,0.7,0.6,635,37,0.8,6.022,79
T931282,"Seelachs paniert, tiefgefroren, gebraten ohne Fett (Pfanne)","Saithe/pollack, breaded, deep-frozen, fried without fat (pan)",213,54.5,18.29,7.37,17.8,1.24,0,439,26,1.02,1,49
Y591112,"Hähnchenbrustfilet paniert, gebraten","Chicken breast fillet breaded, fried",186,62.4,20.92,8.1,6.62,0.6,0.2,168,13,0.64,1,81
X465033,Weiße-Bohnen-Suppe mit geräuchertem Schweinefleisch,Haricot bean soup with smoked pork,110,80,5.47,6.3,6.4,2.6,0.05,361,22,1.0,2.1,9.04
Y373622,Pfälzer Leberknödel (Schwein) gegart,Palatine pork liver dumplings cooked,214,58.5,16.69,11.23,10.92,1,0.6,301,27,1.24,2.86,166
X328663,Fischsamtsauce von heller/weißer Grundsauce,Velvety fish sauce from white basic sauce,100,83,3.9,7.9,3.0,0.5,1,309,21,1.0,3.5,50
W151082,Mettwurst gebraten ohne Fett (Pfanne),"Mettwurst sausage firm, fried without fat (pan)",418,32,27.99,33.86,0.22,0.12,0.66,1700,18.4,0.0,12.82,109
W862000,Kalbsbrust in Aspik,Veal brisket in aspic,118,78.3,11.9,7.7,0.23,0.05,0.2,600,10,0.21,3,46
X323353,Gemüsesauce von Bechamelsauce,Vegetable sauce from Bechamel sauce,57,87,1.95,2.9,4.8,1.7,0.004,137,48,3.4,1.8,8
X678212,"Kartoffelmaultaschen gefüllt mit Pflaumen, gebacken","Potato squares filled with plums, baked",153,67.6,2.53,6.7,19.7,1.8,0.1,40,20,7.9,1,18
Y1A2000,Saure Nieren (Rind),Sour beef kidneys,285,48,24.9,19.1,2.7,0.2,0.2,800,30,1.2,5.9,447
S211700,"Speiseeis Frucht, in Waffeltüte","Fruit ice cream, in waffle cone",174,61.1,1.7,3.66,32.4,1,0,9,10,26.0,1.7,13
S244600,"Speiseeis (Frucht, Karamell, Nuss, Vanille) gemischt","Ice cream mixed (fruit, vanilla, nut, caramel)",187,62.2,2.5,7.97,25.6,0.7,0,29,64,22.8,4.98,41
Y161333,"Zwiebelfleisch vom Rind geschmort, mit Sauce",Beef braised with onions and sauce,209,60,19.73,12.5,3.92,0.7,0.3,291,15,2.39,2.8,55.1
X322053,Pilzsauce von Bechamelsauce,Mushroom sauce from Bechamel sauce,78,84,2.9,4.7,5.13,1.7,0.007,149,52,2.6,2.9,13
Y252223,Kalbsrollbraten mit Weißwein-Sahnesauce von dunkler/brauner Grundsauce,Veal rolled roast with white wine-cream sauce from brown basic sauce,130,74,14.38,6.6,2.4,0.9,0.224,236,27,1.0,1.5,48
F304902,"Heidelbeere gezuckert, Konserve, abgetropft","Blueberry sugared, canned, drained",71,82.7,1.194,0.814,13.247,2.1,0,5,17,13.246,0.0295,0
X338553,Specksauce von dunkler/brauner Grundsauce,Bacon sauce from brown basic sauce,85,83,1.91,6.1,5.31,0.5,0.01,300,5,0.42,0.8,3.01
X935613,"Grießpudding salzig, mit Käse und Petersilie","Semolina pudding, salted, with cheese and parsley",167,66.5,6.9,7.76,16.99,0.73,0,139,122,2.77,3.62,72
Y942062,Bratwurst mit Brötchen und Senf,Bratwurst with roll and mustard,256,51.4,11.49,14.91,18.15,1.4,0.2,805,24,1.12,4.82,38
Y856253,Weingelee mit Früchten,Wine jelly with fruit,87,78,1.3,0.1,17.3,0.6,0,5,10,17.0,0.047,0
Y870912,Rotweincreme abgeschlagen (mit Gelatine),Red wine cream (with gelatine),102,77.7,4.6,2.8,13.38,0.004,1,57,22,13.38,0.76,104
Y302113,"Kasseler Rippenspeer gebraten im Ofen, mit Sahnesauce von dunkler/brauner Grundsauce","Pork loin spare ribs cured, fried in oven, with cream sauce from brown basic sauce",132,74,12.44,7.8,2.98,0.19,0.05,500,9,0.46,2.2,39.7
D433600,Baumstamm (Rührmasse) mit Schokobuttercreme,Log cake (cake batter) filled with chocolate butter cream,348,37,5.1,20.31,35.5,1.55,0.2,104,53,20.6,12.32,99
Y273113,Kalbsleber gebraten Berliner Art,Veal liver fried Berlin style,111,72,9.49,3.9,9.0,0.9,0.19,242,12,3.21,0.8,143
X2A1150,Selleriesalat (roh) mit Saure-Sahne-Dressing,Celeriac salad (raw) with sour cream dressing,59,86.3,1.79,2.8,4.9,2.7,0.1,190,50,4.4,1.4,9
Y650232,"Karpfen paniert, frittiert","Carp breaded, deep-fried",243,51.4,17.98,12.3,14.26,1.16,0.2,249,65,0.9,1.95,99
U051162,"Rind/Schwein, Frikadelle, gebraten ohne Fett (Ofen)","Beef/pork, patty, fried without fat (oven)",250,56,19.65,16.71,5.0,0.7,0.5,662,30,0.8,6.296,87
X211540,Chicoreesalat mit Saure-Sahne-Dressing,Chicory salad with sour cream dressing,46,87.6,2.49,2.4,2.7,1,0,170,80,2.4,1.2,8
X230443,Sauerkrautsalat (roh) mit Apfel und gebratenem Speck,Sauerkraut salad (raw) with apple and fried bacon,55,85.7,1.75,1.65,5.7,3,0.02,600,34,5.16,0.57,3.26
F324902,"Johannisbeere rot, ungesüßt, Konserve, abgetropft","Red currant unsweetened, canned, drained",14,94.9,0.729,0.106,1.15,1.6,0,2,26,1.15,0.022,0
C513300,"Müslimischung mit Schokolade, gesüßt","Muesli mix with chocolate, sweetened",397,6.7,10.45,11.84,58.0,8.1,0,44,76,21.29,5.22,3.5
E470042,Eier-Frischteigwaren Ravioli (Gemüsefüllung) gedämpft,Fresh egg pasta Ravioli (vegetable filling) steamed,141,66,4.99,2.08,24.5,2,0.1,139,13,0.77,0.3,10
U040162,"Schwein/Rind, Hackfleisch gemischt, gebraten ohne Fett (Ofen)","Pork/beef, mince mixed, fried without fat (oven)",357,43.83,26.96,27.72,0.0,0,0.56,74,20.3,0.0,10.483,88
G550702,"Pfefferschote in Öl, Konserve, abgetropft","Chilli pepper in oil, canned, drained",242,65.1,1.8,22.9,6.22,1.5,0,507,14,6.05,1.63,1.169
D7A6200,"Berliner/Pfannkuchen/Krapfen (Hefeteig) frittiert, gefüllt mit Konfitüre","""Berliner"" doughnut (yeast dough) deep-fried, filled with jam",329,33.6,6.2,13.7,44.0,2.4,0,158,27,15.6,6.9,68
X682513,Himmel und Erde (Äpfel und Kartoffeln) mit gebratenem Speck,"""Heaven and earth"" apple-potato mash with fried bacon",129,76.1,1.74,7.39,13.2,1.4,0.06,219,9,3.21,2.32,6.02
X371053,Holländische Sauce einfach,Hollandaise sauce simple,156,79,1.9,15.5,1.98,0.018,0,240,25,0.9,8.8,134
G450902,"Spargel Konserve, abgetropft","Asparagus canned, drained",18,93.96,1.9,0.3,1.38,1.095,0,211,17.133,1.265,0.0209,0
U040142,"Schwein/Rind, Hackfleisch gemischt, geschmort ohne Fett","Pork/beef, mince mixed, braised without fat",386,40.08,28.08,30.41,0.0,0,0.6,74,18.3,0.0,11.5,94
Y6A4000,"Krebse gegart, in Grundsauce hell/weiß mit Sahne","Crayfish cooked, in white basic sauce with cream",121,80,6.6,9.4,2.4,0.3,0.021,250,41,1.4,4.3,100
N274000,Bananennektarschorle,Banana nectar spritzer,26,92.9,0.148,0,6.18,0,0,2,8,5.96,0.0073,0
Y611813,"Hering gegart, in Tomatensauce von heller/weißer Grundsauce","Herring cooked, in tomato sauce from white basic sauce",120,80,11.5,7,2.2,0.4,10,265,37,1.3,2.3,41
D310600,"Biskuitrolle/Biskuitroulade, mit Joghurtsahne","Sponge cake roll, filled with yogurt-cream",253,51.4,6.2,12.5,28.38,0.57,0.5,56,60,20.77,6.17,109
X191302,Gemüsesalat (gegart) mit Mayonnaise mit Essig,Vegetable salad (cooked) with mayonnaise (with vinegar),151,77.9,2,13.93,3.4,2.2,0,180,27,2.36,1.17,26
S244000,"Speiseeis (Frucht, Vanille) gemischt","Ice cream mixed (fruit, vanilla)",161,65.5,1.34,5.15,26.5,0.5,0,22,44,23.4,3.683,12.6
D3A4000,"Nussbiskuitrolle/Nussbiskuitroulade, mit Himbeeren und Sahne","Nut sponge cake roll, filled with raspberries and whipped cream",275,50.2,6.3,16.2,24.8,1.6,0.5,51,52,19.6,6.74,114
Y942032,Bratwurst mit Senf,Bratwurst with mustard,244,63.9,12.2,21.46,0.25,0.3,0.3,842,12,0.15,7.04,58
X329263,"Weißwein-Sahnesauce von heller/weißer Grundsauce, mit Lachs",White wine-cream sauce from white basic sauce with salmon,129,80,4.2,10.9,2.6,0.5,1,234,32,1.4,4.9,60
X2A1170,Tomatensalat mit Zitronenmarinade,Tomato salad with lemon marinade,87,87,0.85,7.5,2.98,1.1,0,54,11,2.97,0.55,0.153
E606282,"Semmelknödel getrocknet, gekocht, gebraten ohne Fett (Pfanne)","White bread dumplings dried, boiled, fried without fat (pan)",181,57.8,8.28,4.99,24.87,1.7,0.4,348,70,2.77,2.22,76
X268550,Rettichsalat mit Sahne-Dressing,Radish salad with cream dressing,39,91.9,1.24,2,3.0,1,0,90,30,2.2,1,6
X462123,Gemüsesuppe gebunden,Vegetable soup thickened,42,91,1.2,2.4,3.5,0.9,0.004,260,10,1.3,1.4,6
K260282,"Kartoffelpuffer tiefgefroren, gebraten ohne Fett (Pfanne)","Potato pancakes deep-frozen, fried without fat (pan)",179,52,5,1.81,34.32,2.7,0,416,17,1.54,0.23,12
X4A8010,"Erbsen-Eintopf mit Gemüsebrühe, Suppengrün und Kartoffeln","Pea stew with vegetable stock, mirepoix and potatoes",83,77,5.09,1.4,10.0,5,0,219,29,2.0,0.2,0.02
Y626132,"Leng paniert, gebraten","Ling breaded, fried",168,66.2,17.06,8,6.09,0.54,0.2,254,26,0.65,0.97,66
Y731263,Kräuteromelett gebraten mit Pfifferlingen,Herb omelette fried with chanterelles,165,72.4,10.65,13.08,0.7,1,1.3,203,49,0.59,2.38,255
W864000,Rinderbrust in Weißweinaspik,Beef brisket white-wine aspic,163,69.4,17.4,9.2,0.61,0.02,0.22,800,13,0.61,4.239,61
D9A4700,Quark-Vollkornplunder,Wholemeal Danish pastry with quark,364,30,9.46,19.19,36.0,4.52,0.2,292,72,10.5,9.979,27
T930892,"Fischfrikadelle (Alaska-Seelachs) paniert, tiefgefroren, frittiert","Fishcake (Alaska pollock) breaded, deep-frozen, deep-fried",178,59.7,10.2,6.73,18.6,1.3,0,449,14,0.42,0.5,35
Y860212,Zitronenwackelpudding,Lemon jelly,80,78.9,2.1,0.2,14.994,0.182,0,8,12,14.609,0.052,0
X327143,Käsesauce von Bechamelsauce,Cheese sauce from Bechamel sauce,122,79,4.86,9.2,4.75,0.19,0.008,277,159,2.15,6.2,22
Y869143,Hefepudding,Yeast pudding,335,29,7.6,12.6,46.0,3.3,0.2,133,40,12.4,2.2,31
Y760152,"Quarkklöße mit Süßkirschkompott, Zucker und Zimt","Quark dumplings with sweet cherry compote, sugar and cinnamon",146,67,6.01,3.92,21.0,1.2,0.2,64,50,12.74,2.22,40
Y639132,"Rotzunge paniert, gebraten","Witch breaded, fried",173,65.9,15.58,9,6.61,0.59,4,282,40,0.72,1.04,56
N264000,Johannisbeernektarschorle,Currant juice spritzer,27,92.7,0.215,0,6.404,0,0,4,12,6.393,0.002,0
Y274333,Kalbslungenhaschee sauer mit Sauce,Veal lung ragout sour with sauce,95,80,9.41,4.8,3.23,0.2,0.002,236,10,0.4,1,115
W224082,Münchner Weißwurst gebraten ohne Fett (Pfanne),Bavarian white sausage fried without fat (pan),297,57.21,12.198,27.515,0.09,0.09,0.39,799,18.02,0.0,6.35,51
X541563,Püree von Artischockenböden,Puree from artichoke bottoms,181,67.8,2.63,15.4,3.27,8.98,0.028,359,69,3.11,5.4,24.9
X454463,Grünkernsuppe geröstet,Green spelt soup roasted,35,91,1.04,1.6,3.6,1,0,282,17,1.4,0.2,0.027
G994262,"Gemüsemischung asiatische Art, tiefgefroren, gebacken","Mixed vegetables Asian style, deep-frozen, baked",34,89,2.4,0.4,4.0,2,0,7,24,4.0,0.046,0
Y693312,"Seezunge gebraten in Butter, mit Kaisergemüse und Salzkartoffeln","Sole fried in butter, with stewed mixed vegetables and boiled (salted) potatoes",81,82,8.16,2.3,6.23,1.2,2,154,25,1.33,0.5,21
Y663132,"Zanderfilet paniert, gebraten","Pike-perch fillet breaded, fried",185,62.7,19.3,8.7,6.61,0.59,2.3,200,61,0.72,1.03,103
Y211033,"Kalbslende gedünstet, mit Sauce","Veal loin stewed, with sauce",155,68,19.8,7.5,1.9,0.2,0.32,400,13,0.2,1.4,55
F2B1902,"Aprikose mit Süßungsmitteln, Konserve, abgetropft","Apricot with artificial sweeteners, canned, drained",23,92,0.7,0.113,3.623,1.143,0,8,22,3.271,0.009,0
X741033,Eierteigwaren mit Gorgonzolasauce,Egg pasta with Gorgonzola sauce,166,63,6.6,7.9,16.73,0.916,0.05,286,89,0.75,4.3,21
S210600,"Speiseeis (Frucht, Schokolade, Vanille) gemischt, in Waffeltüte","Ice cream mixed (chocolate, fruit, vanilla) in waffle cone",197,59.5,2.47,7.61,28.6,1.2,0,27,53,23.5,4.18,20
X466023,"Wirsing-Eintopf mit Kartoffeln, Karotten und Speck","Savoy cabbage stew with potatoes, carrots and bacon",63,86,2.85,2.7,6.0,1.4,0.02,300,30,2.8,0.8,4.57
U040132,"Schwein/Rind, Hackfleisch gemischt, gekocht","Pork/beef, mince mixed, boiled",370,41.64,28.54,28.38,0.0,0,0.61,75,18.6,0.0,10.733,95
Y351023,"Schweineroulade geschmort, mit Grundsauce dunkel/braun","Pork olive braised, with brown basic sauce",144,71,16,7.3,3.1,0.8,0.01,300,14,1.6,1.3,37.54
X465813,"Grüne-Bohnen-Eintopf mit Gemüsebrühe, Kartoffeln, Birne und Speck","Green bean stew with vegetable stock, potatoes, pears and bacon",78,84,1.6,4.6,7.0,1.1,0.04,251,21,2.0,1.8,4
X466053,"Wirsing-Eintopf mit Rindfleisch, Kartoffeln und Karotten","Savoy cabbage stew with beef, potatoes and carrots",65,84,5.7,1.7,6.0,1.3,0.069,123,28,2.5,0.6,12.2
X981452,Schinkenknödel,Ham dumplings,180,59.8,9.77,6.49,19.91,1.4,0.3,539,64,2.4,1.49,71
W256262,"Fleischkäse grob, gebraten ohne Fett (Ofen)","Fleischkaese sausage coarsely minced, fried without fat (oven)",229,58.7,21.89,15.69,0.12,0.07,0.24,800,5.7,0.0,5.7,74.74
G750902,"Sojabohne unreif (Edamame) Konserve, abgetropft","Soya bean immature (edamame) canned, drained",94,78.8,8.6,4.4,3.5,3,0,209,145,0.7,0.51,0
X456743,Ochsenschwanzsuppe gebunden,Oxtail soup thickened,114,80,7.8,7.2,3.0,1,0.1,129,24,1.5,2.9,23
F2A1902,"Aprikose in Fruchtsaft, Konserve, abgetropft","Apricot in juice, canned, drained",36,88,0.8,0.148,6.7,1.3,0,2,23,6.0,0.0137,0
F5A1902,"Ananas in Fruchtsaft, Konserve, abgetropft","Pineapple in juice, canned, drained",41,85.3,0.7,0.1,8.1,1.3,0,3,23,7.8,0.029,0
X358140,Joghurt-Sahnesauce mit Kräutern für Salat,Yogurt-cream sauce with herbs for salad,92,84.2,3.16,6.7,3.8,0.2,0.1,160,100,3.8,3.7,23
Y291223,Ossobuco alla milanese (Kalbsbeinscheiben geschmort),Ossobuco alla milanese (veal leg slices braised),131,73,18.52,5.5,0.8,0.5,1,216,18,0.8,1.58,62
G581802,"Kürbis gesäuert, abgetropft","Pumpkin pickled, drained",112,73.8,1.042,0.123,24.22,3.449,0,175,14,23.66,0.033,0
Y622812,Bratkartoffel-Fischpfanne mit Kabeljaufilet,Fried potatoes and fish pan with cod fillet,185,64.1,10.5,9.5,13.52,1.63,0,206,22,0.684,0.72,17
U010272,"Rind Hackfleisch, tiefgefroren, gegrillt","Beef mince, deep-frozen, grilled",303,50.063,26.197,22.009,0.0,0,0.65,70,36.6,0.0,9.931,87
H650902,"Mungbohnensprossen/Mungbohnenkeimlinge, Konserve, abgetropft","Mung bean sprouts canned, drained",22,92.9,2.182,0.202,2.4,0.911,0,178,6.4,2.4,0,0
X061410,Laugenbrezel mit Butter,Pretzel with butter,403,23,7.014,24.936,36.0,2.747,0.052,827,49,1.1,14.75,57
X696312,Weißes Bohnenpüree,Haricot bean puree,161,68,7.962,5,16.0,8.3,0,54,39,1.2,0.4,0.093
Y840343,Apfelkompott mit Weißwein und Sultaninen,Apple compote with white wine and sultanas,67,81.7,0.4,0.3,13.6,1.5,0,2,7,12.9,0.1,0
G994282,"Gemüsemischung asiatische Art, tiefgefroren, gebraten ohne Fett (Pfanne)","Mixed vegetables Asian style, deep-frozen, fried without fat (pan)",42,87,3,0.4,5.0,3,0,9,30,5.0,0.058,0
Y301423,"Kasseler Rücken gebraten im Ofen, mit Grundsauce dunkel/braun","Pork loin cured, fried in oven, with brown basic sauce",118,76,11.97,6.4,2.97,0.2,0.05,500,6,0.309,1.5,34.79
Y569523,"Hähnchenschenkel gekocht, in Currysauce","Chicken thigh boiled, in curry sauce",124,79,10.86,8.2,1.77,0.11,0.13,177,6,0.28,2.7,71
S541600,Vollmilchschokolade gefüllt mit Nugat/Nougat/Noisette,Whole milk chocolate filled with nougat,539,0.9,6.94,32.9,52.5,2.73,0.01,56,142,51.7,14.4,9.5
F597902,"Ananas mit Süßungsmitteln, Konserve, abgetropft","Pineapple with artificial sweeteners, canned, drained",24,93,0.5,0.1,4.4,1.1,0,11,19,4.4,0.0193,0
Y251323,"Kalbsroulade gebraten, mit Grundsauce dunkel/braun","Veal olive fried, with brown basic sauce",156,71,12.12,10.3,3.23,0.5,0.24,453,16,0.97,2.7,37
F083902,"Rhabarber ungesüßt, Konserve, abgetropft","Rhubarb unsweetened, canned, drained",9,96.5,0.314,0.072,0.629,1.803,0,2,48,0.523,0.015,0
Y8A4000,Grießbrei (als Dessert) mit Erdbeersauce roh,Semolina pudding (as dessert) with raw strawberry sauce,102,77.3,3.14,3,15.02,0.6,0.002,30,82,10.58,1.78,10.7
Y179032,"Rinderzunge gekocht, mit Rosinensauce","Beef tongue boiled, with raisin sauce",157,72,10.8,10.6,4.2,0.4,0.1,130,8,2.1,3,73
W222772,Rindsbratwurst gegrillt,Beef-Bratwurst grilled,251,62.3,12.982,22.174,0.0,0,0.23,781,16.8,0.0,9.578,55
Y634113,"Seezungenfilet gedünstet, in Tomatensauce (aus Tomatenmark)","Sole fillet stewed, in tomato sauce (of tomato paste)",102,79,13.1,5,0.9,0.3,3,250,30,0.9,0.9,38
X746023,"Eier-Frischteigwaren, grün, mit Gorgonzolasauce","Fresh egg pasta with semolina, green, with Gorgonzola sauce",189,65,7.9,11.2,13.5,1.1,0.2,372,108,0.64,5.8,65
W211400,Berner Würstchen,Berner small sausage (with bacon and cheese),259,60.6,13.6,22.6,0.15,0.03,0.33,1000,166,0.098,9.2,55
X7A3000,Maultaschen mit Spinatfüllung gegart,Spinach-filled pasta squares cooked,96,77,4.4,2.53,13.0,1.7,0,148,65,0.6,0.43,50
G891202,"Senfgurke gesäuert, abgetropft","Mustard cucumber pickled, canned, drained",44,88.3,1.052,0.198,7.97,1,0,487,24,7.97,0.068,0
X328312,Carbonara Sauce,Carbonara sauce,279,53,20.47,21.66,0.3,0.157,1.1,800,351,0.3,8.83,195
G720802,"Wachsbohne gesäuert, abgetropft","Wax bean pickled, drained",41,86.7,1.6,0.2,6.5,1.662,0,476,42.7,5.71,0,0
K713902,"Pfifferling Konserve, abgetropft","Chanterelle canned, drained",24,90.1,2.083,0.69,0.643,3.81,0,165,4.7,0.188,0.054,0
X572143,"Linsengemüse gekocht, mit Suppengrün und Speck","Lentils boiled, with mirepoix and bacon",81,79,5.35,1.8,9.0,3.7,0.02,100,21,0.9,0.46,3.1
G090282,"Gemüsemischung Kaisergemüse, tiefgefroren, gebraten ohne Fett (Pfanne)","Mixed vegetables (carrots, cauliflower and broccoli florets) deep-frozen, fried without fat (pan)",53,84.1,3.446,0.637,6.5,4.3,0,27,40,4.64,0.127,0
W253200,Tiroler/Tiroler Schinkenwurst,Tyrolean ham bologna,106,76,18.28,3.54,0.11,0.06,0.09,800,8,0.0,1.417,57
W231862,Kalbfleischkäse gebraten ohne Fett (Ofen),"Veal fleischkaese sausage with pork, fried without fat (oven)",362,48.5,14.95,33.54,0.13,0.07,0.58,830,9,0.0,13.06,74
X262540,Karottensalat (roh) mit Saure-Sahne-Dressing,Carrot salad (raw) with sour cream dressing,64,85.5,1.5,3,6.2,2,0.1,170,50,6.1,1.4,10
S244400,"Speiseeis (Frucht, Nuss, Vanille) gemischt","Ice cream mixed (fruit, vanilla, nut)",187,61.9,2.02,7.7,26.5,0.9,0,26,56,23.0,5.254,14.4
K311282,"Kartoffeltaschen mit Frischkäsefüllung, tiefgefroren, gebraten ohne Fett (Pfanne)","Potato pockets with cream cheese filling, deep-frozen, fried without fat (pan)",301,38,4.31,15.92,34.0,2.1,0.07,740,42,2.8,5.2,21.2
X2A1030,Coleslaw (Weißkrautsalat amerikanisch) mit Saure-Sahne-Dressing,Coleslaw with sour cream dressing,54,89,1.72,2.4,4.9,2.2,0,130,60,4.8,1.2,8
R9A4100,"Schokobuttercreme gestreckt, für Gebäck/Torten","Chocolate butter cream, egg-free, light, for pastry/tortes",350,48,2.94,29.3,17.9,1.16,0.058,37,69,14.8,18.6,70
Y373223,"Schweinelebergeschnetzeltes mit Apfel, Zwiebeln und Grundsauce dunkel/braun","Pork liver ragout with apple, onions and brown basic sauce",109,77,9.37,4.8,6.6,0.9,0.15,189,9,2.81,0.9,74.5
W254042,"Jagdwurst/Schinkenwurst grob, geschmort ohne Fett","Jagdwurst sausage/ham bologna coarsely minced, braised without fat",209,65.13,15.461,16.299,0.08,0.05,0.19,700,13,0.0,5.78,53.72
Y640432,Lachs gedämpft mit Joghurt-Dip mit Rosmarin,Salmon steamed with yogurt-rosemary dip,125,78.4,10.62,8.1,1.7,0.009,1.9,130,50,1.7,2.7,43
Y660422,"Rotbarsch paniert, gebraten","Redfish breaded, fried",192,62.7,15.5,11.1,6.61,0.59,2.3,250,34,0.72,1.5,67
W320100,Leberrolle,Liver roll (liver sausage),237,62,17,18.56,0.52,0.1,0.4,700,7,0.17,7.09,116
Y9A2030,Tartufo di Pizzo (mit Nuss- und Schokoladeneis),Tartufo di Pizzo (with nut and chocolate ice cream),231,53.9,4.4,10.6,29.0,0.8,0.007,34,97,27.7,4.18,58
T213802,"Alaska-Pollack/Alaska-Seelachs, in Öl, Präserve, abgetropft","Alaska pollock in oil, semi-preserved, drained",274,55.6,9.9,26.01,0.0,0,0,2083,12,0.0,1.94,66
D321000,Joghurtsahnetorte (Biskuit und Mürbeteig),Yogurt cream torte (sponge cake and shortcrust pastry),261,53.2,4.7,15.5,25.1,0.5,0.2,41,63,18.8,8.34,72
X465663,"Grüne-Bohnen-Eintopf mit Gemüsebrühe, Kartoffeln und Hammelfleisch","Green bean stew with vegetable stock, potatoes and mutton",82,83,3.8,4.5,6.0,1,0,171,22,1.3,2.1,11
Y845953,Apfelkompott mit Rosinen und Mandeln,Apple compote with raisins and almonds,73,81.9,1.2,2,11.2,1.9,0,2,10,10.4,0.3,0
Y662433,"Schwertfisch gebraten, mit gedünstetem Paprika-Tomaten- und Gurkengemüse","Swordfish fried, with stewed sweet-peppers, tomatoes and cucumbers",86,81,10.31,3.6,2.3,0.9,0.97,380,20,2.3,0.5,21
K282292,"Kartoffelkroketten tiefgefroren, frittiert","Potato croquettes deep-frozen, deep-fried",320,42.3,5.12,21.91,24.16,2.65,0.2,480,17,1.2,3.9,52
X465623,"Grüne-Bohnen-Eintopf mit Gemüsebrühe, Kartoffeln, Rindfleisch und Speck","Green bean stew with vegetable stock, potatoes, beef and bacon",94,81,4.7,5.4,6.0,0.9,0.09,254,21,1.3,2.2,13
D771100,Erdbeer-Sahneschnitten (Blätterteig),Strawberry-cream square (puff pastry),289,55,2.69,22.8,17.08,1.6,0.029,76,33,5.056,10.36,25.6
Y161013,Rinderbraten mit Sauce,Beef roast with sauce,138,72,16,7.2,1.6,1.1,0.262,233,22,1.6,2.1,43.7
F321902,"Johannisbeere rot, gezuckert, Konserve, abgetropft","Red currant sugared, canned, drained",67,81.5,0.729,0.106,14.58,1.6,0,2,26,14.58,0.022,0
S244200,"Speiseeis (Frucht, Kaffee, Schoko, Vanille) gemischt","Ice cream mixed (chocolate, vanilla, coffee, fruit)",182,63.1,2.7,7.5,25.0,0.9,0,30,66,22.3,4.06,44
X427153,Fleischbrühe mit Leberspätzle/Leberreis,Meat stock with liver spaetzle,63,84,4.13,1.5,7.88,0.6,0.1,221,8,0.11,0.6,36
Y692943,Ragout fin mit Rotbarsch,Ragout fin with redfish,106,78,10.8,6.3,1.1,0.2,2,263,69,0.57,2.7,75
D340200,Traubentorte (Sandmasse) mit Vanillecreme und Klarguss,Grape torte (sand cake batter) with vanilla cream and gelatin glaze,176,64,2.4,7.73,23.2,1,0.1,33,25,15.9,4.54,53
W251200,Norddeutsche Kochmettwurst,North German Kochmettwurst sausage (cooked),195,67.5,15.07,14.92,0.12,0.07,0.27,800,9,0.0,5.81,64
X6A1000,"Kartoffeln gekocht, mit gebratenem Hähnchenfleisch und Kräutersauce von Bechamelsauce","Potatoes boiled, with fried chicken and herb sauce from Bechamel sauce",97,78,8.83,2.2,10.18,0.78,0.04,65,22,1.04,1.1,26
Y720863,Rührei gebraten mit Käse und Kochschinken,Scrambled eggs fried with cheese and boiled ham,220,63.9,16.4,16.88,0.42,0.1,1.4,391,160,0.41,4.49,299
X703012,"Eier-Frischteigwaren Ravioli, mit Hackfleischfüllung, in Tomatensauce von heller/weißer Grundsauce","Fresh egg pasta Ravioli with minced meat filling, in tomato sauce from white basic sauce",114,76,5.5,4.1,13.0,1.2,0.001,221,13,1.0,1.5,51
Y299113,"Kalbskeule geschmort, mit Sahnesauce von dunkler/brauner Grundsauce","Leg of veal braised, with cream sauce from brown basic sauce",105,76,13.7,4.1,2.7,1,0.205,300,26,1.2,0.9,39
Y621922,"Kabeljau gebraten, mit gedünstetem Paprika-Tomatengemüse","Cod fried, with stewed sweet peppers and tomatoes",66,85,7.9,1.6,4.2,1.3,0,252,19,3.2,0.18,14.3
Y9A2050,Vanillecremeeis mit Schlagsahne und frischen Erdbeeren,Vanilla ice cream (with egg) with whipped cream and fresh strawberries,151,75.6,2.3,11.43,8.97,0.9,0.025,22,57,8.79,5.88,56
Y279033,"Kalbszunge gekocht, mit Weißweinsauce von heller/weißer Grundsauce und saurer Sahne","Veal tongue boiled, with white wine sauce from white basic sauce and sour cream",114,80,9.89,7.4,1.4,0.08,0.1,200,10,0.3,3.1,69
Y846653,"Milchreis mit Milch 3,5 % Fett und Aprikosenkompott",Rice pudding with milk 3.5 % fat and apricot compote,116,72,3.7,2.34,19.7,0.8,0,31,80.6,7.36,1.427,8.8
D720700,Preiselbeer-Stracciatella-Sahne-Kranz (Brandmasse),Lingonberry-stracciatella-cream ring cake (choux pastry),302,47,5.1,18.6,27.7,1.3,0.4,53,47,17.9,9.87,106
X613043,Kartoffelgemüse mit Kräutersauce von heller/weißer Grundsauce,Potatoes with herb sauce from white basic sauce,79,81,1.56,3,10.7,1.3,0.007,116,10,0.86,1.8,7
Y301213,"Kasseler Rippenspeer gekocht, mit Sauerkraut","Pork loin spare ribs cured, boiled, with sauerkraut",58,87.6,5.59,2.42,1.45,2.1,0.02,400,31,1.33,0.62,16.02
Y023113,Leberwürste erwärmt,Liver sausages heated,356,50.6,16.83,31.744,0.59,0.1,0.54,787,39,0.23,12.46,120.73
X444143,Gemüsecremesuppe,Cream of vegetable soup,63,89,1.17,4.5,4.08,0.7,0.012,180,19,1.62,2.5,11
Y623312,"Seelachsfilet paniert, gebraten","Saithe fillet breaded, fried",181,65.7,17.3,9.4,6.09,0.54,0.2,212,31,0.65,1.34,86
X447313,"Tomatensuppe aus Tomatenmark, Gemüsebrühe und Teigwaren eifrei","Tomato soup of tomato paste, vegetable stock and pasta egg-free",51,89,1.1,2.6,5.6,0.4,0.003,275,9,1.3,1.5,6
X702612,Vollkorn-Eier-Frischteigwaren mit gedünstetem Kaisergemüse,Fresh wholemeal egg pasta with stewed mixed vegetables,95,78,4.19,2.9,11.47,3.1,0.2,122,22,1.53,0.4,32
X4A8100,Weiße-Bohnen-Eintopf mit Speck,Haricot bean stew with bacon,88,81,4.4,3.5,8.0,2.9,0.02,300,17,1.7,0.9,4.74
X371143,Sauce Bearnaise/Bearner Sauce,Bearnaise sauce,212,73,2.9,21.1,1.03,0.1,1,153,33,0.95,11.8,214
S211800,"Speiseeis (Frucht, Karamell) gemischt, in Waffeltüte","Ice cream mixed (caramel, fruit) in waffle cone",178,62.3,2.7,5.82,28.1,0.6,0,21,43,24.2,2.75,59
G582802,"Zucchini gesäuert, abgetropft","Courgette pickled, drained",34,91,1.1,0.3,5.5,0.7,0,475,24,5.5,0.064,0
G410702,"Artischocke in Öl, Konserve, abgetropft","Artichokes in oil, canned, drained",254,56.5,2.559,22.823,3.02,12.517,0,540,55,2.82,1.62,1.169
Y881743,Quarkklöße gefüllt mit Aprikosen,Quark dumplings filled with apricots,133,68,5.6,3.53,18.4,1.29,0.2,59,52,10.97,1.99,36
X201200,Gemischter Salat mit Sahne-Dressing,Mixed salad with cream dressing,42,90.6,1.7,2.2,2.8,1.4,0,160,40,2.5,1,6
T930182,"Fischstäbchen (Alaska-Seelachs) paniert, tiefgefroren, gebraten ohne Fett (Pfanne)","Fish fingers (Alaska pollock) breaded, deep-frozen, fried without fat (pan)",209,57.85,13.908,9.437,16.5,0.92,1.13,287,16,1.1,1.35,41
X992133,Couscous mit Butter,Couscous with butter,209,56.2,4.888,7.773,28.48,2.547,0.01,65,11,0.468,3.05,11
F023700,"Mehrfruchtnektar mit Süßungsmitteln, angereichert mit Vitaminen (Multivitaminnektar)","Mixed fruit nectar with artificial sweeteners, fortified with vitamins (multivitamin nectar)",22,93,0.2,0,5.36,0.2,0,3,8,5.075,0.006,0
Y693932,Fish and Chips (mit Rotbarsch),Fish and chips (with redfish),221,57,10.7,11.6,17.7,1.33,1.3,279,34,1.09,1.4,34
X1A1050,Rote-Bete-Salat (gegart) mit Zitronenmarinade,Beetroot salad (cooked) with lemon marinade,109,80.6,1.67,8.2,5.88,2,0,179,17,5.85,0.61,0.166
G570802,"Zuckermais gesäuert, abgetropft","Sweetcorn pickled, drained",67,78,2.563,0.962,10.1,2.4,0,476,7.3,6.35,0.129,0
Y180012,"Rindfleisch gekocht, mit Rotweinsauce","Beef boiled, with red wine sauce",124,75,14.74,5.9,2.41,0.2,0.23,151,8,0.3,1.9,40.7
K311262,"Kartoffeltaschen mit Frischkäsefüllung, tiefgefroren, gebacken","Potato pockets with cream cheese filling, deep-frozen, baked",282,42,4.03,14.88,32.0,1.9,0.06,692,39,2.7,4.87,19.9
D7A7400,Pudding-Plunder,Danish pastry with pudding,321,39,6.4,16.48,36.0,1.49,0.1,240,83,13.04,8.64,36
Y8B1012,"Vanillepudding, Flammeri, zubereitet aus Pulver und Milch 3,5 % Fett, mit Süßstoff","Vanilla pudding made from powder with milk 3.5 % fat, with artificial sweetener",88,81,3.65,3.56,10.19,0.057,0,72,120,4.1,2.252,14.2
T820802,"Bismarckhering Präserve, abgetropft","Herring pickled, semi-preserved, drained",225,62.2,16.5,16,2.68,0.135,13,1090,38,2.68,2.924,48
X673042,Kartoffelklöße von gekochten Kartoffeln,Potato dumplings from boiled potatoes,137,65.3,3.8,2.62,23.4,2.15,0.1,175,12,0.67,1.35,28
X201740,Gurkensalat mit Saure-Sahne-Dressing,Cucumber salad with sour cream dressing,41,92.5,1.53,2.3,2.9,0.8,0,120,40,2.9,1.1,7
F240902,"Süßkirsche mit Süßungsmitteln, Konserve, abgetropft","Sweet cherry with artificial sweeteners, canned, drained",33,92,0.7,0.251,6.35,1.3,0,10,14,5.66,0.056,0
G560900,Tomate Konserve,Tomato canned,19,94.08,1.15,0.2,2.536,0.93,0,86,27,2.498,0.021,0
X636212,"Kartoffel-Rosenkohlpüree mit Milch 3,5 % Fett",Puree of potatoes and brussels sprouts with milk 3.5 % fat,80,81.8,2.65,2.55,10.76,1.5,0.004,100,40,1.7,1.586,8
T935262,"Schlemmerfilet Bordelaise (Alaska-Seelachs) tiefgefroren, gebraten ohne Fett (Ofen)","Fish bake Bordelaise style (Alaska pollock) deep-frozen, fried without fat (oven)",132,72.3,9.6,7.6,6.12,0.3,0.002,374,14,0.35,1.3,46
Y891542,"Schaumeierkuchen (Omelette souffle) gebraten, gefüllt mit Konfitüre","Omelette souffle fried, filled with jam",250,52.7,8.4,13.3,23.8,0.3,2,94,42,21.6,5.83,323
Y682333,"Hummer gegart, in Currysauce von heller/weißer Grundsauce","Lobster cooked, in curry sauce from white basic sauce",87,81,10.07,4.1,1.37,0.21,0.003,380,55,0.24,1.4,80
X1A3040,"Reissalat mit Gemüse, Früchten, Curry und Zitronenmarinade","Curried rice salad with vegetables, fruits and lemon marinade",88,80.5,1.9,2.4,13.8,1.4,0,16,7,2.2,0.2,0.044
F591902,"Ananas ungesüßt, Konserve, abgetropft","Pineapple unsweetened, canned, drained",24,92.9,0.5,0.1,4.4,1.1,0,3,19,4.4,0.0193,0
Y8A4020,Grießbrei (als Dessert) mit Kirschsauce,Semolina pudding (as dessert) with cherry sauce,102,76.9,3.11,2.4,16.44,0.5,0,29,79,11.74,1.45,9
F211902,"Süßkirsche gezuckert, Konserve, abgetropft","Sweet cherry sugared, canned, drained",67,83.4,0.7,0.251,15.01,1.3,0,1,14,14.32,0.056,0
T930882,"Fischfrikadelle (Alaska-Seelachs) paniert, tiefgefroren, gebraten ohne Fett (Pfanne)","Fishcake (Alaska pollock) breaded, deep-frozen, fried without fat (pan)",129,65.9,9.8,1.73,17.9,1.2,0,432,13,0.4,0.2,34
F505902,"Feige gezuckert, Konserve, abgetropft","Fig sugared, canned, drained",68,79.8,0.996,0.399,14.3,1.386,0,2,46,14.3,0.071,0
X322163,Pilzsauce von heller/weißer Grundsauce,Mushroom sauce from white basic sauce,72,87,1.7,5.2,3.77,1.6,0.012,224,13,1.36,3,12
D720300,Sahne-Eclairs (Brandmasse),Cream éclairs (choux pastry),293,53,6.44,21.31,18.39,0.96,0.5,70,54,4.986,11.2,142
E605332,"Schupfnudeln eifrei, gekocht","Finger-shaped pasta egg-free, boiled",154,58.7,4.36,0.46,32.01,2.25,0,594,13,0.478,0.1,0
F3A4902,"Heidelbeere mit Süßungsmitteln, Konserve, abgetropft","Blueberry with artificial sweeteners, canned, drained",20,96,0.3,0.318,2.61,2.1,0,8,10,2.61,0.0295,0
W222182,"Bratwurst mittelgrob, gebraten ohne Fett (Pfanne)","Bratwurst medium-coarsely minced, fried without fat (pan)",349,48.32,18.62,30.4,0.1,0.06,0.3,870.8,19,0.0,7.71,79.96
K392282,"Kartoffel-Speck-Rösti tiefgefroren, gebraten ohne Fett (Pfanne)","Potato rösti with bacon, deep-frozen, fried without fat (pan)",292,37.9,6.28,13.97,34.0,2.2,0,675,16,1.6,2.2,10.6
W850500,Wurstsülze,Jellied sausage,170,72.6,11.3,13.7,0.12,0.02,0.05,700,8,0.09,4.82,44.56
Y321323,"Schweinekotelett gedünstet, mit Grundsauce dunkel/braun","Pork chop stewed, with brown basic sauce",218,62,18.43,14.8,2.4,0.5,0.1,208,14,0.4,3.4,48.32
S201400,"Speiseeis (Frucht, Schokolade) gemischt, in Waffeltüte","Ice cream mixed (chocolate, fruit) in waffle cone",198,58.4,2.51,6.53,31.0,1.6,0,21,42,25.6,2.84,17
U050162,"Rind/Schwein, Hackfleisch gemischt, gebraten ohne Fett (Ofen)","Beef/pork, mince mixed, fried without fat (oven)",338,45.45,27.5,25.28,0.0,0,0.7,77,30.1,0.0,10.483,90
X336443,Senfsauce von dunkler/brauner Grundsauce,Mustard sauce from brown basic sauce,75,85,1.32,5.1,5.52,0.7,0,318,10,0.64,0.4,0.087
Y2A3000,"Kalbsroulade geschmort, mit Rotweinsauce von dunkler/brauner Grundsauce","Veal olive braised, with red wine sauce from brown basic sauce",142,71,15.55,7.2,3.43,0.3,1,292,16,0.47,1.8,59
X328563,Muschelsauce von heller/weißer Grundsauce,Mussel sauce from white basic sauce,65,86,5.79,3.7,2.1,0.2,3,380,20,0.5,2,69
F515902,"Litschi gezuckert, Konserve, abgetropft","Lychee sugared, canned, drained",68,83.2,0.65,0.239,15.3,1.097,0,2,10.6,15.1,0,0
E607182,"Grießklößchen getrocknet, gekocht, gebraten ohne Fett (Pfanne)","Semolina dumplings dried, boiled, fried without fat (pan)",141,70.53,7.25,5.76,14.6,0.87,0.2,88,93,2.99,2.98,73
Y371013,"Schweineherz gespickt, gedünstet, mit Sahnesauce von dunkler/brauner Grundsauce","Larded pork heart stewed, with cream sauce from brown basic sauce",187,66,14.9,12.6,3.1,0.6,0.23,393,17,0.8,3.5,64.9
X566412,"Sellerie gekocht, mit Sahne","Celeriac boiled, with cream",31,91.1,1.43,0.8,2.5,3.5,0,180,40,2.0,0.3,2
Y946162,Schaschlik mit Pommes frites und Tomatenketchup,Shashlik with potato chips and tomato ketchup,175,65.3,12.29,8.47,11.49,1.5,0.04,300,14,4.02,1.71,27.6
K750282,"Mischpilze tiefgefroren, gebraten ohne Fett (Pfanne)","Mixed mushrooms deep-frozen, fried without fat (pan)",70,77.1,7.2,0.7,4.44,10.46,0,10,21,2.0,0.083,0
Y856453,Weingelee mit Ananas,Wine jelly with pineapple,79,80.8,1.2,0,15.75,0.42,0,4,10,15.75,0.006,0
Y352112,Schweinebraten mit Grundsauce dunkel/braun,Pork roast with brown basic sauce,185,66,17.2,11.7,2.2,0.8,0.09,218,15,0.9,3.6,49.89
Y379032,"Schweinezunge gekocht, mit Weißweinsauce von heller/weißer Grundsauce","Pork tongue boiled, with white wine sauce from white basic sauce",134,77,11.07,8.9,1.59,0.09,0.25,165,7,0.3,3.5,75
G331902,"Kohlrabi Konserve, abgetropft","Kohlrabi canned, drained",18,94.1,1.34,0.111,2.27,1.1,0,219,45,2.16,0.0186,0
G093232,"Suppengrün/Suppenkraut, tiefgefroren, gekocht","Mirepoix deep-frozen, boiled",31,90,2.019,0.314,3.2,3.3,0,42,54,3.1,0.058,0
W391200,Wildbretpastete mit Hirschfleisch,Game pate with venison meat,126,74.7,16.19,6.73,0.08,0.05,0.27,700,6.6,0.0,2.46,57
E608082,"Böhmische Knödel gekocht, gebraten ohne Fett (Pfanne)","Bohemian dumplings boiled, fried without fat (pan)",240,48.5,8.69,8.76,30.53,2,0.4,369,59,2.22,4.67,101
Y943032,Currywurst mit Curryketchup,Curried bratwurst with curry ketchup,202,65.4,8.77,14.66,8.16,0.71,0.23,820.1,11.1,8.0,4.89,40.53
D300400,Nuss-Sahnetorte (Biskuit),Nut cream torte (sponge cake),335,47.4,6.4,26.1,18.0,1.2,0.3,41,71,13.7,10.37,92
X461713,"Linsen-Eintopf mit Suppengemüse, Kartoffeln und Wiener Würstchen","Lentil stew with vegetables, potatoes and Vienna sausages",149,66,7.81,6,13.4,4.6,0,314,24,1.4,1.7,11.06
X462313,Linsen-Eintopf mit Speck,Lentil stew with bacon,147,64,8.52,4.8,14.4,5.6,0.03,400,28,1.7,1.2,5.95
K392262,"Kartoffel-Speck-Rösti tiefgefroren, gebacken","Potato rösti with bacon, deep-frozen, baked",323,32.3,6.93,16.25,36.0,2.4,0,770,17,1.7,2.5,11.22
W874600,Debreziner Würstchen Konserve,Debreziner sausage canned,192,68,15.25,14.6,0.0,0.02,0.29,800,9,0.0,5.68,62
W256232,"Fleischkäse grob, gekocht","Fleischkaese sausage coarsely minced, boiled",172,69.2,16.94,11.53,0.09,0.06,0.19,500,4,0.0,4.19,60.95
Y695112,Fischstäbchen (mit Alaska-Seelachs) gebraten,Fish fingers (with Alaska pollock) fried,255,53.73,13.121,15.409,15.57,0.867,1.07,271,15,1.04,1.73,39
K750902,"Mischpilze Konserve, abgetropft","Mixed mushrooms canned, drained",42,85.2,4.3,0.3,2.45,7.05,0,288,19,1.1,0.052,0
X465253,Weiße-Bohnen-Suppe mit Speck,Haricot bean soup with bacon,76,84,4.01,3,6.7,2.7,0.02,300,22,1.0,0.8,4.25
Y695623,"Hamburger Pannfisch, mit Rotbarsch",Hamburg fried fish (fried redfish with fried potatoes and mustard sauce),181,64.5,8.4,11.59,9.79,1.8,1.3,300,25,1.05,2.65,24.8
X652912,Kartoffelkroketten,Potato croquettes,246,49.4,5.95,12.08,26.88,2.79,0.2,116,18,0.95,1.24,60
X449613,"Kartoffelsuppe mit Gemüsebrühe, gebunden","Potato soup with vegetable stock, thickened",62,86,1.11,1.8,10.0,0.7,0,182,8,1.0,0.1,0.032
Y744123,"Eierfrikassee mit Blumenkohl und Spargel in Grundsauce hell/weiß, dazu Risotto","Egg fricassee with cauliflower and asparagus in white basic sauce, with risotto",89,83,4.96,4.4,7.2,0.9,0.5,183,24,1.22,1.5,97
U010232,"Rind Hackfleisch, tiefgefroren, gekocht","Beef mince, deep-frozen, boiled",299,49.58,28.653,20.488,0.0,0,0.74,53,34.1,0.0,9.244,102
R9A4000,"Mokkabuttercreme gestreckt, für Gebäck/Torten","Mocha butter cream, egg-free, light, for pastry/tortes",304,55,2.7,25.7,15.1,0.4,0.056,42,75,11.74,16.4,69
F3B2902,"Himbeere ungesüßt, Konserve, abgetropft","Raspberry unsweetened, canned, drained",14,95.3,0.5,0.151,1.3,2,0,1.7,11,1.3,0.0051,0
W222782,Rindsbratwurst gebraten ohne Fett (Pfanne),Beef-Bratwurst fried without fat (pan),214,67.6,11.228,18.78,0.0,0,0.19,723,16,0.0,8.112,48
G530902,"Okra Konserve, abgetropft","Okra canned, drained",13,95,1.2,0.1,0.6,2.3,0,213,67,0.6,0,0
T932282,"Seelachs im Backteig, tiefgefroren, gebraten ohne Fett (Pfanne)","Saithe/pollack, in frying batter, deep-frozen, fried without fat (pan)",277,46.3,15.85,13.54,22.09,1.59,0,405,21,0.71,1.37,40
G920902,"Gemüsemischung Leipziger Allerlei, Konserve, abgetropft","Mixed vegetables ""Leipziger Allerlei"", canned, drained",44,87.7,2.639,0.385,5.75,3.482,0,218,23,2.05,0.073,0
H730902,"Linse reif, Konserve, abgetropft","Lentil mature, canned, drained",119,68.9,9.036,0.7,15.4,7.433,0,249.1,20,0.5,0.1,0
U012282,"Rind Hackfleisch, tiefgefroren, gebraten ohne Fett (Pfanne)","Beef mince, deep-frozen, fried without fat (pan)",303,49.916,26.577,21.853,0.0,0,0.6,59,33.4,0.0,9.86,88
Y860453,"Karamellflammeri/Karamellpudding, mit Vanillesauce",Caramel pudding with vanilla sauce,141,69.1,3.9,4.57,21.05,0.051,0,45,113,15.48,2.38,65
G567702,"Tomate getrocknet, in Öl, Konserve, abgetropft","Tomato dried, in oil, canned, drained",293,34.4,6.487,16.316,23.33,9.4,0,1322,63,23.33,1.23,0.822
G090252,"Gemüsemischung Kaisergemüse, tiefgefroren, gedünstet","Mixed vegetables (carrots, cauliflower and broccoli florets) deep-frozen, stewed",39,88.4,2.537,0.469,4.8,3.2,0,20,30,3.42,0.093,0
G994242,"Gemüsemischung asiatische Art, tiefgefroren, geschmort ohne Fett","Mixed vegetables Asian style, deep-frozen, braised without fat",31,90,2.2,0.3,3.8,2,0,7,22,3.8,0.044,0
G992232,"Gemüsemischung Erbsen-Karotten, tiefgefroren, gekocht","Mixed vegetables peas and carrots, deep-frozen, boiled",60,86.5,3.3,0.426,8.631,4,0,10,22,3.528,0.094,0
X532142,"Broccoli gedünstet, mit gerösteten Semmelbröseln","Broccoli stewed, with roasted breadcrumbs",100,78.4,4.06,6.31,5.1,3.2,0,105,44,1.58,0.55,0.127
Y271133,"Kalbsherz gefüllt, gedünstet, mit Sahnesauce von dunkler/brauner Grundsauce","Veal heart filled, stewed, with cream sauce from brown basic sauce",177,66,13.4,11.1,5.5,0.7,0.1,418,29,0.9,3.1,111
S221000,"Speiseeis (Frucht, Karamell, Vanille) gemischt","Ice cream mixed (caramel, fruit, vanilla)",170,64.8,2.3,6.36,25.2,0.3,0,27,58,23.0,3.85,49
Y862763,"Grießflammeri/Grießpudding, mit Ei und Mandeln",Semolina pudding with egg and almonds,136,71.9,5.8,6.31,13.53,0.8,0,54,100,7.9,2.2,49
T105702,"Sardine in Öl, Konserve, abgetropft","Sardine in oil, canned, drained",222,55.6,24.1,13.9,0.0,0,1.86,366,50,0.0,2.4,140
T780702,"Europäische Auster in Öl, Konserve, abgetropft","European oyster in oil, canned, drained",87,80.5,8.865,5.02,1.508,0,5,282,97,0.0,0.7,170
W256162,Leberkäse gebraten ohne Fett (Ofen),Leberkaese sausage fried without fat (oven),293,57.11,13.626,26.421,0.2,0.07,0.45,599,5,0.0,8.9,73
X635253,"Kartoffel-Karottenpüree mit Milch 3,5 % Fett",Puree of potatoes and carrots with milk 3.5 % fat,82,82.2,2.15,2.62,11.7,1.2,0.004,105,39,2.5,1.633,8
N277000,Mehrfruchtsaftschorle angereichert mit Vitaminen (Multivitaminsaftschorle),Multi-fruit juice spritzer fortified with vitamins (multivitamin juice spritzer),22,94,0.2,0,5.3,0.2,0,2.4,11,5.0,0.007,0
F517902,"Papaya gezuckert, Konserve, abgetropft","Papaya sugared, canned, drained",58,84.7,0.5,0.079,13.2,1.4,0,8,20,13.2,0.024,0
T930862,"Fischfrikadelle (Alaska-Seelachs) paniert, tiefgefroren, gebraten ohne Fett (Ofen)","Fishcake (Alaska pollock) breaded, deep-frozen, fried without fat (oven)",142,62.6,10.9,1.93,19.5,1.4,0,481,15,0.44,0.2,38
F130902,"Birne gezuckert, Konserve, abgetropft","Pear sugared, canned, drained",84,77.2,0.475,0.176,19.48,2.6,0,9,13,17.839,0.0405,0
U050132,"Rind/Schwein, Hackfleisch gemischt, gekocht","Beef/pork, mince mixed, boiled",349,43.29,29.11,25.88,0.0,0,0.75,78,27.7,0.0,10.73,97
F313902,"Weintraube weiß, ungesüßt, Konserve, abgetropft","Grape white, unsweetened, canned, drained",22,94.8,0.384,0.114,4.53,0.294,0,2,10.7,4.53,0.025,0
T934262,"Alaska-Seelachs paniert, tiefgefroren, gebraten ohne Fett (Ofen)","Alaska pollock breaded, deep-frozen, fried without fat (oven)",163,61.6,11.4,5.54,16.21,1.13,0,442,16,0.92,0.6,41
G488802,"Silberzwiebel gesäuert, abgetropft","Silverskin onion pickled, drained",45,86.3,0.974,0.124,8.51,1.2,0,479,28,8.51,0.018,0
G730902,"Dicke Bohne unreif, Konserve, abgetropft","Broad bean immature, canned, drained",51,85,4.4,0.6,4.3,5.2,0,219,22,0.9,0.115,0
Y373323,"Schweineleberschnitten gedünstet, mit Sahnesauce von dunkler/brauner Grundsauce","Pork liver slices stewed, with cream sauce from brown basic sauce",180,66,15.32,11.5,3.2,0.6,0.24,170,16,0.8,2.1,123.9
Y864053,"Grießflammeri/Grießpudding, mit Ei und Kirschsauce",Semolina pudding with egg and cherry sauce,116,74.7,4.4,3.9,15.47,0.4,0,48,87,10.3,1.8,43
K391282,"Kartoffelrösti tiefgefroren, gebraten ohne Fett (Pfanne)","Potato rösti (fried grated potatoes) deep-frozen, fried without fat (pan)",276,37.5,3.261,10.815,40.2,2.6,0,523,19,2.7,0.83,0.24
X702142,Vollkorn-Eier-Frischteigwaren mit Mandelpesto,Fresh wholemeal egg pasta with almond pesto,205,61,8.64,11.92,14.0,3.7,0.3,165,97,0.6,2.15,46
Y563112,Cordon bleu vom Hähnchen gebraten,Chicken cordon bleu fried,215,57.8,20.7,10.8,8.11,0.68,0.3,264,143,0.81,3.28,87
Y839312,Bananenkompott mit Süßstoff,Banana compote with artificial sweetener,68,79,1.139,0.4,13.47,1.7,0,8,7,11.78,0.067,0
K750262,"Mischpilze tiefgefroren, gebacken","Mixed mushrooms deep-frozen, baked",60,80.8,6.1,0.6,3.76,8.86,0,8,18,1.69,0.068,0
C492082,"Mehrkornschrot gekocht, gebraten ohne Fett (Pfanne)","Grain mix coarse meal, boiled, fried without fat (pan)",65,81.9,2.19,0.6,11.3,2.6,0,1,7.9,0.254,0.11,0
Y392023,"Schweineschulter gekocht, mit Kräutersauce von heller/weißer Grundsauce","Pork shoulder boiled, with herb sauce from white basic sauce",128,76,14.12,7.1,1.86,0.1,0.009,381,9,0.47,3.2,56
T934282,"Alaska-Seelachs paniert, tiefgefroren, gebraten ohne Fett (Pfanne)","Alaska pollock breaded, deep-frozen, fried without fat (pan)",179,58,12.6,6.09,17.8,1.24,0,485,17,1.02,0.7,45
F3B5902,"Stachelbeere ungesüßt, Konserve, abgetropft","Gooseberry unsweetened, canned, drained",24,94,0.658,0.118,3.937,1.987,0,2,26,2.892,0.0107,0
D780500,Marzipan-Plunder,Danish pastry with marzipan,520,6,8.24,32.1,48.0,3.24,0.1,239,41,23.588,12.26,28
X262712,Karottensalat (roh) mit Zitronenmarinade,Carrot salad (raw) with lemon marinade,130,79.2,0.68,11.2,5.05,2.2,0,90,17.4,4.97,0.88,0.224
X462063,Gemüsesuppe mit Kartoffeln und Rindfleisch,Vegetable soup with potatoes and beef,42,90,3.5,1.8,2.5,0.8,0.042,217,12,1.6,0.5,7.5
F401902,"Preiselbeere gezuckert, Konserve, abgetropft","Lingonberry sugared, canned, drained",164,59,0.733,0.448,38.326,1.313,0,2,16,38.292,0.055,0
Y880453,Quarkauflauf mit Fruchtsauce,Quark casserole with fruit sauce,124,74.5,3.5,4.6,16.6,0.6,0,30,48,13.1,2.3,50
F3A3902,"Brombeere ungesüßt, Konserve, abgetropft","Blackberry unsweetened, canned, drained",16,96.1,0.66,0.1,2.7,1.4,0,2,13,1.4,0,0
S535000,Milchschokolade gefüllt mit Nugat/Nougat/Noisette,Milk chocolate filled with nougat,527,1,7.2,30.9,53.5,3.16,0.01,56,128,52.4,13.2,5.6
Y021113,"Pfälzer Bratwurst gebraten, in Grundsauce dunkel/braun","""Palatine"" bratwurst fried, in brown basic sauce",194,70,8.85,16.8,1.87,0.17,0.2,632,6,0.00667,5.2,41
G760902,"Erbse grün, Konserve, abgetropft","Pea green, canned, drained",61,82.7,4.985,0.485,6.628,5.19,0,115,21,4.343,0.088,0
Y610712,Backfisch-Brötchen mit Kabeljau,Baked fish roll with cod,228,55.2,12.1,11.6,17.7,1.3,0,281,31,1.1,1.2,60
F6B6902,"Mandarine mit Süßungsmitteln, Konserve, abgetropft","Mandarin with artificial sweeteners, canned, drained",28,93,0.858,0.269,4.609,0.86,0,11,27,4.609,0.039,0
X465953,Weiße-Bohnen-Suppe mit Karotten,Haricot bean soup with carrots,59,86,2.78,1.1,7.9,2.8,0,149,22,1.4,0.1,0.016
Y613312,"Makrele gedünstet, pikante Art","Mackerel stewed, savory style",205,62,18.2,14.1,0.9,0.5,7,156,24,0.9,5.55,95
Y854312,Rote Grütze mit Süßstoff,Red fruit jelly with artificial sweetener,63,82,1.1,0.3,11.5,3,0,6,25,7.1,0.035,0
H720902,"Kichererbse reif, Konserve, abgetropft","Chickpea mature, canned, drained",136,64.6,7.5,2.7,15.5,9.8,0,225,46,1.2,0.363,0
Y946062,Schaschlik mit Brötchen und Tomatenketchup,Shashlik with roll and tomato ketchup,172,64.1,15.2,7.3,10.68,1.4,0.04,400,18,3.9,1.91,33.5
Y8A7010,"Pfannkuchen/Eierkuchen, mit Milch 3,5 % Fett und Rosinen, gebraten","Pancakes with milk 3.5 % fat and raisins, fried",268,44.6,7.8,11,33.4,1.9,1,79,78,13.4,5.6,136
D7A7500,Quark-Plunder,Danish pastry with quark,398,25,9.63,20.24,43.0,2.07,0.2,312,68,11.6,10.46,28
Y672413,"Hecht gedünstet, mit Weißweinsauce von heller/weißer Grundsauce und saurer Sahne","Pike stewed, with white wine sauce from white basic sauce and sour cream",110,79,11.3,6.1,1.9,0.5,2.5,180,40,0.9,1.1,39
F341902,"Erdbeere mit Süßungsmitteln, Konserve, abgetropft","Strawberry with artificial sweeteners, canned, drained",17,96,0.551,0.28,2.116,1.3,0,9,14,2.095,0.022,0
G890902,"Cornichons gesäuert, abgetropft","Cornichons pickled, canned, drained",33,91,0.925,0.175,5.58,0.8,0,476,22,5.58,0.057,0
F640902,"Mandarine ungesüßt, Konserve, abgetropft","Mandarin unsweetened, canned, drained",28,93.4,0.858,0.269,4.609,0.86,0,3.2,27,4.609,0.039,0
F3A5902,"Stachelbeere mit Süßungsmitteln, Konserve, abgetropft","Gooseberry with artificial sweeteners, canned, drained",24,94,0.658,0.118,3.937,1.987,0,8,26,2.892,0.0107,0
G650902,"Schwarzwurzel Konserve, abgetropft","Black salsify canned, drained",38,86,1.062,0.327,4.6,4,0,212,39,1.43,0.038,0
Y8A5050,Sahneflammeri/Sahnepudding (als Dessert) mit Kirschsauce,Cream pudding (as dessert) with cherry sauce,212,62.5,3.2,13.1,20.04,0.2,0,46,90,13.69,6.79,80
X3A7070,"Mayonnaise, gestreckt mit süßer Sahne","Mayonnaise, diluted with whipping cream",514,39.2,2.2,55.2,1.92,0,0,268,52,1.92,11.64,118
G620802,"Karotte/Möhre, gesäuert, abgetropft","Carrot pickled, drained",50,84.5,0.463,0.463,8.655,2.361,0,535,33,8.578,0.0861,0
T710902,"Edelkrebs/Flusskrebs, Konserve, abgetropft","Crayfish canned, drained",78,78.4,18,0.638,0.0,0,0,356,45,0.0,0.0914,215
F092902,"Fruchtmischung/Fruchtcocktail, mit Süßungsmitteln, Konserve, abgetropft","Fruit mix/fruit cocktail, with artificial sweeteners, canned, drained",34,91,0.5,0.3,6.4,2.2,0,9,12,5.2,0.036,0
U471242,"Kalb Haxe, tiefgefroren, geschmort ohne Fett","Veal shank, deep-frozen, braised without fat",140,69.815,24.189,4.811,0.0,0,0.45,92,16,0.0,2.041,84
H742902,"Kidneybohne reif, Konserve, abgetropft","Kidney bean mature, canned, drained",128,64.5,8.5,1,15.1,11.23,0,249.1,41,0.9,0.051,0
D300200,Sachertorte (Rührmasse),Sacher torte (cake batter),352,32,5.9,17.6,41.0,2.7,0.5,64,29,33.6,10.12,106
T830802,"Bratmakrele Konserve, abgetropft","Fried mackerel canned, drained",144,68.4,13.8,6.68,5.91,0.31,6,514,15,3.349,1.17,70
F22B902,"Mirabelle mit Süßungsmitteln, Konserve, abgetropft","Mirabelle plum with artificial sweeteners, canned, drained",35,92,0.594,0.17,7.266,1.1,0,8,13,6.136,0.023,0
K271000,Gnocchi tiefgefroren,Gnocchi deep-frozen,160,56.77,4.084,0.642,33.58,1.937,0,274,20.7,0.429,0.04,0
X870213,"Reisauflauf gesüßt, mit Apfel","Rice casserole sweetened, with apple",144,67.3,4.19,4.16,21.9,1.2,0,43,88,7.5,2.61,14
T104702,"Sardelle in Öl, Konserve, abgetropft","Anchovy in oil, canned, drained",170,65.6,16.896,11.4,0.0,0,15,4951,88,0.0,2.3,129
K718902,"Steinpilz Konserve, abgetropft","Porcini mushroom canned, drained",57,82,6.442,0.471,3.69,8.328,0,289,10,0.598,0.082,0
G992282,"Gemüsemischung Erbsen-Karotten, tiefgefroren, gebraten ohne Fett (Pfanne)","Mixed vegetables peas and carrots, deep-frozen, fried without fat (pan)",93,76.9,5.1,0.657,13.312,6,0,16,33,5.442,0.143,0
G710802,"Bohne grün, gesäuert, abgetropft","Bean green, pickled, drained",47,85.6,1.787,0.255,7.01,3.209,0,476,55,6.254,0.058,0
Y8D7010,Tiramisu (ohne Ei) mit Likör und Früchten,Tiramisu (without egg) with liqueur and fruit,209,60,3.7,11.3,21.0,2,0.2,53,42,15.0,7.06,64
G710902,"Bohne grün, Konserve, abgetropft","Bean green, canned, drained",21,90.267,1.662,0.138,2.1,2.72,0,268,47,1.292,0.049,0
F081902,"Rhabarber gezuckert, Konserve, abgetropft","Rhubarb sugared, canned, drained",74,80.4,0.314,0.072,16.793,1.803,0,2,46,16.687,0.015,0
D7A6300,"Berliner/Pfannkuchen/Krapfen (Hefeteig) frittiert, gefüllt mit Nuss-Nougat-Creme","""Berliner"" doughnut (yeast dough) deep-fried, filled with nut nougat cream",392,25.1,7.6,20.1,43.7,3,0,164,51,14.91,8.8,77
F340902,"Erdbeere ungesüßt, Konserve, abgetropft","Strawberry unsweetened, canned, drained",12,96.9,0.394,0.2,1.511,0.9,0,2,13,1.495,0.0157,0
F516902,"Mango gezuckert, Konserve, abgetropft","Mango sugared, canned, drained",65,84,0.5,0.395,14.0,1.3,0,5,24,12.8,0.09,0
Y567133,"Hühnerherzen geschmort, in Weißweinsauce von heller/weißer Grundsauce","Chicken hearts braised, in white wine sauce from white basic sauce",131,79,7.6,9.8,2.21,0.3,0.38,242,10,1.2,2.8,93
G090232,"Gemüsemischung Kaisergemüse, tiefgefroren, gekocht","Mixed vegetables (carrots, cauliflower and broccoli florets) deep-frozen, boiled",30,91.3,1.96,0.363,3.8,2.6,0,14,24,2.65,0.072,0
D314400,Buttercremetorte (Schokobiskuit) mit Canacheüberzug,Butter cream torte (chocolate sponge cake) with chocolate icing,314,41.9,6.1,17.79,31.5,1.82,0.4,53,59,23.7,10.04,122
Y623523,Seelachs-Risotto,Saithe risotto,145,68,9.16,4.3,17.0,0.7,0.02,190,50,0.8,1.1,21
U471272,"Kalb Haxe, tiefgefroren, gegrillt","Veal shank, deep-frozen, grilled",140,70.307,23.16,5.299,0.0,0,0.4,122,14,0.0,2.247,79
X491443,"Apfelkaltschale/Apfelsuppe, mit Korinthen",Cold apple soup with currants,56,84.8,0.3,0.3,12.1,1.2,0,2,6,11.5,0.1,0
Y8A5012,"Vanillepudding, Flammeri, zubereitet aus Pulver und Milch 1,5 % Fett, mit Früchten","Vanilla pudding made from powder with milk 1.5 % fat, with fruit",90,77,2.28,1,17.3,0.8,0,38,73,13.5,0.63,4
X761033,"Eier-Frischteigwaren Ravioli, vegetarisch gefüllt, mit gekochtem Gemüse in Grundsauce hell/weiß","Fresh egg pasta Ravioli vegetarian filled, with boiled vegetables in white basic sauce",92,80,4.6,3.3,10.2,1.5,0.001,175,67,1.63,1.4,44
E438062,"Eier-Frischteigwaren gekocht, gebacken","Fresh egg pasta boiled, baked",196,53.8,8.25,2.6,33.69,2.43,0.2,138,17,0.278,0.52,60
S244300,"Speiseeis (Frucht, Schoko) gemischt","Ice cream mixed (chocolate, fruit )",181,61.5,1.96,5.31,29.9,1.5,0,19,46,27.0,2.22,11.2
U067162,"Kalbskäsebrät mit Schweinefleisch, gebraten ohne Fett (Ofen)","Leberkase sausage meat from veal with pork, fried without fat (oven)",288,57.1,14.4,25.5,0.11,0.06,0.45,917,9,0.0,9.2,71
K311292,"Kartoffeltaschen mit Frischkäsefüllung tiefgefroren, frittiert","Potato pockets with cream cheese filling, deep-frozen, deep-fried",366,34,3.93,24.68,31.0,1.9,0.06,676,38,2.6,5.48,19.6
H702902,"Augenbohne reif, Konserve, abgetropft","Cowpea/black-eyed pea, mature, canned, drained",114,67.1,8.5,0.47,16.074,4.1,0,252,39,0.713,0.115,0
E438082,"Eier-Frischteigwaren gekocht, gebraten ohne Fett (Pfanne)","Fresh egg pasta boiled, fried without fat (pan)",176,58.7,7.41,2.34,30.25,2.18,0.2,123,15,0.249,0.47,54
U045172,"Schwein/Rind, Hackfleisch gemischt, gegrillt","Pork/beef, mince mixed, grilled",351,45.13,26.07,27.37,0.0,0,0.57,72,19.4,0.0,10.35,84
U063172,"Rind/Schwein, Hacksteak, gegrillt","Beef/pork, minced steak, grilled",292,50.7,21.98,21.94,1.37,0.3,0.6,900,25,1.37,8.355,88
T936182,"Garnele paniert, tiefgefroren, gebraten ohne Fett (Pfanne)","Common shrimp breaded, deep-frozen, fried without fat (pan)",360,31.9,16.38,20.05,27.56,1.94,0,570,71,1.48,2.7,89.4
W224032,Münchner Weißwurst gargezogen,Bavarian white sausage poached,258,62.57,10.905,23.789,0.07,0.08,0.36,688,14.8,0.0,5.5,47
G993132,"Gemüsemischung mexikanische Art, gekocht","Mixed vegetables Mexican style, boiled",58,84,3.3,0.5,7.7,4.5,0,2,25,3.4,0.059,0
X338653,Haschee mit Rinderhackfleisch von dunkler/brauner Grundsauce,Beef mince sauce from brown basic sauce,144,74,8.2,9.9,5.0,0.8,0.18,185,19,1.9,3.4,25
K260292,"Kartoffelpuffer tiefgefroren, frittiert","Potato pancakes deep-frozen, deep-fried",214,45,5,4.03,37.97,2.9,0,460,18,1.7,0.41,13
G993142,"Gemüsemischung mexikanische Art, geschmort ohne Fett","Mixed vegetables Mexican style, braised without fat",70,81,3.9,0.6,9.3,5.2,0,2,28,4.2,0.07,0
Y844253,Rharbarbergrütze mit Vanillesauce,Rhubarb compote with vanilla sauce,102,74.9,1.7,1.67,18.84,1.3,0,14,76,14.04,0.85,23
X930452,Speckpfannkuchen gebraten,Bacon pancakes fried,275,48,10.21,14.61,24.8,1.67,0.3,500,68,2.16,3.45,72
F22C902,"Mirabelle ungesüßt, Konserve, abgetropft","Mirabelle plum unsweetened, canned, drained",35,91.9,0.594,0.17,7.266,1.1,0,1.1,13,6.136,0.023,0
T930782,"Alaska-Seelachs im Backteig, tiefgefroren, gebraten ohne Fett (Pfanne)","Alaska pollock in frying batter, deep-frozen, fried without fat (pan)",250,49.6,11.2,12.59,22.26,1.6,0,120,13,0.71,1.04,38
W254032,"Jagdwurst/Schinkenwurst grob, gekocht","Jagdwurst sausage/ham bologna coarsely minced, boiled",191,67.47,14.988,14.51,0.08,0.05,0.18,700,13,0.0,5.15,52.07
X612152,Petersilienkartoffeln,Parsley potatoes,76,76.423,2.03,0.104,15.623,2.082,0,4.4,9,0.653,0.034,0
U010242,"Rind Hackfleisch, tiefgefroren, geschmort ohne Fett","Beef mince, deep-frozen, braised without fat",297,49.751,28.056,20.488,0.0,0,0.74,54,36.8,0.0,9.244,95
Y814210,Apfel-Bananen-Birnenmus roh,Apple-banana-pear sauce raw,66,80.6,0.658,0.4,13.8,2,0,1,6,12.0,0.103,0
X562013,"Karotten/Möhren, gekocht, gebraten","Carrots boiled, fried",104,77.6,1.193,5.811,9.401,4.3,0,180,32.1,9.256,0.51,0.109
Y562112,"Hähnchenbrustfilet gebraten, mit gedünstetem Kaisergemüse","Chicken breast fillet fried, with stewed mixed vegetables",98,78,13.94,3.3,2.5,1.4,0.06,135,18,1.76,0.3,38.1
Y536123,Hasenbraten mit Grundsauce dunkel/braun und saurer Sahne,Hare roast with brown basic sauce and sour cream,132,71,19.56,5.2,1.6,0.1,0,200,20,0.3,1.4,62
F133902,"Birne mit Süßungsmitteln, Konserve, abgetropft","Pear with artificial sweeteners, canned, drained",35,90,0.301,0.303,7.01,2.6,0,10,13,5.37,0.0405,0
U010262,"Rind Hackfleisch, tiefgefroren, gebraten ohne Fett (Ofen)","Beef mince, deep-frozen, fried without fat (oven)",281,52.08,26.968,19.282,0.0,0,0.61,60,33.9,0.0,8.699,90
U047200,"Schwein/Rind, Hackfleisch gemischt, tiefgefroren","Pork/beef, mince mixed, deep-frozen",250,60.88,18.43,19.55,0.0,0,0.42,55,13.6,0.0,7.393,59
X534133,"Grünkohl gedünstet, mit westfälischer Mettwurst","Curly kale stewed, with Westphalian mettwurst sausage",141,74.8,6.56,10.64,2.7,4.2,0.11,300,138,1.45,3.02,14.99
T830102,"Brathering Konserve, abgetropft","Fried herring canned, drained",222,62,16.8,14,5.91,0.31,11,585,36,3.349,1.63,86.6
W231882,"Kalbfleischkäse mit Schweinefleisch, gebraten ohne Fett (Pfanne)","Veal fleischkaese sausage with pork, fried without fat (pan)",348,50.9,13.81,32.46,0.12,0.07,0.56,793,9,0.0,12.64,69
G993182,"Gemüsemischung mexikanische Art, gebraten ohne Fett (Pfanne)","Mixed vegetables Mexican style, fried without fat (pan)",87,76,4.9,0.7,11.6,6.6,0,3,36,5.3,0.089,0
Y860963,Mandelcreme (Bayerische Creme mit Mandelkrokant),Almond cream (Bavarian cream with almond brittle),290,52.8,7,22.3,14.6,1.1,1,47,95,14.57,9.18,149
F22A902,"Pflaume ungesüßt, Konserve, abgetropft","Plum unsweetened, canned, drained",22,94.1,0.24,0.141,4.52,1.1,0,1.5,10,3.42,0.018,0
G440902,"Palmenherz Konserve, abgetropft","Palm heart, canned, drained",23,79.3,2.2,0.1,2.74,1.3,0,216,18,2.62,0.033,0
X7A1010,"Teigwaren eifrei, gebraten mit Ei, Paprika und Hähnchenfleisch","Pasta egg-free, fried with egg, sweet pepper and chicken",148,66.5,11.8,4.43,14.59,1.39,0.3,86,20,2.49,0.71,93
X2A2030,Gemischter Salat mit Saure-Sahne-Dressing,Mixed salad with sour cream dressing,44,90,1.9,2.2,3.3,1.3,0,190,50,3.0,1,7
Y631413,"Scholle gedünstet, mit Weißweinsauce von heller/weißer Grundsauce","Plaice stewed, with white wine sauce from white basic sauce",82,83,10.4,3.5,1.55,0.1,3,215,20,0.55,1.1,41
Y231632,Cordon bleu vom Kalb gebraten,Veal cordon bleu fried,207,58.5,19.2,10.8,7.63,0.64,0.4,321,139,0.74,3.09,80
W256282,"Fleischkäse grob, gebraten ohne Fett (Pfanne)","Fleischkaese sausage coarsely minced, fried without fat (pan)",218,61.1,20.22,15.19,0.11,0.07,0.24,800,5.3,0.0,5.51,69.76
T930762,"Alaska-Seelachs im Backteig, tiefgefroren, gebraten ohne Fett (Ofen)","Alaska pollock in frying batter, deep-frozen, fried without fat (oven)",228,53.9,10.2,11.47,20.29,1.46,0,109,12,0.66,0.95,34
F303902,"Brombeere gezuckert, Konserve, abgetropft","Blackberry sugared, canned, drained",68,83.1,0.66,0.1,15.7,1.4,0,2,11,14.4,0,0
C492062,"Mehrkornschrot gekocht, gebacken","Grain mix coarse meal, boiled, baked",56,84.1,1.9,0.52,9.8,2.2,0,1,6.9,0.22,0.1,0
T417902,"Wildlachs Konserve, abgetropft","Pacific salmon canned, drained",145,74.8,15.515,9.22,0.0,0,3.5,287,14,0.0,1.976,65
Y580013,"Pute gebraten im Ofen, mit Sahnesauce von dunkler/brauner Grundsauce","Turkey fried in oven, with cream sauce from brown basic sauce",223,61,19.65,15.3,1.56,0.12,0.3,377,17,0.086,4.6,71
G992262,"Gemüsemischung Erbsen-Karotten, tiefgefroren, gebacken","Mixed vegetables peas and carrots, deep-frozen, baked",73,82.5,4,0.518,10.493,4.7,0,13,26,4.289,0.113,0
G561802,"Tomate gesäuert, abgetropft","Tomato pickled, drained",40,88.2,0.846,0.098,6.71,1.2,0,451,14,6.71,0.0193,0
Y849512,Fruchtkompott mit Süßstoff,Fruit compote with artificial sweetener,52,87,0.644,0.3,10.5,1.2,0,4,13,9.55,0.075,0
Y271013,"Kalbsherz gespickt, gedünstet, mit Sahnesauce von dunkler/brauner Grundsauce","Larded veal heart stewed, with cream sauce from brown basic sauce",171,68,13.4,11.6,2.9,0.6,0.02,369,25,0.7,3.2,105
E606082,"Semmelknödel gekocht, gebraten ohne Fett (Pfanne)","White bread dumplings boiled, fried without fat (pan)",188,55.9,8.48,4.88,26.54,1.8,0.4,430,73,2.94,2.17,84
F093902,"Fruchtmischung/Fruchtcocktail, ungesüßt, Konserve, abgetropft","Fruit mix/fruit cocktail, unsweetened, canned, drained",34,90.4,0.5,0.3,6.4,2.2,0,1,12,5.2,0.036,0
G620902,"Karotte/Möhre, Konserve, abgetropft","Carrot canned, drained",23,92.103,0.803,0.457,2.572,2.31,0,243,39.2,2.503,0.0765,0
T107702,"Makrele in Öl, Konserve, abgetropft","Mackerel in oil, canned, drained",212,63.9,15.1,16.84,0.0,0,4,289,19,0.0,1.62,94
G994232,"Gemüsemischung asiatische Art, tiefgefroren, gekocht","Mixed vegetables Asian style, deep-frozen, boiled",27,92,1.9,0.3,3.1,2,0,5,20,3.1,0.037,0
T121702,"Thunfisch in Öl, Konserve, abgetropft","Tuna in oil, canned, drained",207,58,28.262,10.45,0.0,0,2.73,338,14,0.0,1.8,40.4
W211132,Bockwurst gargezogen,Bockwurst poached,249,62.83,12.576,22.05,0.0,0.06,0.32,800,4.3,0.0,8.07,43
G613802,"Rote Rübe/Rote Bete, gesäuert, abgetropft","Beetroot pickled, drained",70,80,1.6,0.3,13.0,2.7,0,510,29,12.4,0.02,0
G210902,"Spinat Konserve, abgetropft","Spinach canned, drained",17,92.7,2.2,0.4,0.31,1.716,0,236,85,0.261,0.03,0
K260262,"Kartoffelpuffer tiefgefroren, gebacken","Potato pancakes deep-frozen, baked",171,54,5,1.88,32.38,2.5,0,422,16,1.46,0.25,11
G090242,"Gemüsemischung Kaisergemüse, tiefgefroren, geschmort ohne Fett","Mixed vegetables (carrots, cauliflower and broccoli florets) deep-frozen, braised without fat",39,88.5,2.512,0.465,4.8,3.2,0,20,29,3.42,0.093,0
K110902,"Kartoffel geschält, gekocht, Konserve, abgetropft","Potatoe peeled, boiled, canned, drained",65,79.8,1.772,0.089,13.248,1.877,0,242.5,9.4,0.542,0.0297,0
F206902,"Pfirsich in Fruchtsaft, Konserve, abgetropft","Peach in juice, canned, drained",41,88.3,0.8,0.152,8.2,1.4,0,2,11,7.2,0.018,0
K391262,"Kartoffelrösti tiefgefroren, gebacken","Potato rösti (fried grated potatoes) deep-frozen, baked",303,32.5,3.597,12.584,42.5,2.8,0,597,20,2.8,0.95,0.254
T412902,"Buckellachs in Öl, Konserve, abgetropft","Pink salmon in oil, canned, drained",196,67.6,19,13.3,0.0,0,4.9,301,11,0.0,1.17,61
T410702,"Lachs in Öl, Konserve, abgetropft","Salmon in oil, canned, drained",203,65.8,18.905,14.2,0.0,0,2.6,437.4,14,0.0,2.1,77.8
G322902,"Grünkohl Konserve, abgetropft","Curly kale canned, drained",34,90,2.4,1.1,2.0,3.1,0,214,234,0.6,0.083,0
F090902,"Fruchtmischung/Fruchtcocktail, gezuckert, Konserve, abgetropft","Fruit mix/fruit cocktail, sugared, canned, drained",69,81.4,0.5,0.2,15.4,1.9,0,3,12,14.5,0.029,0
F6A6902,"Mandarine in Fruchtsaft, Konserve, abgetropft","Mandarin in juice, canned, drained",48,88.7,1.379,0.442,8.115,1.053,0,3,37,8.115,0.062,0
U013172,"Rind Frikadelle, gegrillt","Beef patty, grilled",246,55,20.12,15.95,5.0,0.7,0.7,708,39,0.8,7.006,87
T792702,"Miesmuschel in Öl, Konserve, abgetropft","Common mussel in oil, canned, drained",150,75.2,8.19,12.8,0.0,0,4,279,22.6,0.0,1.6,139
T933182,"Karpfen im Backteig, gebraten ohne Fett (Pfanne)","Carp in frying batter, fried without fat (pan)",189,58.4,16.9,6.85,14.13,1.04,0,177,59,0.13,1.5,114
U063162,"Rind/Schwein, Hacksteak, gebraten ohne Fett (Ofen)","Beef/pork, minced steak, fried without fat (oven)",272,53,22.08,19.71,1.41,0.3,0.5,900,26,1.41,7.509,90
K702902,"Trüffel Konserve, abgetropft","Black truffle (Perigord black truffle) canned, drained",93,65.4,9.887,0.602,0.6,22.883,0,349,36,0.6,0.106,0
U050200,"Rind/Schwein, Hackfleisch gemischt, tiefgefroren","Beef/pork, mince mixed, deep-frozen",236,61.96,18.8,17.83,0.0,0,0.52,57,20.2,0.0,7.392,60
F301902,"Erdbeere gezuckert, Konserve, abgetropft","Strawberry sugared, canned, drained",63,82.8,0.774,0.231,13.732,0.9,0,9,10,13.716,0.0157,0
T930162,"Fischstäbchen (Alaska-Seelachs) paniert, tiefgefroren, gebraten ohne Fett (Ofen)","Fish fingers (Alaska pollock) breaded, deep-frozen, fried without fat (oven)",206,58.32,13.75,9.33,16.32,0.909,1.12,284,16,1.09,1.34,41
K270032,Gnocchi gekocht,Gnocchi boiled,140,60.96,3.64,0.54,29.13,1.93,0,421.1,16.7,0.373,0.04,0
E603032,Eier-Frischteigwaren Ravioli (Fleischfüllung) gekocht,Fresh egg pasta Ravioli (meat filling) boiled,138,69,5.94,3.33,20.0,1.8,0.1,200,13,0.9,0.84,15
F323902,"Johannisbeere schwarz, gezuckert, Konserve, abgetropft","Black currant sugared, canned, drained",72,80.7,0.698,0.117,15.77,1.6,0,2,31,15.77,0.014,0
G660802,"Knollensellerie gesäuert, abgetropft","Celeriac pickled, drained",40,87.1,1.142,0.242,5.85,3.2,0,511,36,5.449,0.05,0
K270022,Gnocchi gedämpft,Gnocchi steamed,140,61.57,3.731,0.587,29.13,1.769,0,250,18.9,0.373,0.04,0
F224902,"Mirabelle gezuckert, Konserve, abgetropft","Mirabelle plum sugared, canned, drained",68,83.7,0.594,0.17,15.492,1.1,0,1,13,14.362,0.023,0
K724902,"Shiitakepilz Konserve, abgetropft","Shiitake mushroom canned, drained",37,86.8,2.9,0.3,2.69,5.77,0,285.2,5.9,2.69,0,0
U471262,"Kalb Haxe, tiefgefroren, gebraten ohne Fett (Ofen)","Veal shank, deep-frozen, fried without fat (oven)",144,68.857,25.038,4.876,0.0,0,0.4,124,15,0.0,2.069,85
Y8A4080,"Milchreis mit Milch 3,5 % Fett und roter Grütze",Rice pudding with milk 3.5 % fat and red fruit jelly,123,70.6,3.8,2.4,20.7,1.2,0,31,82,7.4,1.433,8.8
U063200,"Rind/Schwein, Hacksteak, tiefgefroren","Beef/pork, minced steak, deep-frozen",201,66.3,15.25,15.54,0.0,0.2,0.4,700,18,0.0,5.919,60
T932262,"Seelachs im Backteig, tiefgefroren, gebraten ohne Fett (Ofen)","Saithe/pollack, in frying batter, deep-frozen, fried without fat (oven)",252,51.1,14.44,12.33,20.14,1.44,0,369,19,0.66,1.26,37
X427363,Leberknödelsuppe,Liver dumpling soup,69,85,4.71,3.7,4.03,0.3,0.4,311,12,0.53,1.8,76
X1A9010,"Hummersalat mit Mayonnaise, gestreckt mit süßer Sahne","Lobster salad with mayonnaise, diluted with cream",177,73.2,6.2,15.3,3.2,0.9,0,343,46,2.7,2.91,57
Y277013,"Kalbsnieren gebraten, mit Senfsauce von dunkler/brauner Grundsauce","Veal kidneys fried, with mustard sauce from brown basic sauce",173,70,13.63,12.2,2.12,0.2,0.1,294,23,0.67,5.1,321
X1A4010,"Geflügelsalat (Huhn) mit Mayonnaise, gestreckt mit süßer Sahne","Poultry salad (chicken) with mayonnaise, diluted with cream",136,76,8.7,8,6.88,0.74,0,414,21,6.37,1.61,41
X023310,Baguette-Brötchen mit Ei und Remoulade,Baguette roll with egg and remoulade sauce,213,54,11.5,7.5,24.0,1.8,1,360,40,1.1,1.7,192
D771200,Aprikosenteilchen (Blätterteig),Apricot pastry (puff pastry),283,49,3,16.8,28.3,1.9,0.1,93,15,13.6,6.68,12
X3A6020,Linsen-Bolognese vegan,Lentil Bolognese vegan,98,77,5.2,3.7,9.0,3.8,0,128,31,2.7,0.32,0.031
X339243,Madeirasauce von dunkler/brauner Grundsauce,Madeira sauce from brown basic sauce,77,84,1,4.5,6.9,0.4,0,216,6,2.3,0.4,0.082
X1A8060,"Thunfischsalat mit Mayonnaise, gestreckt mit Joghurt","Tuna salad with mayonnaise, diluted with yogurt",180,70,12,13.6,1.71,0.6,1,372,24,1.7,1.8,82
W398000,Kalbfleischpastete mit Schweinefleisch,Veal pate with pork,126,75.1,15.28,7.18,0.09,0.07,0.27,700,8,0.01,2.68,59
X450033,Kartoffelsuppe mit Gemüsebrühe und Brühwurst,Potato soup with vegetable stock and scalded sausage,93,82,2.95,5.4,8.0,0.5,0.06,300,7,0.9,1.5,7
X171450,Grüne-Bohnen-Salat (gegart) mit Speck-Essigmarinade,Green bean salad (cooked) with bacon-vinegar marinade,121,80.2,2.28,10.84,2.7,1.4,0.11,413,51,1.83,4.2,10.74
X463613,Linsensuppe mit Gemüse und gepökeltem Schweinefleisch,Lentil soup with vegetables and cured pork,122,73,7.18,5.6,9.0,3.1,0.04,400,21,1.4,1.6,11.46
X469743,Chili con carne einfach,Chilli con carne simple,179,64,11.7,10.1,8.0,4.3,0.23,237,24,2.3,3.5,27
X141462,Artischockensalat (gegart) mit Zitronenmarinade,Artichoke salad (cooked) with lemon marinade,141,74.1,1.82,11.9,1.88,8.53,0,252,43,1.76,0.85,0.242
X1A3050,"Reissalat mit Gemüse, Kochschinken und Essigmarinade","Rice salad with vegetables, boiled ham and vinegar marinade",114,78.7,4.94,6.96,6.8,1.2,0,283,18,2.28,0.66,8
X450212,"Kartoffelsuppe sauer, gebunden","Potato soup sour, thickened",62,86,1.07,1.7,10.0,0.7,0,179,8,1.0,0.1,0.031
X060060,"Baguette-Brötchen mit Kochschinken, Käse, Tomaten und Remoulade","Baguette roll with boiled ham, cheese, tomatoes and remoulade sauce",193,59,14.6,7.3,16.0,1.5,0,560,160,1.3,3.9,37
X760312,"Maultaschen Schwäbische Art (mit Hackfleisch) gegart, mit gebratenen Zwiebeln","Minced meat-spinach-filled pasta squares, Swabian style, cooked, with fried onions",116,71.7,8.186,4.95,8.38,2.2,0.2,420,47,2.87,1.38,53.9
X565143,"Schwarzwurzeln gekocht, mit Sauce Hollandaise/Holländischer Sauce","Black salsify boiled, with Hollandaise sauce",174,68,2.1,14.2,6.0,4,0,138,50,2.9,8.3,100
X9A3080,"Pirogge mit Hackfleischfüllung, gebacken","Pirogue filled with minced meat, baked",366,31,15.2,18.59,33.0,2.7,1,375,43,1.6,8.73,149
X821012,Reis mit Pilzsauce von heller/weißer Grundsauce,Rice with mushroom sauce from white basic sauce,95,78,2.2,2.4,15.7,1.1,0.005,115,7,0.65,1.3,5
D132100,Spiegeleierkuchen (Rührmasse),Apricot cheese cake (cake batter),192,62,3.2,9.72,22.7,0.7,0.1,60,49,13.11,6.18,46
X541463,Artischockenböden mit Fleischfüllung,Artichoke bottoms with meat-filling,84,79,7.5,3.6,2.2,5.9,0,284,32,2.1,0.54,14.95
X4A8050,Linsensuppe mit Gemüse und Wiener Würstchen,Lentil soup with vegetables and Vienna sausages,115,74,5.78,5.5,9.0,2.8,0.04,400,20,1.2,1,9
W298100,Olivenpastete,Olive pate,155,72.7,10.91,12.27,0.07,0.32,0.19,700,10,0.0,4.07,43
X338353,Wildsauce von dunkler/brauner Grundsauce,Game sauce from brown basic sauce,95,82,1.1,6.7,6.6,0.4,0.008,271,13,2.5,1.73,7.3
D7B2100,"Butterkekse/Butterplätzchen (Mürbeteig) mit Nougatfüllung, schokoliert",Shortbread biscuits with nougat filling and chocolate icing,482,2.2,6.43,20.9,65.8,2.49,0.01,174,77,46.9,11.3,15.3
X693412,Labskaus,Lobscouse,127,75.9,7.65,7.2,7.19,1,1.3,400,27,2.14,1.23,82
W982700,Pastete im Brotteig gebacken,Pate in bread dough baked,168,65,19.53,7.96,4.0,0.66,0.11,700,6.5,0.16,2.79,59
V913500,"Gänseleberpastete getrüffelt, in der Kruste gebacken","Truffled goose liver pate, baked in a crust",245,54,15.9,16,8.9,0.8,0.5,600,26,0.4,7.4,287
Y733242,Schaumomelett gebraten mit Gemüse,Omelette souffle fried with vegetables,168,73.5,8.2,13.866,1.98,1.413,1,275,42,1.094,2.2,241
Y064033,Hackfleischpastete (mit Mürbeteig) gebacken,Minced meat pate (with shortcrust pastry) baked,412,28,16.4,26.8,25.2,2.3,1,319,31,1.6,13.36,134
X203560,Budapester Salat,Salad Budapest,99,81,6.9,5.1,5.54,1,0,162,18,5.45,1,61
X6A5010,Kirschknödel mit Zucker und Zimt,Cherry dumplings with sugar and cinnamon,197,60.4,2.88,9.52,24.1,1.7,0.1,149,12,9.79,6.13,40
X4A8000,Chili sin carne,Chilli sin carne,70,81,3.3,1.6,8.0,4.6,0,224,27,3.8,0.1,0.023
X1A3030,"Reissalat bunt, mit Hühnerfleisch, Ei und Mayonnaise","Rice salad with chicken, egg and mayonnaise",144,75.5,4.8,9.55,9.2,1.1,0,118,16,2.9,1.27,56
D314200,Mokkabuttercremetorte (Biskuit) mit Alkohol,Mocha butter cream torte (sponge cake) with alcohol,273,52,5.1,17,24.0,0.7,0.4,56,56,16.0,10.1,109
D7B5300,"Kekse/Plätzchen, kakaohaltig (Rührmasse) mit Nougatfüllung, schokoliert","Biscuits, containig cocoa (cake batter) with nougat filling and chocolate icing",521,4,6.5,29,56.4,4.03,1,34,36,36.4,15.9,135
Y724153,Rührei gebraten mit Leberkäse,Scrambled eggs fried with Leberkaese sausage,227,65.4,12.9,19.35,0.35,0.1,1.4,360,45,0.3,4.4,290
S243900,"Speiseeis (Frucht, Vanille) gemischt, mit Eierlikör","Ice cream mixed (fruit, vanilla) with egg liqueur",177,63.2,1.66,5.37,26.5,0.4,0,26,54,23.8,3.5,18
Y692313,"Seehecht mit Senfsauce von heller/weißer Grundsauce, überbacken","Hake with mustard sauce from white basic sauce, gratinated",99,80,10.3,5.7,1.37,0.1,0,206,58,0.58,2.7,65
S571300,Bitterschokolade gefüllt mit Fruchtcreme (alkoholhaltig),Dark chocolate filled with fruit cream (alcoholic),506,8.2,6.41,32.58,41.0,7.5,0.01,8,50,38.4,19.92,11
Y581233,"Pute mit Kastanienfüllung, gebraten im Ofen, mit Preiselbeerkonfitüre und Grundsauce dunkel/braun","Turkey with chestnut filling fried in oven, with lingonberry jam and brown basic sauce",206,60,19,11.2,6.74,1.1,0.2,195,20,2.546,2.2,67
D9B1300,"Kekse/Plätzchen (Vollkornmürbeteig) mit Nougatfüllung, schokoliert",Wholemeal biscuits (shortcrust pastry) with nougat filling and chocolate icing,512,2,6.25,26.9,59.0,4.27,0.04,64,75,44.3,15,36
X1A9000,"Krabben-Cocktail mit Mayonnaise, gestreckt mit süßer Sahne","Shrimp cocktail with mayonnaise, diluted with cream",198,69,7.7,16.7,3.4,0.6,0,419,69,3.37,3.51,98
Y686612,"Tintenfischringe im Backteig frittiert, mit Tsatsiki","Cuttlefish rings in beer batter deep-fried, with tsatsiki",159,70,10.1,9,8.6,0.8,0,253,40,1.0,1.79,166
X552423,"Gurken mit Hackfleischfüllung, geschmort, mit Sauce","Cucumbers with minced meat filling, braised, with sauce",136,77,7.3,9.7,4.0,1,0.2,200,30,2.4,2.8,39
X4A8070,Rote-Linsensuppe mit Koriander,Red lentil soup with coriander,91,78,4.9,3.2,9.4,2.1,0,248,22,1.9,1.2,0.034
D410300,Baumstamm/Bismarckeiche (Wasserbiskuit) mit Mokkabuttercreme,"""Bismarck-Eiche"" chocolate log cake (water sponge cake) with mocha butter cream",314,39,6.2,15.6,36.6,1.4,0.4,88,51,22.79,8.4,98
X464753,"Erbsensuppe mit Gemüsebrühe, Suppengrün und Speck","Pea soup with vegetable stock, mirepoix and bacon",73,82,4.09,2.9,6.0,3,0.02,200,19,1.4,0.7,3.54
M856000,"Grießpudding mit Sahne und Fruchtzubereitung, gesüßt","Semolina pudding with cream and fruit sauce, sweetened",116,75.9,2.34,4.47,16.5,0.2,0,43,68,14.68,2.5,21
X985212,Rohrnudeln (aus Hefeteig mit Wasser zubereitet) gebacken,"""Rohrnudeln"" sweet yeast dumplings (of dough prepared with water) baked",347,30,6.69,14.49,46.0,2.76,0.2,207,12,9.971,4.69,45
X464913,Kichererbsen-Tomaten-Eintopf,Chickpea-tomato stew,104,76,4.7,4.4,9.0,5.2,0.003,121,32,1.7,1.2,4
X572212,"Antipasti-Teller (Gemüse und Pilze gegart, mit Thunfisch und Parmaschinken)",Antipasti mix with tuna and Parma ham,107,78,7.7,6,4.0,2.8,0.3,297,29,2.0,0.8,28
Y912060,Frikadelle mit Brötchen und Tomatenketchup,Meatball with roll and tomato ketchup,266,47.2,15.51,13.53,19.85,1.5,0.3,413,33,2.19,3.89,57
X891212,Bami Goreng (Eierteigwaren gebraten mit Gemüse und Hähnchenfleisch),Bami Goreng (egg pasta fried with vegetables and chicken),113,70,5.9,2.4,16.0,1.5,0.04,258,27,1.9,0.33,8
D7B7200,"Nuss-Spritzgebäck (Rührmasse) mit Nougatfüllung, schokoliert",Nut spritz biscuits (cake batter) with nougat filling and chocolate icing,547,7,7.1,37,44.2,4.2,1,53,48,28.2,17.6,131
Y038213,Bologneser Sauce mit Rinderhackfleisch,Bolognese sauce with beef mince,182,70,9.34,14.4,2.9,1.2,0.22,243,35,2.9,3.7,27
U043262,"Schwein/Rind, Hackfleisch gemischt, tiefgefroren, gebraten ohne Fett (Ofen)","Pork/beef, mince mixed, deep-frozen, fried without fat (oven)",357,43.83,26.96,27.72,0.0,0,0.56,74,20.3,0.0,10.483,88
X556422,"Tomaten mit Hackfleischfüllung, gebacken","Tomatoes with minced meat filling, baked",167,71,10.58,11.75,4.0,1.1,0.3,157,84,2.5,3.99,53
D311200,Buttercremetorte (Biskuit),Butter cream torte (sponge cake),299,48.1,5.44,18.85,26.66,0.54,0.4,60,59,17.4,11.3,121
D7B6200,"Mürbchen (Mürbeteig) mit Nougatfüllung, schokoliert",Shortcrust pastry biscuit with nougat filling and chocolate icing,499,4,6.12,25.3,60.5,2.58,0.2,57,72,44.5,13.9,49
Y915032,Knacker mit Senf,Knackwurst with mustard,255,56.6,19.77,19.34,0.16,0.3,0.36,1200,12.7,0.15,7.14,67
Y261213,"Kalbsbrust mit Hackfleischfüllung, gebraten im Ofen, mit Sauce","Veal brisket with minced meat filling, fried in oven, with sauce",247,59,17.89,18.5,2.0,0.4,0.4,250,19,0.4,6.1,74
X5A6050,"Zwiebeln gefüllt mit Champignons und Hackfleisch, geschmort","Onions filled with button mushrooms and minced meat, braised",233,61,10.56,18.2,6.3,1.3,0.17,347,28,2.9,4.8,33
D710700,Schokoladen-Biskuitplätzchen mit Nougatfüllung,Chocolate sponge biscuits with nougat filling,428,2,11.6,10.9,68.4,4.9,0.7,109,61,44.0,4.5,126
X5A7030,Zucchini mit Hackfleischfüllung und Käse überbacken,Courgette with minced meat filling and cheese gratinated,116,82,5.5,8.89,3.0,1,0.1,151,71,1.7,2.73,23
X940412,Fränkische Mehlklöße mit Kompott aus Trockenfrüchten,Franconian flour dumplings with compote of dried fruit,208,47.7,6.03,2.1,38.7,3.51,0.3,228,40,17.9,0.62,57
D7A1100,Biskuitplätzchen mit Nougatfüllung,Sponge cake biscuits with nougat filling,421,2,11.15,6.9,77.4,2.47,0.8,93,36,47.0,1.6,163
X760712,Maultaschen Schwäbische Art (mit Hackfleisch) gebraten,"Minced meat-spinach-filled pasta squares, Swabian style, fried",190,62.16,10.125,12.67,7.819,2.142,0.3,484,49,0.615,2.22,70.5
X720343,"Vollkorn-Eier-Frischteigwaren mit Spinat und Tomaten Konserve, überbacken","Fresh wholemeal egg pasta with spinach and canned tomatoes, gratinated",89,78,5.23,2.5,10.0,2.7,0.2,190,90,1.3,1,33
Y740540,Eier russisch,Russian eggs,225,65.6,12.6,19.1,0.37,0.1,3,851,46,0.36,2.7,261
D320100,Buttercremetorte (Wiener Boden hell),Butter cream torte (Viennese sponge cake light),328,44.5,4.86,21.78,27.9,0.44,0.4,56,56,17.75,13.24,122
D238500,Aprikosen-Nuss-Torte (Rührmasse),Apricot torte with nuts (cake batter),284,48,4.83,16.87,27.3,1.7,0.3,102,30,16.456,6.97,78
W272300,Würfelpastete,Die-patterned pate,170,71.4,12.89,13.16,0.08,0,0.24,600,4.5,0.002,4.66,50
X454223,"Grießsuppe geröstet, legiert mit Eigelb","Semolina soup roasted, thickened with egg yolk",43,90,1.4,2.2,3.9,0.8,0,277,20,1.2,0.4,26
D7B3100,"Butterkekse/Butterplätzchen, kakaohaltig (Mürbeteig) mit Nougatfüllung","Shortbread biscuits, containing cocoa, with nougat filling",497,2,5.41,23.5,64.4,2.98,0.037,45,30,46.2,12.1,41
X331353,Tomatensauce italienische Art,Tomato sauce Italian style,55,89,1.09,3.65,3.5,1.3,0,237,19,3.5,0.26,0.067
X1A8030,"Heringssalat mit Apfel, Gewürzgurke und Mayonnaise, gestreckt mit saurer/süßer Sahne","Herring salad with apple, gherkin and mayonnaise, diluted with sour/whipping cream",160,72.1,7.8,12.4,3.1,0.6,11,1850,50,2.9,2.2,42
D7A7410,Pudding-Frucht-Plunder,Danish pastry with pudding and fruit,306,41,5.7,15.5,35.0,1.8,0.1,225,59,13.2,8.08,24
Y036553,"Hackfleischbällchen mit Tomatenfüllung, gebraten, mit Tomatensauce (aus Tomatenmark)","Meatballs filled with tomatoes, fried, with tomato sauce (of tomato paste)",226,64,10.9,18.1,4.2,0.9,0.3,224,22,2.2,4.39,47
Y610920,Heringsstipp (mit Bismarck-Hering),"Pickled herring fillet in sauce ""Heringsstip""",170,72.6,7.94,13.1,3.9,0.4,5,570,50,3.9,4.7,39
D431400,Donauwellen (Rührmasse),"""Donau-Wellen"" cake (cake batter)",315,45,4.55,20.23,27.7,1.91,0.2,75,41,16.1,12.01,77
X456243,Hascheesuppe,Minced meat soup,59,88,2.3,4.5,2.2,0.2,0.03,259,8,0.3,1.2,6
X5A4000,"Chicoree gedünstet, mit Käsesauce von Bechamelsauce gratiniert","Chicory stewed, with cheese sauce from Bechamel sauce gratinated",116,81,3.45,9.7,3.06,0.6,0.011,197,114,1.62,4.8,18
X538212,"Kohlroulade mit Hackfleischfüllung, gedünstet","Cabbage roulade with minced meat filling, stewed",107,81,5.1,7.4,4.0,1.8,0.1,150,40,2.9,1.8,26
W865000,Gesülzter Hackbraten,Jellied meatloaf,198,65.2,17.1,13.9,1.07,0.2,0.4,600,23,1.07,5.3,67
W295200,Frühlingspastete,Spring pate,138,75.9,10.91,10.12,0.6,0.3,0.19,700,5,0.3,3.67,42
Y621712,Kabeljau gedünstet auf asiatischem Gemüse,Cod stewed on Asian vegetables,80,80,11.3,2.7,1.4,2.6,0,278,36,1.0,0.28,17.8
Y859663,Aprikosencreme,Apricot cream,138,73,4.8,7.1,12.8,0.303,0.019,26,71,12.7,3.84,19.7
X742423,Eierteigwaren gebraten mit Gemüse und Ei,Egg pasta fried with vegetables and egg,122,71,6.1,4.2,14.2,1.5,0.4,161,35,1.52,0.8,79
X475713,"Haferflockensuppe geröstet, mit Gemüsebrühe und Ei","Porridge, roasted, with vegetable stock and egg",39,91,1.49,2,3.2,1,0,278,19,1.3,0.3,10
S623400,Pralinen gefüllt mit Fruchtcreme (alkoholhaltig),Pralines filled with fruit cream (alcoholic),506,8.2,6.41,32.58,41.0,7.5,0.01,8,50,38.4,19.92,11
D7A7510,Quark-Frucht-Plunder,Danish pastry with quark and fruit,378,28,8.13,20.1,40.0,2.25,0.1,300,54,11.4,10.42,22
D630700,Waffelkekse mit Nougatfüllung,Wafer biscuits with nougat filling,431,7.7,4.11,14.8,69.6,1.6,0,21,36,65.7,3.8,9
X673252,"Kartoffelklöße von gekochten Kartoffeln, gebraten mit Eiermilch","Potato dumplings from boiled potatoes, fried with egg-milk mix",267,52.3,7.03,17.82,18.76,1.63,0.5,265,51,1.56,2.92,117
D7B8300,"Spritzgebäck (Rührmasse) mit Nougatfüllung, schokoliert",Spritz biscuits (cake batter) with nougat filling and chocolate icing,502,9,6.3,28.7,52.7,3.49,1,48,31,28.8,15.8,129
P9A8100,"Cocktail, Hugo","Cocktail, Hugo",38,95,0,0,2.56,0,0,2,8,2.56,0,0
D312300,Aprikosen-Sahnetorte (Wasserbiskuit),Apricot cream torte (sponge cake),217,61,3.6,12.8,21.4,0.8,0.2,43,41,16.0,6.58,60
X384243,Teufelssauce/Grillsauce,Devil's sauce for barbecue,174,72,1.03,14.3,8.8,1.4,0,600,16,8.69,1.06,0.76
X682533,Himmel und Erde (Äpfel und Kartoffeln) mit gebratener Blutwurst,"""Heaven and earth"" apple-potato mash with fried blood sausage",133,75.5,3.3,8.2,10.7,1.3,0.09,200,20,4.74,2.8,14
Y2A1010,Kalbfleischpudding mit Lachsschinken und Champignons,Veal pudding with ham and button mushrooms,274,51.8,20.4,18.45,6.3,0.7,1,372,32,1.02,7.25,157
W272200,Sternpastete,Star-patterned pate,163,72.2,12.77,12.38,0.08,0.05,0.23,700,4,0.0,4.49,50
X4A8090,"Weiße-Bohnen-Eintopf mit Paprika, Tomaten und Ajvar","Haricot bean stew with sweet pepper, tomatoes and ajvar",65,86,3.4,1.3,8.0,2.9,0,67,21,2.7,0.1,0.02
W291200,Eierpastete,Egg pate,160,72.6,12.71,12.01,0.17,0.12,0.4,700,10,0.09,4.2,80
X444313,Kartoffel-Lauchcremesuppe,Cream of potato-leek soup,63,87,1.21,2.3,9.0,0.6,0,170,20,1.5,0.5,3
Y180723,"Rindfleisch gekocht, mit Kapernsauce von heller/weißer Grundsauce","Beef boiled, with caper sauce from white basic sauce",131,74,15.6,6.9,1.46,0.2,0.241,218,12,0.36,3.3,66
X1A8050,"Matjessalat mit Roter Bete, Apfel, Kartoffeln und Mayonnaise","Matjes herring salad with beetrot, apple, potatoes and mayonnaise",126,75,5.1,7.6,8.0,1.4,6,1161,31,4.6,1.02,24
X712343,"Eier-Frischteigwaren mit gebackenem Kürbis, in Grundsauce hell/weiß mit Sahne","Fresh egg pasta with baked pumpkin, in white basic sauce with cream",128,77,3.67,5.6,14.57,2.5,0.2,198,17,2.75,2,39
X711242,"Eier-Frischteigwaren Tomatenspätzle, selbstgemacht, roh","Fresh egg pasta tomato spaetzle, homemade, raw",208,50.2,10.3,3.5,32.2,3.3,0.5,254,36,1.4,0.84,105
X476540,Gurken-Buttermilch-Joghurt-Kaltschale,Cold cucumber-buttermilk-yogurt soup,34,93,2.24,1.1,3.2,0.5,0,50,60,3.2,0.7,5
Y912160,Frikadelle mit Pommes frites und Tomatenketchup,Meatball with potato chips and tomato ketchup,240,55.1,10.01,13.65,18.32,1.5,0.2,358,21,2.98,2.87,39
E605082,"Kartoffel-Schupfnudeln gekocht, gebraten ohne Fett (Pfanne)","Potato noodles (Schupfnudeln) boiled, fried without fat (pan)",190,49.6,6.31,1.5,36.29,3.23,0.1,483,17,0.719,0.26,29
X469753,Chili con carne (mit Rinderhackfleisch),Chilli con carne (with beef mince),158,68,9.9,7.9,9.0,4.9,0.16,300,29,3.1,2.7,20
Y694723,"Rotbarsch mit Champignonsauce, überbacken","Redfish with button mushroom sauce, gratinated",110,79,6.8,7.2,3.9,0.7,1.3,208,23,0.9,3.7,28
D9B1100,"Butterkekse/Butterplätzchen, kakaohaltig (Vollkornmürbeteig) mit Nougatfüllung","Wholemeal shortbread biscuits, containing cocoa, with nougat filling",494,2,5.96,23.7,61.8,4.68,0.037,44,36,46.2,12,40
X553812,"Paprikaschoten mit Hackfleischfüllung, gebacken","Sweet peppers with minced meat filling, baked",116,79,7.43,7.5,4.0,1.3,0.2,122,18,3.4,2.5,42
U063262,"Rind/Schwein, Hacksteak, tiefgefroren, gebraten ohne Fett (Ofen)","Beef/pork, minced steak, deep-frozen, fried without fat (oven)",266,54.6,22.08,19.71,0.0,0.3,0.5,900,26,0.0,7.509,90
X536343,"Rosenkohl gekocht, mit Käsesauce von Bechamelsauce","Brussels sprouts boiled, with cheese sauce from Bechamel sauce",77,82,4.29,4.6,3.27,2.1,0.004,181,92,1.73,3,11
D9B1500,Schoko-Müslikekse/Schoko-Müsliplätzchen (Vollkornmürbeteig),Wholemeal chocolate muesli biscuits (shortcrust pastry),515,5,7.2,30.3,49.6,6.5,0.056,174,37,21.3,17.8,61
D7B8200,Spritzgebäck (Rührmasse) mit Nougatfüllung,Spritz biscuits (cake batter) with nougat filling,489,10,6.3,26.9,54.1,2.33,1,57,27,25.4,15.3,158
W293100,Haselnusspastete,Hazelnut pate,189,68,14.24,14.36,0.4,0.6,0.18,700,15,0.282,3.86,47
D7B3200,"Butterkekse/Butterplätzchen, kakaohaltig (Mürbeteig) mit Nougatfüllung, schokoliert","Shortbread biscuits, containing cocoa, with nougat filling and chocolate icing",513,2,6.09,27.2,59.3,3.3,0.04,58,74,44.1,15.4,36
Y073012,Innereiengericht (von Rind/Schwein) mit Sahnesauce,Beef and pork offals with cream sauce,207,63,17.29,13.6,3.62,0.2,0.6,261,9,0.2,4,256
X720413,Auflauf aus Eier-Frischteigwaren mit Pilzsauce von Bechamelsauce und Gouda überbacken,Casserole of egg pasta with mushroom sauce from Bechamel sauce and Gouda cheese gratinated,165,65,6.8,5.9,20.0,2.2,0.3,244,72,1.4,2.8,57
P9A5000,"Cocktail, Touch Down","Cocktail, Touch down",82,83,0.3,0.1,7.8,0.1,0,8,12,7.8,0.021,0
P196000,Berliner Weisse mit Fruchtsirup,Berlin draught beer with fruit syrup,53,88,0.6,0,5.74,0,0,1,6,3.5,0.001,0
X659112,"Schupfnudeln gegart, gebraten","""Schupfnudeln"" (German potato pasta ) cooked, fried",243,52.1,4.55,13.62,24.14,2.66,0.1,115,14,0.676,1.1,33
Y036533,"Frikadellen gebraten, mit gedünsteten Tomaten","Meatballs fried, with stewed tomatoes",164,71.7,10.43,11.38,4.41,1,0.3,184,20,2.15,3.06,46
X760812,Maultaschen Schwäbische Art (mit Hackfleisch) gebraten mit Ei,"Minced meat-spinach-filled pasta squares, Swabian style, fried with egg",190,65,10.783,13.56,5.404,1.473,0.7,376,50,0.527,2.33,156
D7B6100,Mürbchen (Mürbeteig) mit Nougatfüllung,Shortcrust pastry biscuit with nougat filling,490,7,6.34,24.4,60.1,2.44,0.4,57,21,30.4,13.9,87
X081243,"Toast mit Spargel, Lachsschinken und Käse, gebacken","Toast with asparagus, ham and cheese, baked",201,63.9,11,13.71,7.67,1.068,0,451,189,1.5,8.4,86
X365643,Preiselbeersauce mit Rotwein,Lingonberry sauce with red wine,145,64.4,0.476,0.289,32.46,0.854,0,2,12,31.53,0.035,0
X3A6040,Tofu-Bolognese vegan,Tofu Bolognese vegan,160,69,11.4,10.7,2.7,3.2,0,90,99,2.7,0.9,0.097
X1A2020,Kartoffelsalat mit Mayonnaise,Potato salad with mayonnaise,154,72,1.6,11.4,10.14,1.4,0,152,10,1.11,1,17
X810553,"Milchreis gesüßt, mit Milch 3,5 % Fett und Kompott aus Trockenfrüchten","Rice pudding sweetened, with milk 3.5 % fat and compote of dried fruit",167,58.5,3.98,2.4,31.0,1.9,0,37,88,17.7,1.439,8.9
X545043,"Spargel gekocht, mit Sauce Hollandaise/Holländischer Sauce","Asparagus boiled, with Hollandaise sauce",180,77,2.7,17.2,2.93,1,0,107,29,2.81,10,123
Y912030,Frikadelle mit Senf,Meatball with mustard,261,56.2,18.02,18.88,4.39,0.7,0.5,302,29,0.98,5.38,82
Y915062,Knacker mit Brötchen und Senf,Knackwurst with roll and mustard,263,46.4,16.48,13.38,18.45,1.4,0.24,1000,24.9,1.14,4.84,44
W295100,Champignonpastete,Button mushroom pate,143,74.5,12.81,10.05,0.27,0.2,0.19,700,4,0.0,3.65,47
Y992060,Vanillecremeeis mit Schlagsahne und Früchten (Konserve),Vanilla ice cream (with egg) with whipped cream and fruit (canned),162,73.2,2.2,11.29,12.56,0.5,0.025,23,55,12.37,5.88,56
Y244023,Kalbsragout fein (Ragout fin),Veal ragout (ragout fin),113,78,12.85,5.9,1.8,0.4,0.1,183,11,0.6,2.8,96
X208240,Tomaten-Thunfischsalat mit Essigmarinade,Tomato-tuna salad with vinegar marinade,106,81,6.76,7.45,2.24,0.9,0.58,210,13,2.23,0.8,8.7
E470082,"Eier-Frischteigwaren Ravioli (Gemüsefüllung) gekocht, gebraten ohne Fett (Pfanne)","Fresh egg pasta Ravioli (vegetable filling) boiled, fried without fat (pan)",144,65.3,5.09,2.12,25.0,2,0.1,142,13,0.78,0.3,10
W291100,Schinken-Käsepastete,Ham-cheese pate,172,68.7,17.08,11.39,0.05,0.03,0.21,900,132,0.0,4.93,57
G993242,"Gemüsemischung mexikanische Art, tiefgefroren, geschmort ohne Fett","Mixed vegetables Mexican style, deep-frozen, braised without fat",68,81,3.9,0.6,8.9,5.2,0,2,26,4.0,0.07,0
D330100,Buttercremetorte (Rührmasse),Butter cream torte (cake batter),315,45,4.55,20.23,27.7,1.91,0.2,75,41,16.1,12.01,77
Y813262,Baba mit Rum,"""Baba"" (yeast ring cake, drizzled with rum)",315,30,6.6,8.7,50.0,2.8,0.2,178,35,20.1,1.2,26
X651343,Bratkartoffeln mit Speck und Zwiebeln,Fried potatoes with bacon and onions,204,59.2,4.13,12.65,16.88,3,0.03,300,10,1.05,1.48,5.69
X7A3010,"Maultaschen mit Spinatfüllung, gegart in Gemüsebrühe","Spinach-filled pasta squares, cooked in vegetable stock",42,89,2,1.1,5.7,0.7,0,218,29,0.6,0.2,21
X463453,Linsen-Eintopf mit Wurst und Eier-Frischteigwaren Spätzle,Lentil stew with sausage and fresh egg pasta spaetzle,152,65,7.8,5.7,15.0,4.4,0,298,23,1.3,1.6,15
D314300,Schokobuttercremetorte (Biskuit),Chocolate butter cream torte (sponge cake),309,46.9,5.12,20.2,25.9,1.19,0.4,51,55,18.1,12.2,107
Y015132,"Schweinebauch gekocht, mit warmer Blut- und Leberwurst und gedünstetem Sauerkraut","Pork belly boiled, with warm blood- and pork liver sausage and stewed sauerkraut",139,78,6.32,11.31,1.36,1.7,0.11,400,28,1.24,3.68,34
Y740453,"Eier weich gekocht, mit Senfsauce","Eggs soft boiled, with mustard sauce",103,82,6.73,7.3,2.29,0.2,0.8,260,32,0.97,2.9,170
X1A1000,Blumenkohlsalat (gegart) mit Quarkmayonnaise,Cauliflower salad (cooked) with quark-mayonnaise,131,80.2,4,10.8,4.04,1.2,0,79,61,2.78,1.35,21
Y036233,Hackbraten mit Gemüsesauce,Meatloaf with vegetable sauce,196,63,13.33,12.9,5.7,1.9,0.3,259,44,2.1,4.6,55
D9A4800,Quark-Frucht-Vollkornplunder,Wholemeal Danish pastry with quark and fruit,349,33,7.96,19.05,34.0,4.7,0.1,280,57,10.3,9.929,21
X760912,Maultaschen Schwäbische Art (mit Hackfleisch) gegart in Fleischbrühe,"Minced meat-spinach-filled pasta squares, Swabian style, cooked in meat stock",57,85,4.53,2.6,3.308,0.92,0.1,337,23,0.262,0.8,29.7
X5A8020,Kidneybohnen gedünstet,Kidney beans stewed,129,68,6.8,3.7,12.0,9.2,0,339,35,1.2,0.3,0.06
D410100,Biskuitschnitte mit Vanillebuttercreme,Sponge cake square with vanilla butter cream,299,50,4.4,20.3,24.4,0.4,0.3,53,61,17.2,12.44,102
G993232,"Gemüsemischung mexikanische Art, tiefgefroren, gekocht","Mixed vegetables Mexican style, deep-frozen, boiled",57,84,3.3,0.5,7.4,4.5,0,2,23,3.3,0.059,0
P9A6000,"Cocktail, Tequila Sunrise","Cocktail, Tequila sunrise",60,88,0.3,0,5.594,0.1,0,2,10,5.594,0.003,0
Y913032,Bockwurst mit Senf,Bockwurst with mustard,241,63.6,12.16,21.16,0.17,0.3,0.3,800,9.8,0.16,7.63,40
E605062,"Kartoffel-Schupfnudeln gekocht, gebacken","Potato noodles (Schupfnudeln) boiled, baked",208,44.9,6.91,1.64,39.7,3.53,0.2,528,19,0.786,0.29,31
U050282,"Rind/Schwein, Hackfleisch gemischt, tiefgefroren, gebraten ohne Fett (Pfanne)","Beef/pork, mince mixed, deep-frozen, fried without fat (pan)",333,46.24,27.09,24.91,0.0,0,0.69,75,29.7,0.0,10.328,88
X1A2000,Kartoffelsalat mit Gewürzgurke und Marinade (Gemüsebrühe),Potato salad with gherkin and marinade (vegetable stock),75,81,1.42,2.5,10.49,1.4,0,161,10,1.87,0.3,0.049
U050242,"Rind/Schwein, Hackfleisch gemischt, tiefgefroren, geschmort ohne Fett","Beef/pork, mince mixed, deep-frozen, braised without fat",364,41.92,28.65,27.74,0.0,0,0.74,77,27.3,0.0,11.498,95
E603082,"Eier-Frischteigwaren Ravioli (Fleischfüllung) gekocht, gebraten ohne Fett (Pfanne)","Fresh egg pasta Ravioli (meat filling) boiled, fried without fat (pan)",139,69,6.06,3.4,20.0,1.8,0.1,200,13,0.9,0.85,15
U042232,"Schwein/Rind, Hackfleisch gemischt, tiefgefroren, gekocht","Pork/beef, mince mixed, deep-frozen, boiled",370,41.64,28.54,28.38,0.0,0,0.61,75,18.6,0.0,10.733,95
Y9A1090,Türkische Pizza (Lahmacun) gefüllt mit Salat und Sauce,Lahmacun filled with salad and sauce,183,63,8.2,8.1,18.0,2.3,0.11,183,26,2.1,2.14,16
Y361623,"Schweinebraten mit Sauce, Kaisergemüse und Salzkartoffeln","Pork roast with sauce, mixed vegetables and boiled salted potatoes",107,78,7.05,5.3,7.1,1.5,0.03,139,17,1.6,1.3,16.74
V880100,Wildpaste (Brotaufstrich),Game paste spread,298,56.2,14.35,25.8,1.75,0.4,1,398,20,1.66,16.1,111
Y741353,Eierfrikassee mit Pilzsauce von heller/weißer Grundsauce,Egg fricassee with mushroom sauce from white basic sauce,107,80,9.9,6.7,1.57,0.6,0.8,300,31,0.72,2.5,183
X464813,"Erbsensuppe mit Gemüsebrühe, Gemüse, Mettwürstchen und Schweinebauch","Pea soup with vegetable stock, vegetables, small Mettwurst sausages and pork belly",116,77,6.37,7.2,5.0,2.7,0.08,300,18,1.1,2.3,12.92
W272400,Trüffelmosaikpastete,Truffled mosaic pate,169,70.9,14.1,12.34,0.18,0.43,0.25,600,5,0.118,4.38,64
U063272,"Rind/Schwein, Hacksteak, tiefgefroren, gegrillt","Beef/pork, minced steak, deep-frozen, grilled",286,52.3,21.98,21.94,0.0,0.3,0.6,900,25,0.0,8.355,88
D7B5200,"Kekse/Plätzchen, kakaohaltig (Rührmasse) mit Nougatfüllung","Biscuits, containig cocoa (cake batter) with nougat filling",512,4,6.5,27.2,58.8,2.94,1,40,33,34.7,15.3,166
Y995060,Vanillecremeeis mit heißer Himbeersauce,Vanilla ice cream (with egg) with hot raspberry sauce,91,78.2,1.8,2.8,12.1,3.1,0,12,35,11.5,1.26,31
X3A2010,Lachs-Spinatsauce von Grundsauce hell/weiß mit Sahne,Salmon-spinach sauce from white basic sauce,160,74,11.33,11.9,1.51,0.4,1.8,233,36,0.75,4.2,46
Y6A2020,"Lachs gebraten, in Grundsauce hell/weiß mit Sahne und Risi-Pisi",Salmon fried in white basic sauce with cream and risi-pisi,156,71,9.2,8.8,9.4,1.2,1.2,164,19,1.4,3,32
Y874012,"Vanillepudding, Flammeri, zubereitet aus Pulver und Milch 3,5 % Fett, mit Früchten und Süßstoff","Vanilla pudding made from powder with milk 3.5 % fat, with fruit and artificial sweetener",69,84,2.5,2.22,9.13,0.8,0,43,80,5.35,1.355,8.5
Y694823,"Kabeljaufilet gedünstet, mit Gemüsesauce von heller/weißer Grundsauce","Cod fillet stewed, with vegetable sauce from white basic sauce",91,81,11.2,4,1.9,0.8,0.002,206,28,1.3,0.9,22
X740733,Eierteigwaren mit Carbonara Sauce,Egg pasta with Carbonara,167,60,9,6.01,18.6,1.034,0.3,300,108,0.6,2.44,50
S241300,"Speiseeis (Frucht, Nuss, Schokolade) gemischt, mit Eierlikör","Ice cream mixed (chocolate, fruit, nut) with egg liqueur",212,57.4,2.63,7.71,28.7,1.4,0,28,67,25.8,4.1,19
X452013,"Eintopf aus Teigwaren eifrei, mit Hackfleisch","Stew of pasta egg-free, with minced meat",134,71,6.5,6,13.1,0.9,0.09,255,17,2.2,1.8,12
Y743253,"Eier weich gekocht, mit Specksauce von dunkler/brauner Grundsauce","Eggs soft boiled, with bacon sauce from brown basic sauce",108,80,7.17,7.4,2.97,0.3,0.8,200,27,0.38,1.6,165
Y652313,"Schleie gedünstet, mit Senfsauce von heller/weißer Grundsauce","Tench stewed, with mustard sauce from white basic sauce",82,80,11.29,3.1,1.86,0.2,0.006,259,45,0.75,1.7,52
W399100,Lachsschinkenpastete,Pate made from cured rolled pork loin,139,74.8,14.13,9.1,0.23,0.07,0.16,500,4.6,0.18,3.18,50
X147442,Lauchsalat (gegart) mit Speck-Essigmarinade,Leek salad (cooked) with bacon-vinegar marinade,133,79,2.36,11.37,4.0,1.7,0.11,349,35,3.0,4.4,11.25
D7B2000,Butterkekse/Butterplätzchen (Mürbeteig) mit Nougatfüllung,Shortbread biscuits with nougat filling,458,2.4,5.83,15.7,72.3,1.98,0,187,34,49.5,6.9,14.7
X653123,Kartoffelkroketten mit Karotten und Erbsen in Grundsauce hell/weiß mit Sahne,Potato croquettes with carrots and peas in white basic sauce with cream,174,64,4.6,8.2,18.77,3.1,0.1,93,22,2.39,1.4,37
Y913062,Bockwurst mit Brötchen und Senf,Bockwurst with roll and mustard,254,50.8,11.44,14.46,18.79,1.5,0.2,800,23.2,1.16,5.13,26
X463813,Linsen-Eintopf mit Backpflaumen und Blutwurst,Lentil stew with prunes and blood sausage,142,65,7.15,4.6,15.2,4.9,0.05,300,26,2.7,1.1,5
D9A4500,Pudding-Frucht-Vollkornplunder,Wholemeal Danish pastry with pudding and fruit,286,45,5.5,14.75,31.0,3.57,0.1,211,61,12.47,7.74,24
K271032,"Gnocchi tiefgefroren, gekocht","Gnocchi deep-frozen, boiled",148,60.2,3.927,0.617,30.67,1.862,0,132,18.9,0.391,0.04,0
Y036223,Hackbraten mit Grundsauce dunkel/braun,Meatloaf with brown basic sauce,210,63,13.53,14.6,5.82,0.7,0.3,297,21,1.04,4.9,58
D610800,Baiser mit Schoko-Nougatfüllung,Meringue with chocolate-nougat filling,435,2,5.4,10.6,78.2,2.46,0,88,23,72.1,5,0.8
U044262,"Schwein/Rind, Hackfleisch gemischt, tiefgefroren, gebraten ohne Fett (Pfanne)","Pork/beef, mince mixed, deep-frozen, fried without fat (pan)",352,44.65,26.56,27.31,0.0,0,0.56,73,20,0.0,10.329,87
X6A5020,Zwetschgenknödel mit Zucker und Zimt,Plum dumplings with sugar and cinnamon,165,66.4,2.28,7.73,20.89,1.6,0,121,10,8.75,4.98,33
Y995140,Birne Helene,Pear Helene,166,69.5,2.6,10.05,15.9,1.1,0,27,72,13.92,5.26,58
W211472,Berner Würstchen gegrillt,Berner small sausage (with bacon and cheese) grilled,296,55.2,15.7,25.75,0.17,0.03,0.36,1000,178,0.114,10.48,64
Y912260,Frikadelle mit Bratkartoffeln aus rohen Kartoffeln und Tomatenketchup,Meatball with fried potatoes (of raw potatoes) and tomato ketchup,235,58.1,8.02,14.71,16.56,2,0.2,207,18,1.37,2.43,28
W211482,Berner Würstchen gebraten ohne Fett (Pfanne),Berner small sausage (with bacon and cheese) fried without fat (pan),260,60.3,14,22.6,0.15,0.03,0.31,900,175,0.103,9.2,58
D9B1200,Kekse/Plätzchen (Vollkornmürbeteig) mit Nougatfüllung,Wholemeal biscuits (shortcrust pastry) with nougat filling,507,3,6.3,26.1,59.0,5.21,0.052,65,28,34.7,14.8,56
Y6A2010,"Lachs im Blätterteig gebacken, mit gekochtem Spargel und Grundsauce hell/weiß","Salmon in puff pastry baked, with boiled asparagus and white basic sauce",177,70,9.2,12,7.49,0.9,1,164,16,1.34,4.3,38
Y692123,Fischklößchen mit Rotbarsch gegart und Gemüsesauce von heller/weißer Grundsauce,Small fishcakes with redfish cooked and vegetable sauce from white basic sauce,64,85,5.2,2.8,3.8,1.2,1,215,25,1.7,1.1,34
K270062,"Gnocchi gekocht, gebacken","Gnocchi boiled, baked",218,40.28,5.688,0.844,45.52,3.016,0,658,26.1,0.583,0.07,0
D7A7420,Pudding-Plunder belegt mit Früchten und Klarguss,"Danish pastry with pudding, fruit and gelatin glaze",237,54,4.6,11.4,28.0,1.5,0.1,166,60,12.1,5.94,25
G410732,"Artischocke in Öl, Konserve, abgetropft gekocht","Artichokes in oil, canned, drained boiled",310,47.4,3.112,27.758,3.67,15.9,0,591,71,3.42,1.96,1.58
Y036333,Königsberger Klopse mit Kapernsauce von heller/weißer Grundsauce,"""Königsberger Klopse"" meatballs, with caper sauce from white basic sauce",140,76,9.4,9.7,3.52,0.4,0,331,20,0.75,4.2,68
D7B7100,Nuss-Spritzgebäck (Rührmasse) mit Nougatfüllung,Nut spritz biscuits (cake batter) with nougat filling,545,8,7.4,37.1,43.8,3.2,1,62,49,24.9,17.4,158
G993252,"Gemüsemischung mexikanische Art, tiefgefroren, gedünstet","Mixed vegetables Mexican style, deep-frozen, stewed",62,82,3.6,0.5,8.1,4.8,0,2,24,3.6,0.066,0
S244100,"Speiseeis (Frucht, Schoko, Vanille) gemischt, mit Eierlikör","Ice cream mixed (chocolate, vanilla, fruit) with egg liqueur",198,59.9,2.33,6.94,27.3,1,0,30,67,24.4,3.7,21
W272100,Mosaikroulade,Mosaic-patterned roulade sausage,156,73,12.64,11.7,0.08,0.05,0.22,700,4,0.0,4.24,48
X760212,Maultaschen Schwäbische Art (mit Hackfleisch) in Butter geröstet,"Minced meat-spinach-filled pasta squares, Swabian style, fried in butter",176,64.02,9.994,11.23,7.698,2.098,0.3,475,49,0.641,4.93,83
X1A2030,Kartoffelsalat mit Salatgurke und Marinade (Gemüsebrühe),Potato salad with cucumber and marinade (vegetable stock),71,82,1.44,2.5,9.74,1.4,0,88,10,1.34,0.3,0.048
U047242,"Schwein/Rind, Hackfleisch gemischt, tiefgefroren, geschmort ohne Fett","Pork/beef, mince mixed, deep-frozen, braised without fat",386,40.08,28.08,30.41,0.0,0,0.6,74,18.3,0.0,11.5,94
U063282,"Rind/Schwein, Hacksteak, tiefgefroren, gebraten ohne Fett (Pfanne)","Beef/pork, minced steak, deep-frozen, fried without fat (pan)",219,63.1,17.22,16.64,0.0,0.2,0.4,700,21,0.0,6.335,71
E470162,"Eier-Frischteigwaren Ravioli (Gemüsefüllung) gekocht, gebacken","Fresh egg pasta Ravioli (vegetable filling) boiled, baked",160,61.3,5.67,2.36,27.8,2.3,0.1,158,15,0.86,0.3,11
X466043,"Wirsing-Eintopf mit Fleischklößchen, Kartoffeln und Karotten","Savoy cabbage stew with small meatballs, potatoes and carrots",64,86,3.58,2.5,6.0,1.3,0.1,152,31,2.6,0.8,17
X531543,Blumenkohl mit Käsesauce von Bechamelsauce überbacken,Cauliflower with cheese sauce from Bechamel sauce gratinated,84,84,3.92,5,5.43,1.7,0.004,153,98,2.31,3.3,12
X561043,"Kohlrüben/Steckrüben, gedünstet mit Speck, in Grundsauce hell/weiß","Swede stewed, with bacon, in white basic sauce",37,89,1.35,1.9,2.47,1.81,0.01,200,23,1.05,1,4
X1A1080,Weißkrautsalat (gegart) mit Speck-Essigmarinade,White cabbage salad (cooked) with vinegar marinade,102,83,1.72,8.03,4.09,2.7,0.08,249,40,3.97,2.99,7.92
G991902,"Gemüsemischung asiatische Art, Konserve, abgetropft","Mixed vegetables Asian style, canned, drained",22,93,1.7,0.3,2.5,1,0,214,22,2.5,0.032,0
G993282,"Gemüsemischung mexikanische Art, tiefgefroren, gebraten ohne Fett (Pfanne)","Mixed vegetables Mexican style, deep-frozen, fried without fat (pan)",84,76,4.9,0.7,11.0,6.6,0,3,33,5.0,0.089,0
X559243,"Kürbis gebacken, in Paprikasauce von Bechamelsauce","Pumpkin baked, in sweet pepper sauce (from Bechamel sauce)",74,89,1.63,4.1,6.26,2.78,0.003,163,27,4.78,1.4,6
Y742250,"Eier gekocht, mit Remouladensauce, gestreckt mit saurer Sahne","Eggs boiled, with remoulade sauce, diluted with sour cream",196,70.7,9.7,16.8,1.2,0.1,2,310,60,1.2,3.1,253
Y944062,Currywurst mit Pommes frites,Curried bratwurst with potato chips,217,59.8,6.58,13.04,17.44,1.42,0.14,642.9,13,5.39,3.23,24.2
K270082,"Gnocchi gekocht, gebraten ohne Fett (Pfanne)","Gnocchi boiled, fried without fat (pan)",200,45.2,5.2,0.771,41.62,2.757,0,601.6,23.9,0.533,0.06,0
E603062,"Eier-Frischteigwaren Ravioli (Fleischfüllung) gekocht, gebacken","Fresh egg pasta Ravioli (meat filling) boiled, baked",157,64,6.75,3.78,23.0,2,0.1,200,15,1.0,0.95,17
G992902,"Gemüsemischung Erbsen-Karotten, Konserve, abgetropft","Mixed vegetables peas and carrots, canned, drained",49,87.4,2.9,0.368,6.64,3.6,0,216,23,2.714,0.081,0
X870123,"Reisauflauf mit Karotten, Erbsen und Pilzen","Rice casserole with carrots, peas and mushrooms",152,66,6.2,5.4,18.2,2.6,0.2,270,80,2.8,1.6,46
Y526013,Rehbraten mit Wildsauce von dunkler/brauner Grundsauce,Roe deer roast with game sauce from brown basic sauce,196,62,22.5,10.8,2.1,0.1,0.37,342,29,0.8,3.5,71
Y942132,Bratwurst mit Kartoffelsalat und Senf,Bratwurst with potato salad and mustard,188,69,5.6,15.2,6.43,1,0.1,411,11,0.75,3.2,32
Y525023,Rehpfeffer,"""Rehpfeffer"" savory roe deer goulash",162,68,13.5,9.7,4.2,1.3,0.2,400,13,2.3,3.01,46
X673122,"Kartoffelklöße gebraten mit Eiermilch, mit Butterbröseln und Kompott aus Trockenfrüchten","Potato dumplings fried with egg-milk mix, with buttered breadcrumbs and compote of dried fruit",253,49.5,5.47,13.1,26.5,2.53,0.3,202,48,12.5,2.51,82
Y9A1080,"Türkische Pizza (Lahmacun) gefüllt mit Grillfleisch (Geflügel), Rohkost und Sauce","Lahmacun filled with grilled poultry, salad and sauce",186,62,9.1,8.5,17.0,2.2,0.12,231,25,2.1,2.19,20
X6A3020,"Moussaka (Auflauf mit Kartoffeln, Auberginen, Bechamel- und Hackfleischsauce)","Moussaka (gratin with potatoes, aubergines, Bechamel and minced meat sauce)",157,73,6.14,11,7.5,1.1,0.08,241,68,2.8,4.1,22
X321813,Tomatensauce aus Tomaten Konserve,Tomato sauce of canned tomatoes,108,83,1.206,9.549,3.6,1,0,203,29,3.6,0.69,0.18
X702412,Vollkorn-Eier-Frischteigwaren mit Bologneser Sauce,Fresh wholemeal egg pasta with Bolognese (minced meat sauce),166,69,9.16,9.8,9.0,2.2,0.3,213,82,1.6,3,42
Y599112,Wrap gefüllt mit Salat und gebratenem Hähnchenbrustfilet,Wrap filled with salad and fried chicken breast fillet,153,64,12.18,4.2,15.9,1.3,0.04,280,26,2.6,1.02,27.1
X554333,"Paprikaschoten mit Hackfleisch-Reisfüllung gedünstet, in Tomatensauce (aus Tomatenmark)","Sweet peppers with minced meat-rice filling, in tomato sauce (of tomato paste)",139,76,5.7,9.1,8.0,1.2,0.1,156,16,3.6,2.01,29
Y546123,Wildschweinbraten mit Speck und Wildsauce von dunkler/brauner Grundsauce,Wild boar roast with bacon and game sauce from brown basic sauce,183,67,16.3,11.8,2.5,0.1,0.2,400,12,1.0,3.25,56.4
Y915132,Knacker mit Kartoffelsalat und Senf,Knackwurst with potato salad and mustard,191,66,8.3,14.3,6.47,1,0.13,500,11,0.76,3.2,35
Y5A4000,Ragout fin aus Hühnerfleisch,Chicken ragout fin,219,65,15.12,16.8,1.7,0.45,0.2,223,15,0.22,5.8,68
Y534133,Hasenragout,Hare ragout,182,65,17,10.9,3.6,0.2,0.04,400,17,2.0,3.58,58
Y945132,Rostbratwurst mit Kartoffelsalat und Senf,Rostbratwurst with potato salad and mustard,170,70,7.6,12.3,6.38,1,0.09,388,10,0.75,2.5,35
Y916032,Brühwurst mit Senf,Scalded sausage with mustard,183,69,14.33,13.8,0.16,0.2,0.27,800,14,0.15,5.26,57
Y504233,Wildgulasch mit Steinpilzen und Wildsauce von dunkler/brauner Grundsauce,Game goulash with porcini mushrooms and game sauce from brown basic sauce,129,72,16,5,3.1,1.8,0.226,231,16,1.6,0.97,47
Y361233,"Schweinebrust mit Hackfleischfüllung, gebraten im Ofen, mit Sahnesauce von dunkler/brauner Grundsauce","Pork breast filled with minced meat fried in oven, with cream sauce from brown basic sauce",235,60,17.4,17.4,2.0,0.2,0.2,300,15,0.2,5.3,68
X9A4000,"Burrito gefüllt mit Gemüse, Rinderhackfleisch und Käse","Burrito filled with vegetables, beef mince and cheese",289,34,11.5,11,35.0,1.8,0.12,563,86,2.2,4,15
X332053,Pilzsauce von dunkler/brauner Grundsauce,Mushroom sauce from brown basic sauce,75,84,1.8,4.8,5.3,1.73,0,280,7,0.23,0.4,0.085
X450243,"Kartoffelsuppe sauer, mit Blut- und Leberwurst",Potato soup sour with blood and liver sausage,119,79,3.5,7.9,8.0,0.6,0.05,300,9,1.0,2.3,19
X760533,"Cannelloni al forno, Teigwaren gefüllt mit Bologneser Sauce, mit Käse überbacken","Cannelloni al forno (pasta rolls filled with Bolognese sauce, gratinated with cheese)",236,56,11.34,14.1,14.9,1.8,0.4,334,75,2.2,3.8,57
Y564113,Hühnerfrikassee mit Champignons,Chicken fricassee with button mushrooms,172,72,10.91,13.2,2.23,0.38,0.2,250,12,0.32,4.9,51
X466513,Grünkohl-Eintopf mit Kartoffeln und Kochwurst,Curly kale stew with potatoes and cooked sausage,80,82,5.13,3.3,6.1,2.7,0.02,300,88,1.75,0.8,11
Y912130,Frikadelle mit Kartoffelsalat und Senf,Meatball with potato salad and mustard,198,65,8.4,14.5,7.77,1.1,0.2,214,18,1.05,2.8,44
D7A7430,"Pudding-Plunder belegt mit Früchten, Klarguss und Sahne","Danish pastry with pudding, fruit, gelatin glaze and whipped cream",246,55,4.5,13.4,26.0,1.3,0.1,151,62,11.5,7.03,31
Y913132,Bockwurst mit Kartoffelsalat und Senf,Bockwurst with potato salad and mustard,185,69,5.4,14.9,6.54,1,0.11,400,10,0.77,3.3,25
Y914132,Wiener Würstchen mit Kartoffelsalat und Senf,Vienna sausage with potato salad and mustard,197,68,5.5,16.2,6.47,1,0,399,12,0.76,3.7,33
Y516033,Hirschbraten mit Wildsauce von dunkler/brauner Grundsauce,Venison roast with game sauce from brown basic sauce,159,68,19.9,8,1.52,0.1,0.33,300,17,0.673,2.81,72
Y584223,Putenragout mit Tomaten und Champignons,Turkey ragout with tomatoes and button mushrooms,89,78,15.23,2.3,1.5,0.6,0.1,250,20,1.2,0.7,28
Y063813,Pirogge mit Hackfleischfüllung und Sauerkraut mit Apfel gedünstet,Pirogue with minced meat filling and sauerkraut with apple stewed,180,65,7.2,8.84,16.0,2.6,0,308,37,2.1,3.97,66
Y916132,Brühwurst mit Kartoffelsalat und Senf,Scalded sausage with potato salad and mustard,165,71,6.6,12.3,6.2,0.9,0.1,400,11,0.73,2.7,33
Y916062,Brühwurst mit Brötchen und Senf,Scalded sausage with roll and mustard,214,56,13,10.02,17.13,1.3,0.18,800,25,1.07,3.72,39
X464433,"Erbsensuppe mit Gemüsebrühe, Suppengrün, Speck und Wiener Würstchen","Pea soup with vegetable stock, mirepoix, bacon and Vienna sausages",103,78,5.38,6.3,5.0,2.5,0.06,300,17,1.3,1.3,11
Y344023,Schweineragout mit Gemüse,Pork ragout with vegetables,146,73,12.7,9.2,2.5,1,0.13,209,16,2.3,2.7,39.8
X554113,"Paprikaschoten mit Hackfleischfüllung gebacken, in Tomatensauce (aus frischen Tomaten)","Sweet peppers with minced meat filling baked, in tomato sauce (of fresh tomatoes)",118,80,5.19,8.2,5.0,1.3,0.1,118,16,3.8,1.8,27
X070360,Sandwich mit Krabben-Cocktail,Sandwich with shrimp cocktail,223,56,7.9,11.5,20.76,1.9,0,491,48,3.5,2.98,60
X464713,"Erbsensuppe mit Gemüsebrühe, Suppengrün und Speck, gebunden","Pea soup with vegetable stock, mirepoix and bacon, thickened",77,81,4.15,2.9,7.0,3,0.02,200,19,1.4,0.7,3.51
X740433,Eierteigwaren mit Bologneser Sauce,Egg pasta with Bolognese (minced meat sauce),164,65,8.3,8,13.9,1.2,0.16,209,77,1.6,2.5,15
Y522133,"Rehrücken gebraten im Ofen, mit Wildsauce von dunkler/brauner Grundsauce","Roe deer saddle fried in oven, with game sauce from brown basic sauce",184,67,15.3,12.1,2.8,0.2,0.29,241,23,1.1,3.84,54
Y531023,Hasenbraten mariniert (Hasenpfeffer) mit Sauce,Marinated hare roast with sauce,199,65,14.1,14,3.8,0.6,0.06,420,19,1.9,4.8,50
Y171223,Rinderherzragout mit Champignons,Beef heart ragout with button mushrooms,112,77,11.5,5.6,3.6,0.7,0,250,12,0.8,1.4,85
X450013,Kartoffel-Lauchcremesuppe mit Speck,Cream of potato-leek soup with bacon,81,85,2.22,3.9,9.0,0.6,0.02,300,20,1.5,1,7
X730033,"Lasagne al forno, Teigwaren geschichtet mit Bechamel- und Bologneser Sauce, mit Käse überbacken","Lasagna al forno (pasta sheets with Bechamel- and Bolognese sauce, gratinated with cheese)",197,65,9.69,13.3,8.9,1.2,0.2,257,95,3.1,4.5,40
Y377323,"Schweinenieren gebraten, mit Pilzen und Grundsauce dunkel/braun","Pork kidneys fried, with mushrooms and brown basic sauce",116,76,11.7,6.2,2.31,2.21,0,331,11,0.34,1,240
X070460,Sandwich mit Geflügelsalat (Huhn),Sandwich with poultry salad (chicken),186,60,8.5,6.2,22.85,2.02,0,488,19,5.31,1.84,26
G993902,"Gemüsemischung mexikanische Art, Konserve, abgetropft","Mixed vegetables Mexican style, canned, drained",47,87,2.9,0.4,5.7,4,0,211,23,2.6,0.051,0
Y688113,"Scampi gegart, in scharfer Tomatensauce (aus Tomaten Konserve)","Scampi cooked, in spicy tomato sauce (of canned tomatoes)",88,81,9.35,4,2.7,1,0,217,59,2.7,0.39,62.106
X911112,"Vollkornpizza mit Tomatensauce, Gemüse, Mozzarella und Champignons","Wholemeal pizza with tomato sauce, vegetables, mozzarella and button mushrooms",181,64,7,9.12,16.0,3.6,0,224,88,2.3,2.92,11.4
Y332532,"Jägerschnitzel (Schweineschnitzel natur, gebraten, mit Pilzsauce)","""Jaegerschnitzel"" pork schnitzel fried, with mushroom sauce",118,73,18.1,3.8,2.5,0.82,0,240,10,0.11,0.6,39.7
X912033,"Pizza Margherita (mit Tomatensauce, Mozzarella)","Pizza margherita (with tomato sauce, mozzarella)",238,56,7.77,13.55,20.0,1.9,0,274,111,1.6,4.18,16.4
Y670533,"Aal in Tomatensauce (aus Tomaten Konserve), überbacken","Eel poached, in tomate sauce (of canned tomatoes), gratinated",196,71,7.4,17.1,2.4,0.7,9,210,29,2.4,3.3,71
X914233,"Pizza quattro stagioni (mit Tomatensauce, Artischocken, Champignons, Paprika, Kochschinken)","Pizza quattro stagioni (mit tomato sauce, artichokes, button mushrooms, sweet pepper, boiled ham)",146,69,5.67,6.11,15.0,3.8,0,283,24,2.4,0.56,6
X911013,"Vollkornpizza mit Tomatensauce, Mozzarella, Tomaten, Zwiebeln, Oliven","Wholemeal pizza with tomato sauce, mozzarella, tomatoes, onions and olives",207,58,7.46,11.2,17.0,3.9,0,354,100,2.4,3.48,13.1
X571453,"Weiße Bohnen gekocht, in Tomatensauce (aus Tomaten Konserve)","Haricot beans boiled, in tomato sauce (of canned tomatoes)",83,83,4.4,2.1,9.0,4.5,0,43,25,1.2,0.18,0.031
X551363,"Auberginenscheiben gebraten, mit Tomatensauce (aus Tomaten Konserve) und Käse überbacken","Aubergine slices fried, with tomato sauce (of canned tomatoes) and cheese gratinated",154,74,4.4,12.2,5.5,1.6,0.1,310,100,3.7,3,12
X915333,"Pizza marinara (mit Tomatensauce, Mozzarella, Meeresfrüchten)","Pizza marinara (with tomato sauce, mozzarella, shellfish)",212,61,9.01,12.4,15.0,1.6,0,313,99,1.2,3.4,61
X915113,"Pizza siciliana (mit Tomatensauce, Mozzarella, Anchovis, Oliven)","Pizza siciliana (with tomato sauce, mozzarella, anchovies, olives)",233,57,8.4,14.1,17.0,1.8,3,747,111,1.4,4.21,24
X912363,"Pizza Napoli (mit Tomatensauce, Mozzarella, Sardellenfilets, Oliven, Kapern)","Pizza Napoli (with tomato sauce, mozzarella, anchovy fillets, olives, capers)",224,58,7.84,13.4,17.0,1.8,1,683,109,1.4,4,22
X9A5020,"Pizza Spezial (mit Tomatensauce, Mozzarella, Schinken, Salami)","Pizza special (with tomato sauce, mozzarella, ham, salami)",247,54,12.98,14.48,15.0,1.5,0,484,90,1.3,4.77,34
X912133,"Pizza al funghi (mit Tomatensauce, Champignons, Mozzarella)","Pizza al funghi (with tomato sauce, button mushrooms, mozzarella)",202,62,7.29,11.24,17.0,2,0,236,93,1.3,3.46,13.5
X912412,"Pizza Prosciutto (mit Tomatensauce, Kochschinken, Mozzarella)","Pizza prosciutto (with tomato sauce, boiled ham, mozzarella)",224,57,11.36,12.17,16.0,1.6,0,402,95,1.5,3.81,27
X914133,"Pizza Salame (mit Tomatensauce, Mozzarella, Salami, Oliven, Peperoni)","Pizza salame (with tomato sauce, mozzarellea, salami, olives, peperoni)",251,55,9.6,16,16.0,1.7,0,407,101,1.4,5.22,24.7
X9A5010,"Pizza Hawaii (mit Tomatensauce, Mozzarella, Ananas, Schinken)","Pizza Hawaii (with tomato sauce, mozzarella, pineapple, ham)",207,60,9.89,10.52,17.0,1.6,0,348,84,3.9,3.28,23
X915233,"Pizza tonno (mit Tomatensauce, Mozzarella, Thunfisch, Sardellen, Oliven, Zwiebeln)","Pizza tonno (with tomato sauce, mozzarella, tuna, anchovies, olives, onions)",228,57,11.16,13.3,15.0,1.6,1,611,96,1.4,3.7,26
